unit_id,treated,propensity_score,id,scenario,min_control_score,max_control_score,min_treated_score,max_treated_score,common_support_min,common_support_max,in_common_support
0,1,0.7588066354068234,0,A,0.060752846362695366,0.9009652953303829,0.07908083840948635,0.9329592927893035,0.07908083840948635,0.9009652953303829,True
1,0,0.3105186170550677,1,A,0.060752846362695366,0.9009652953303829,0.07908083840948635,0.9329592927893035,0.07908083840948635,0.9009652953303829,True
2,0,0.2471182546700766,2,A,0.060752846362695366,0.9009652953303829,0.07908083840948635,0.9329592927893035,0.07908083840948635,0.9009652953303829,True
3,1,0.6056179646109063,3,A,0.060752846362695366,0.9009652953303829,0.07908083840948635,0.9329592927893035,0.07908083840948635,0.9009652953303829,True
4,1,0.7853694252442187,4,A,0.060752846362695366,0.9009652953303829,0.07908083840948635,0.9329592927893035,0.07908083840948635,0.9009652953303829,True
5,1,0.3480508246856335,5,A,0.060752846362695366,0.9009652953303829,0.07908083840948635,0.9329592927893035,0.07908083840948635,0.9009652953303829,True
6,0,0.3575517920055333,6,A,0.060752846362695366,0.9009652953303829,0.07908083840948635,0.9329592927893035,0.07908083840948635,0.9009652953303829,True
7,1,0.8485863488971953,7,A,0.060752846362695366,0.9009652953303829,0.07908083840948635,0.9329592927893035,0.07908083840948635,0.9009652953303829,True
8,1,0.7465949839370887,8,A,0.060752846362695366,0.9009652953303829,0.07908083840948635,0.9329592927893035,0.07908083840948635,0.9009652953303829,True
9,0,0.35137416507638675,9,A,0.060752846362695366,0.9009652953303829,0.07908083840948635,0.9329592927893035,0.07908083840948635,0.9009652953303829,True
10,1,0.5475921311186952,10,A,0.060752846362695366,0.9009652953303829,0.07908083840948635,0.9329592927893035,0.07908083840948635,0.9009652953303829,True
11,0,0.3726327967823551,11,A,0.060752846362695366,0.9009652953303829,0.07908083840948635,0.9329592927893035,0.07908083840948635,0.9009652953303829,True
12,1,0.3250439700403407,12,A,0.060752846362695366,0.9009652953303829,0.07908083840948635,0.9329592927893035,0.07908083840948635,0.9009652953303829,True
13,1,0.7208754996973814,13,A,0.060752846362695366,0.9009652953303829,0.07908083840948635,0.9329592927893035,0.07908083840948635,0.9009652953303829,True
14,0,0.19222528914835738,14,A,0.060752846362695366,0.9009652953303829,0.07908083840948635,0.9329592927893035,0.07908083840948635,0.9009652953303829,True
15,1,0.6634171532620469,15,A,0.060752846362695366,0.9009652953303829,0.07908083840948635,0.9329592927893035,0.07908083840948635,0.9009652953303829,True
16,0,0.4049337923938081,16,A,0.060752846362695366,0.9009652953303829,0.07908083840948635,0.9329592927893035,0.07908083840948635,0.9009652953303829,True
17,1,0.42729050311756295,17,A,0.060752846362695366,0.9009652953303829,0.07908083840948635,0.9329592927893035,0.07908083840948635,0.9009652953303829,True
18,1,0.7076143908772851,18,A,0.060752846362695366,0.9009652953303829,0.07908083840948635,0.9329592927893035,0.07908083840948635,0.9009652953303829,True
19,1,0.37198510815037633,19,A,0.060752846362695366,0.9009652953303829,0.07908083840948635,0.9329592927893035,0.07908083840948635,0.9009652953303829,True
20,0,0.14479725026811502,20,A,0.060752846362695366,0.9009652953303829,0.07908083840948635,0.9329592927893035,0.07908083840948635,0.9009652953303829,True
21,1,0.5382692866779601,21,A,0.060752846362695366,0.9009652953303829,0.07908083840948635,0.9329592927893035,0.07908083840948635,0.9009652953303829,True
22,0,0.5445741015092376,22,A,0.060752846362695366,0.9009652953303829,0.07908083840948635,0.9329592927893035,0.07908083840948635,0.9009652953303829,True
23,1,0.5399746583963464,23,A,0.060752846362695366,0.9009652953303829,0.07908083840948635,0.9329592927893035,0.07908083840948635,0.9009652953303829,True
24,1,0.6735031938676657,24,A,0.060752846362695366,0.9009652953303829,0.07908083840948635,0.9329592927893035,0.07908083840948635,0.9009652953303829,True
25,1,0.3846103482142238,25,A,0.060752846362695366,0.9009652953303829,0.07908083840948635,0.9329592927893035,0.07908083840948635,0.9009652953303829,True
26,0,0.4870576033380331,26,A,0.060752846362695366,0.9009652953303829,0.07908083840948635,0.9329592927893035,0.07908083840948635,0.9009652953303829,True
27,0,0.2909149601587554,27,A,0.060752846362695366,0.9009652953303829,0.07908083840948635,0.9329592927893035,0.07908083840948635,0.9009652953303829,True
28,1,0.591827779580496,28,A,0.060752846362695366,0.9009652953303829,0.07908083840948635,0.9329592927893035,0.07908083840948635,0.9009652953303829,True
29,0,0.34728417576019904,29,A,0.060752846362695366,0.9009652953303829,0.07908083840948635,0.9329592927893035,0.07908083840948635,0.9009652953303829,True
30,1,0.6695657027030638,30,A,0.060752846362695366,0.9009652953303829,0.07908083840948635,0.9329592927893035,0.07908083840948635,0.9009652953303829,True
31,1,0.45580497016042143,31,A,0.060752846362695366,0.9009652953303829,0.07908083840948635,0.9329592927893035,0.07908083840948635,0.9009652953303829,True
32,0,0.42907433170035225,32,A,0.060752846362695366,0.9009652953303829,0.07908083840948635,0.9329592927893035,0.07908083840948635,0.9009652953303829,True
33,1,0.8452912760129596,33,A,0.060752846362695366,0.9009652953303829,0.07908083840948635,0.9329592927893035,0.07908083840948635,0.9009652953303829,True
34,0,0.13673299647891018,34,A,0.060752846362695366,0.9009652953303829,0.07908083840948635,0.9329592927893035,0.07908083840948635,0.9009652953303829,True
35,1,0.6632226789987385,35,A,0.060752846362695366,0.9009652953303829,0.07908083840948635,0.9329592927893035,0.07908083840948635,0.9009652953303829,True
36,1,0.3755893185961746,36,A,0.060752846362695366,0.9009652953303829,0.07908083840948635,0.9329592927893035,0.07908083840948635,0.9009652953303829,True
37,0,0.2994373876884531,37,A,0.060752846362695366,0.9009652953303829,0.07908083840948635,0.9329592927893035,0.07908083840948635,0.9009652953303829,True
38,0,0.31408217182203757,38,A,0.060752846362695366,0.9009652953303829,0.07908083840948635,0.9329592927893035,0.07908083840948635,0.9009652953303829,True
39,0,0.716990503372116,39,A,0.060752846362695366,0.9009652953303829,0.07908083840948635,0.9329592927893035,0.07908083840948635,0.9009652953303829,True
40,0,0.5846046204421117,40,A,0.060752846362695366,0.9009652953303829,0.07908083840948635,0.9329592927893035,0.07908083840948635,0.9009652953303829,True
41,0,0.20272117393508804,41,A,0.060752846362695366,0.9009652953303829,0.07908083840948635,0.9329592927893035,0.07908083840948635,0.9009652953303829,True
42,1,0.4675164048317788,42,A,0.060752846362695366,0.9009652953303829,0.07908083840948635,0.9329592927893035,0.07908083840948635,0.9009652953303829,True
43,0,0.29735730251281417,43,A,0.060752846362695366,0.9009652953303829,0.07908083840948635,0.9329592927893035,0.07908083840948635,0.9009652953303829,True
44,0,0.6114306069986818,44,A,0.060752846362695366,0.9009652953303829,0.07908083840948635,0.9329592927893035,0.07908083840948635,0.9009652953303829,True
45,0,0.3009135813828836,45,A,0.060752846362695366,0.9009652953303829,0.07908083840948635,0.9329592927893035,0.07908083840948635,0.9009652953303829,True
46,1,0.22178444158892927,46,A,0.060752846362695366,0.9009652953303829,0.07908083840948635,0.9329592927893035,0.07908083840948635,0.9009652953303829,True
47,1,0.4527065940157155,47,A,0.060752846362695366,0.9009652953303829,0.07908083840948635,0.9329592927893035,0.07908083840948635,0.9009652953303829,True
48,0,0.5541657686525037,48,A,0.060752846362695366,0.9009652953303829,0.07908083840948635,0.9329592927893035,0.07908083840948635,0.9009652953303829,True
49,1,0.41343265872115886,49,A,0.060752846362695366,0.9009652953303829,0.07908083840948635,0.9329592927893035,0.07908083840948635,0.9009652953303829,True
50,0,0.6032890084579197,50,A,0.060752846362695366,0.9009652953303829,0.07908083840948635,0.9329592927893035,0.07908083840948635,0.9009652953303829,True
51,1,0.5129076414057429,51,A,0.060752846362695366,0.9009652953303829,0.07908083840948635,0.9329592927893035,0.07908083840948635,0.9009652953303829,True
52,1,0.6098235388235517,52,A,0.060752846362695366,0.9009652953303829,0.07908083840948635,0.9329592927893035,0.07908083840948635,0.9009652953303829,True
53,1,0.36526244547629755,53,A,0.060752846362695366,0.9009652953303829,0.07908083840948635,0.9329592927893035,0.07908083840948635,0.9009652953303829,True
54,0,0.25753072136714794,54,A,0.060752846362695366,0.9009652953303829,0.07908083840948635,0.9329592927893035,0.07908083840948635,0.9009652953303829,True
55,1,0.5432916587713308,55,A,0.060752846362695366,0.9009652953303829,0.07908083840948635,0.9329592927893035,0.07908083840948635,0.9009652953303829,True
56,1,0.32014023608538,56,A,0.060752846362695366,0.9009652953303829,0.07908083840948635,0.9329592927893035,0.07908083840948635,0.9009652953303829,True
57,1,0.4007008636137848,57,A,0.060752846362695366,0.9009652953303829,0.07908083840948635,0.9329592927893035,0.07908083840948635,0.9009652953303829,True
58,1,0.3137872106032903,58,A,0.060752846362695366,0.9009652953303829,0.07908083840948635,0.9329592927893035,0.07908083840948635,0.9009652953303829,True
59,0,0.08349963142116121,59,A,0.060752846362695366,0.9009652953303829,0.07908083840948635,0.9329592927893035,0.07908083840948635,0.9009652953303829,True
60,1,0.6514621407465145,60,A,0.060752846362695366,0.9009652953303829,0.07908083840948635,0.9329592927893035,0.07908083840948635,0.9009652953303829,True
61,1,0.36313080736233866,61,A,0.060752846362695366,0.9009652953303829,0.07908083840948635,0.9329592927893035,0.07908083840948635,0.9009652953303829,True
62,0,0.4272824600166629,62,A,0.060752846362695366,0.9009652953303829,0.07908083840948635,0.9329592927893035,0.07908083840948635,0.9009652953303829,True
63,0,0.27843288048155684,63,A,0.060752846362695366,0.9009652953303829,0.07908083840948635,0.9329592927893035,0.07908083840948635,0.9009652953303829,True
64,0,0.3962451232731572,64,A,0.060752846362695366,0.9009652953303829,0.07908083840948635,0.9329592927893035,0.07908083840948635,0.9009652953303829,True
65,1,0.7590323194208491,65,A,0.060752846362695366,0.9009652953303829,0.07908083840948635,0.9329592927893035,0.07908083840948635,0.9009652953303829,True
66,1,0.3469862474311616,66,A,0.060752846362695366,0.9009652953303829,0.07908083840948635,0.9329592927893035,0.07908083840948635,0.9009652953303829,True
67,1,0.6163783637375737,67,A,0.060752846362695366,0.9009652953303829,0.07908083840948635,0.9329592927893035,0.07908083840948635,0.9009652953303829,True
68,1,0.7407118522462754,68,A,0.060752846362695366,0.9009652953303829,0.07908083840948635,0.9329592927893035,0.07908083840948635,0.9009652953303829,True
69,0,0.7948659309934362,69,A,0.060752846362695366,0.9009652953303829,0.07908083840948635,0.9329592927893035,0.07908083840948635,0.9009652953303829,True
70,1,0.5544108215622073,70,A,0.060752846362695366,0.9009652953303829,0.07908083840948635,0.9329592927893035,0.07908083840948635,0.9009652953303829,True
71,0,0.4002920233909557,71,A,0.060752846362695366,0.9009652953303829,0.07908083840948635,0.9329592927893035,0.07908083840948635,0.9009652953303829,True
72,0,0.41394737276100857,72,A,0.060752846362695366,0.9009652953303829,0.07908083840948635,0.9329592927893035,0.07908083840948635,0.9009652953303829,True
73,0,0.2531815084124765,73,A,0.060752846362695366,0.9009652953303829,0.07908083840948635,0.9329592927893035,0.07908083840948635,0.9009652953303829,True
74,0,0.3663296254792536,74,A,0.060752846362695366,0.9009652953303829,0.07908083840948635,0.9329592927893035,0.07908083840948635,0.9009652953303829,True
75,0,0.6367416983400024,75,A,0.060752846362695366,0.9009652953303829,0.07908083840948635,0.9329592927893035,0.07908083840948635,0.9009652953303829,True
76,0,0.6504941383641247,76,A,0.060752846362695366,0.9009652953303829,0.07908083840948635,0.9329592927893035,0.07908083840948635,0.9009652953303829,True
77,0,0.3706285349590536,77,A,0.060752846362695366,0.9009652953303829,0.07908083840948635,0.9329592927893035,0.07908083840948635,0.9009652953303829,True
78,0,0.5589871004421764,78,A,0.060752846362695366,0.9009652953303829,0.07908083840948635,0.9329592927893035,0.07908083840948635,0.9009652953303829,True
79,1,0.4931427007750006,79,A,0.060752846362695366,0.9009652953303829,0.07908083840948635,0.9329592927893035,0.07908083840948635,0.9009652953303829,True
80,0,0.24350658949957726,80,A,0.060752846362695366,0.9009652953303829,0.07908083840948635,0.9329592927893035,0.07908083840948635,0.9009652953303829,True
81,0,0.5231417959571422,81,A,0.060752846362695366,0.9009652953303829,0.07908083840948635,0.9329592927893035,0.07908083840948635,0.9009652953303829,True
82,0,0.8709639624577391,82,A,0.060752846362695366,0.9009652953303829,0.07908083840948635,0.9329592927893035,0.07908083840948635,0.9009652953303829,True
83,0,0.4384903793611186,83,A,0.060752846362695366,0.9009652953303829,0.07908083840948635,0.9329592927893035,0.07908083840948635,0.9009652953303829,True
84,0,0.44716296457942245,84,A,0.060752846362695366,0.9009652953303829,0.07908083840948635,0.9329592927893035,0.07908083840948635,0.9009652953303829,True
85,1,0.6521755144260055,85,A,0.060752846362695366,0.9009652953303829,0.07908083840948635,0.9329592927893035,0.07908083840948635,0.9009652953303829,True
86,0,0.40246771230594347,86,A,0.060752846362695366,0.9009652953303829,0.07908083840948635,0.9329592927893035,0.07908083840948635,0.9009652953303829,True
87,1,0.6564656392818796,87,A,0.060752846362695366,0.9009652953303829,0.07908083840948635,0.9329592927893035,0.07908083840948635,0.9009652953303829,True
88,1,0.2996099612991479,88,A,0.060752846362695366,0.9009652953303829,0.07908083840948635,0.9329592927893035,0.07908083840948635,0.9009652953303829,True
89,1,0.648110122831991,89,A,0.060752846362695366,0.9009652953303829,0.07908083840948635,0.9329592927893035,0.07908083840948635,0.9009652953303829,True
90,1,0.5931859756745713,90,A,0.060752846362695366,0.9009652953303829,0.07908083840948635,0.9329592927893035,0.07908083840948635,0.9009652953303829,True
91,0,0.359748925877303,91,A,0.060752846362695366,0.9009652953303829,0.07908083840948635,0.9329592927893035,0.07908083840948635,0.9009652953303829,True
92,0,0.3758000008852736,92,A,0.060752846362695366,0.9009652953303829,0.07908083840948635,0.9329592927893035,0.07908083840948635,0.9009652953303829,True
93,1,0.8176707183818958,93,A,0.060752846362695366,0.9009652953303829,0.07908083840948635,0.9329592927893035,0.07908083840948635,0.9009652953303829,True
94,1,0.5550611283509551,94,A,0.060752846362695366,0.9009652953303829,0.07908083840948635,0.9329592927893035,0.07908083840948635,0.9009652953303829,True
95,1,0.6609155952259056,95,A,0.060752846362695366,0.9009652953303829,0.07908083840948635,0.9329592927893035,0.07908083840948635,0.9009652953303829,True
96,0,0.1555449534678739,96,A,0.060752846362695366,0.9009652953303829,0.07908083840948635,0.9329592927893035,0.07908083840948635,0.9009652953303829,True
97,1,0.8651072904432839,97,A,0.060752846362695366,0.9009652953303829,0.07908083840948635,0.9329592927893035,0.07908083840948635,0.9009652953303829,True
98,1,0.3854762221660947,98,A,0.060752846362695366,0.9009652953303829,0.07908083840948635,0.9329592927893035,0.07908083840948635,0.9009652953303829,True
99,0,0.5001835142478439,99,A,0.060752846362695366,0.9009652953303829,0.07908083840948635,0.9329592927893035,0.07908083840948635,0.9009652953303829,True
100,1,0.37193084834778506,100,A,0.060752846362695366,0.9009652953303829,0.07908083840948635,0.9329592927893035,0.07908083840948635,0.9009652953303829,True
101,0,0.13506905885597867,101,A,0.060752846362695366,0.9009652953303829,0.07908083840948635,0.9329592927893035,0.07908083840948635,0.9009652953303829,True
102,0,0.28964071558055865,102,A,0.060752846362695366,0.9009652953303829,0.07908083840948635,0.9329592927893035,0.07908083840948635,0.9009652953303829,True
103,0,0.3044748245333793,103,A,0.060752846362695366,0.9009652953303829,0.07908083840948635,0.9329592927893035,0.07908083840948635,0.9009652953303829,True
104,1,0.7792552119814379,104,A,0.060752846362695366,0.9009652953303829,0.07908083840948635,0.9329592927893035,0.07908083840948635,0.9009652953303829,True
105,0,0.7398275111414155,105,A,0.060752846362695366,0.9009652953303829,0.07908083840948635,0.9329592927893035,0.07908083840948635,0.9009652953303829,True
106,0,0.21766980873073255,106,A,0.060752846362695366,0.9009652953303829,0.07908083840948635,0.9329592927893035,0.07908083840948635,0.9009652953303829,True
107,1,0.23036777535824426,107,A,0.060752846362695366,0.9009652953303829,0.07908083840948635,0.9329592927893035,0.07908083840948635,0.9009652953303829,True
108,1,0.8957910595518838,108,A,0.060752846362695366,0.9009652953303829,0.07908083840948635,0.9329592927893035,0.07908083840948635,0.9009652953303829,True
109,1,0.7378016685706297,109,A,0.060752846362695366,0.9009652953303829,0.07908083840948635,0.9329592927893035,0.07908083840948635,0.9009652953303829,True
110,1,0.7475874920066814,110,A,0.060752846362695366,0.9009652953303829,0.07908083840948635,0.9329592927893035,0.07908083840948635,0.9009652953303829,True
111,1,0.10577004360181522,111,A,0.060752846362695366,0.9009652953303829,0.07908083840948635,0.9329592927893035,0.07908083840948635,0.9009652953303829,True
112,1,0.540922991439203,112,A,0.060752846362695366,0.9009652953303829,0.07908083840948635,0.9329592927893035,0.07908083840948635,0.9009652953303829,True
113,1,0.38217278155660983,113,A,0.060752846362695366,0.9009652953303829,0.07908083840948635,0.9329592927893035,0.07908083840948635,0.9009652953303829,True
114,1,0.4336299185503043,114,A,0.060752846362695366,0.9009652953303829,0.07908083840948635,0.9329592927893035,0.07908083840948635,0.9009652953303829,True
115,0,0.2778508880227827,115,A,0.060752846362695366,0.9009652953303829,0.07908083840948635,0.9329592927893035,0.07908083840948635,0.9009652953303829,True
116,0,0.4416711586147917,116,A,0.060752846362695366,0.9009652953303829,0.07908083840948635,0.9329592927893035,0.07908083840948635,0.9009652953303829,True
117,1,0.5091004287513407,117,A,0.060752846362695366,0.9009652953303829,0.07908083840948635,0.9329592927893035,0.07908083840948635,0.9009652953303829,True
118,0,0.4886928780602967,118,A,0.060752846362695366,0.9009652953303829,0.07908083840948635,0.9329592927893035,0.07908083840948635,0.9009652953303829,True
119,1,0.5546351726612407,119,A,0.060752846362695366,0.9009652953303829,0.07908083840948635,0.9329592927893035,0.07908083840948635,0.9009652953303829,True
120,1,0.634629290976277,120,A,0.060752846362695366,0.9009652953303829,0.07908083840948635,0.9329592927893035,0.07908083840948635,0.9009652953303829,True
121,1,0.6951405695762811,121,A,0.060752846362695366,0.9009652953303829,0.07908083840948635,0.9329592927893035,0.07908083840948635,0.9009652953303829,True
122,1,0.39190560293316307,122,A,0.060752846362695366,0.9009652953303829,0.07908083840948635,0.9329592927893035,0.07908083840948635,0.9009652953303829,True
123,1,0.6271711351979147,123,A,0.060752846362695366,0.9009652953303829,0.07908083840948635,0.9329592927893035,0.07908083840948635,0.9009652953303829,True
124,0,0.45256780211865727,124,A,0.060752846362695366,0.9009652953303829,0.07908083840948635,0.9329592927893035,0.07908083840948635,0.9009652953303829,True
125,1,0.5922955476907462,125,A,0.060752846362695366,0.9009652953303829,0.07908083840948635,0.9329592927893035,0.07908083840948635,0.9009652953303829,True
126,1,0.8147417717131366,126,A,0.060752846362695366,0.9009652953303829,0.07908083840948635,0.9329592927893035,0.07908083840948635,0.9009652953303829,True
127,1,0.41417606150450315,127,A,0.060752846362695366,0.9009652953303829,0.07908083840948635,0.9329592927893035,0.07908083840948635,0.9009652953303829,True
128,1,0.49911718371721825,128,A,0.060752846362695366,0.9009652953303829,0.07908083840948635,0.9329592927893035,0.07908083840948635,0.9009652953303829,True
129,1,0.7485113650962772,129,A,0.060752846362695366,0.9009652953303829,0.07908083840948635,0.9329592927893035,0.07908083840948635,0.9009652953303829,True
130,0,0.3632439069910085,130,A,0.060752846362695366,0.9009652953303829,0.07908083840948635,0.9329592927893035,0.07908083840948635,0.9009652953303829,True
131,1,0.565967422463019,131,A,0.060752846362695366,0.9009652953303829,0.07908083840948635,0.9329592927893035,0.07908083840948635,0.9009652953303829,True
132,0,0.23982838822603653,132,A,0.060752846362695366,0.9009652953303829,0.07908083840948635,0.9329592927893035,0.07908083840948635,0.9009652953303829,True
133,0,0.09766275196351391,133,A,0.060752846362695366,0.9009652953303829,0.07908083840948635,0.9329592927893035,0.07908083840948635,0.9009652953303829,True
134,0,0.1684253062257758,134,A,0.060752846362695366,0.9009652953303829,0.07908083840948635,0.9329592927893035,0.07908083840948635,0.9009652953303829,True
135,0,0.255805226417434,135,A,0.060752846362695366,0.9009652953303829,0.07908083840948635,0.9329592927893035,0.07908083840948635,0.9009652953303829,True
136,0,0.452713334836964,136,A,0.060752846362695366,0.9009652953303829,0.07908083840948635,0.9329592927893035,0.07908083840948635,0.9009652953303829,True
137,0,0.7691114349963818,137,A,0.060752846362695366,0.9009652953303829,0.07908083840948635,0.9329592927893035,0.07908083840948635,0.9009652953303829,True
138,1,0.36903572250099087,138,A,0.060752846362695366,0.9009652953303829,0.07908083840948635,0.9329592927893035,0.07908083840948635,0.9009652953303829,True
139,1,0.6614792003503437,139,A,0.060752846362695366,0.9009652953303829,0.07908083840948635,0.9329592927893035,0.07908083840948635,0.9009652953303829,True
140,1,0.40637510983832303,140,A,0.060752846362695366,0.9009652953303829,0.07908083840948635,0.9329592927893035,0.07908083840948635,0.9009652953303829,True
141,0,0.10101388212533534,141,A,0.060752846362695366,0.9009652953303829,0.07908083840948635,0.9329592927893035,0.07908083840948635,0.9009652953303829,True
142,0,0.44582423634694307,142,A,0.060752846362695366,0.9009652953303829,0.07908083840948635,0.9329592927893035,0.07908083840948635,0.9009652953303829,True
143,0,0.4408746870822422,143,A,0.060752846362695366,0.9009652953303829,0.07908083840948635,0.9329592927893035,0.07908083840948635,0.9009652953303829,True
144,1,0.6449909040963443,144,A,0.060752846362695366,0.9009652953303829,0.07908083840948635,0.9329592927893035,0.07908083840948635,0.9009652953303829,True
145,0,0.25494524945701197,145,A,0.060752846362695366,0.9009652953303829,0.07908083840948635,0.9329592927893035,0.07908083840948635,0.9009652953303829,True
146,0,0.4725492326983114,146,A,0.060752846362695366,0.9009652953303829,0.07908083840948635,0.9329592927893035,0.07908083840948635,0.9009652953303829,True
147,0,0.40008620926057076,147,A,0.060752846362695366,0.9009652953303829,0.07908083840948635,0.9329592927893035,0.07908083840948635,0.9009652953303829,True
148,0,0.23127937127135337,148,A,0.060752846362695366,0.9009652953303829,0.07908083840948635,0.9329592927893035,0.07908083840948635,0.9009652953303829,True
149,1,0.5204314927652633,149,A,0.060752846362695366,0.9009652953303829,0.07908083840948635,0.9329592927893035,0.07908083840948635,0.9009652953303829,True
150,0,0.302873941240937,150,A,0.060752846362695366,0.9009652953303829,0.07908083840948635,0.9329592927893035,0.07908083840948635,0.9009652953303829,True
151,0,0.550793633137514,151,A,0.060752846362695366,0.9009652953303829,0.07908083840948635,0.9329592927893035,0.07908083840948635,0.9009652953303829,True
152,0,0.5768756632120482,152,A,0.060752846362695366,0.9009652953303829,0.07908083840948635,0.9329592927893035,0.07908083840948635,0.9009652953303829,True
153,0,0.5261526916844862,153,A,0.060752846362695366,0.9009652953303829,0.07908083840948635,0.9329592927893035,0.07908083840948635,0.9009652953303829,True
154,1,0.6668043048209299,154,A,0.060752846362695366,0.9009652953303829,0.07908083840948635,0.9329592927893035,0.07908083840948635,0.9009652953303829,True
155,0,0.4870638774874744,155,A,0.060752846362695366,0.9009652953303829,0.07908083840948635,0.9329592927893035,0.07908083840948635,0.9009652953303829,True
156,1,0.7516261507282048,156,A,0.060752846362695366,0.9009652953303829,0.07908083840948635,0.9329592927893035,0.07908083840948635,0.9009652953303829,True
157,1,0.6269583410615293,157,A,0.060752846362695366,0.9009652953303829,0.07908083840948635,0.9329592927893035,0.07908083840948635,0.9009652953303829,True
158,1,0.7895393968715706,158,A,0.060752846362695366,0.9009652953303829,0.07908083840948635,0.9329592927893035,0.07908083840948635,0.9009652953303829,True
159,0,0.3881187510135505,159,A,0.060752846362695366,0.9009652953303829,0.07908083840948635,0.9329592927893035,0.07908083840948635,0.9009652953303829,True
160,0,0.591977737778278,160,A,0.060752846362695366,0.9009652953303829,0.07908083840948635,0.9329592927893035,0.07908083840948635,0.9009652953303829,True
161,0,0.6358213437398489,161,A,0.060752846362695366,0.9009652953303829,0.07908083840948635,0.9329592927893035,0.07908083840948635,0.9009652953303829,True
162,1,0.561389021136825,162,A,0.060752846362695366,0.9009652953303829,0.07908083840948635,0.9329592927893035,0.07908083840948635,0.9009652953303829,True
163,0,0.7393149918573014,163,A,0.060752846362695366,0.9009652953303829,0.07908083840948635,0.9329592927893035,0.07908083840948635,0.9009652953303829,True
164,1,0.48400167178762615,164,A,0.060752846362695366,0.9009652953303829,0.07908083840948635,0.9329592927893035,0.07908083840948635,0.9009652953303829,True
165,1,0.5853271287329271,165,A,0.060752846362695366,0.9009652953303829,0.07908083840948635,0.9329592927893035,0.07908083840948635,0.9009652953303829,True
166,0,0.6127652938881152,166,A,0.060752846362695366,0.9009652953303829,0.07908083840948635,0.9329592927893035,0.07908083840948635,0.9009652953303829,True
167,0,0.6809691946990569,167,A,0.060752846362695366,0.9009652953303829,0.07908083840948635,0.9329592927893035,0.07908083840948635,0.9009652953303829,True
168,1,0.6466933400722329,168,A,0.060752846362695366,0.9009652953303829,0.07908083840948635,0.9329592927893035,0.07908083840948635,0.9009652953303829,True
169,1,0.8656322701541567,169,A,0.060752846362695366,0.9009652953303829,0.07908083840948635,0.9329592927893035,0.07908083840948635,0.9009652953303829,True
170,0,0.3774687733448241,170,A,0.060752846362695366,0.9009652953303829,0.07908083840948635,0.9329592927893035,0.07908083840948635,0.9009652953303829,True
171,1,0.3368147101871597,171,A,0.060752846362695366,0.9009652953303829,0.07908083840948635,0.9329592927893035,0.07908083840948635,0.9009652953303829,True
172,0,0.4334716687372198,172,A,0.060752846362695366,0.9009652953303829,0.07908083840948635,0.9329592927893035,0.07908083840948635,0.9009652953303829,True
173,1,0.6816474191657936,173,A,0.060752846362695366,0.9009652953303829,0.07908083840948635,0.9329592927893035,0.07908083840948635,0.9009652953303829,True
174,1,0.8333821460890617,174,A,0.060752846362695366,0.9009652953303829,0.07908083840948635,0.9329592927893035,0.07908083840948635,0.9009652953303829,True
175,0,0.6368448270773635,175,A,0.060752846362695366,0.9009652953303829,0.07908083840948635,0.9329592927893035,0.07908083840948635,0.9009652953303829,True
176,1,0.5615419102695685,176,A,0.060752846362695366,0.9009652953303829,0.07908083840948635,0.9329592927893035,0.07908083840948635,0.9009652953303829,True
177,0,0.24301851470846872,177,A,0.060752846362695366,0.9009652953303829,0.07908083840948635,0.9329592927893035,0.07908083840948635,0.9009652953303829,True
178,0,0.8658292946271032,178,A,0.060752846362695366,0.9009652953303829,0.07908083840948635,0.9329592927893035,0.07908083840948635,0.9009652953303829,True
179,0,0.38475417803799167,179,A,0.060752846362695366,0.9009652953303829,0.07908083840948635,0.9329592927893035,0.07908083840948635,0.9009652953303829,True
180,1,0.8284420938670852,180,A,0.060752846362695366,0.9009652953303829,0.07908083840948635,0.9329592927893035,0.07908083840948635,0.9009652953303829,True
181,1,0.7060295853687002,181,A,0.060752846362695366,0.9009652953303829,0.07908083840948635,0.9329592927893035,0.07908083840948635,0.9009652953303829,True
182,1,0.9329592927893035,182,A,0.060752846362695366,0.9009652953303829,0.07908083840948635,0.9329592927893035,0.07908083840948635,0.9009652953303829,False
183,1,0.6733556576585935,183,A,0.060752846362695366,0.9009652953303829,0.07908083840948635,0.9329592927893035,0.07908083840948635,0.9009652953303829,True
184,1,0.7402926937078712,184,A,0.060752846362695366,0.9009652953303829,0.07908083840948635,0.9329592927893035,0.07908083840948635,0.9009652953303829,True
185,1,0.6152638326812088,185,A,0.060752846362695366,0.9009652953303829,0.07908083840948635,0.9329592927893035,0.07908083840948635,0.9009652953303829,True
186,1,0.6903474871094738,186,A,0.060752846362695366,0.9009652953303829,0.07908083840948635,0.9329592927893035,0.07908083840948635,0.9009652953303829,True
187,0,0.24836543819464935,187,A,0.060752846362695366,0.9009652953303829,0.07908083840948635,0.9329592927893035,0.07908083840948635,0.9009652953303829,True
188,1,0.553214285821416,188,A,0.060752846362695366,0.9009652953303829,0.07908083840948635,0.9329592927893035,0.07908083840948635,0.9009652953303829,True
189,1,0.525065474334597,189,A,0.060752846362695366,0.9009652953303829,0.07908083840948635,0.9329592927893035,0.07908083840948635,0.9009652953303829,True
190,1,0.643216284252615,190,A,0.060752846362695366,0.9009652953303829,0.07908083840948635,0.9329592927893035,0.07908083840948635,0.9009652953303829,True
191,1,0.82787332879063,191,A,0.060752846362695366,0.9009652953303829,0.07908083840948635,0.9329592927893035,0.07908083840948635,0.9009652953303829,True
192,1,0.6875021243493602,192,A,0.060752846362695366,0.9009652953303829,0.07908083840948635,0.9329592927893035,0.07908083840948635,0.9009652953303829,True
193,0,0.7870386896790866,193,A,0.060752846362695366,0.9009652953303829,0.07908083840948635,0.9329592927893035,0.07908083840948635,0.9009652953303829,True
194,0,0.39404614282318934,194,A,0.060752846362695366,0.9009652953303829,0.07908083840948635,0.9329592927893035,0.07908083840948635,0.9009652953303829,True
195,0,0.19090117719230254,195,A,0.060752846362695366,0.9009652953303829,0.07908083840948635,0.9329592927893035,0.07908083840948635,0.9009652953303829,True
196,1,0.7006567809861114,196,A,0.060752846362695366,0.9009652953303829,0.07908083840948635,0.9329592927893035,0.07908083840948635,0.9009652953303829,True
197,0,0.3407293442646066,197,A,0.060752846362695366,0.9009652953303829,0.07908083840948635,0.9329592927893035,0.07908083840948635,0.9009652953303829,True
198,1,0.6132301003812477,198,A,0.060752846362695366,0.9009652953303829,0.07908083840948635,0.9329592927893035,0.07908083840948635,0.9009652953303829,True
199,0,0.318628105433823,199,A,0.060752846362695366,0.9009652953303829,0.07908083840948635,0.9329592927893035,0.07908083840948635,0.9009652953303829,True
200,0,0.526467857956917,200,A,0.060752846362695366,0.9009652953303829,0.07908083840948635,0.9329592927893035,0.07908083840948635,0.9009652953303829,True
201,1,0.5410734771729364,201,A,0.060752846362695366,0.9009652953303829,0.07908083840948635,0.9329592927893035,0.07908083840948635,0.9009652953303829,True
202,1,0.6980356806280693,202,A,0.060752846362695366,0.9009652953303829,0.07908083840948635,0.9329592927893035,0.07908083840948635,0.9009652953303829,True
203,1,0.8694264377445315,203,A,0.060752846362695366,0.9009652953303829,0.07908083840948635,0.9329592927893035,0.07908083840948635,0.9009652953303829,True
204,0,0.29918033278749406,204,A,0.060752846362695366,0.9009652953303829,0.07908083840948635,0.9329592927893035,0.07908083840948635,0.9009652953303829,True
205,0,0.13971582838338795,205,A,0.060752846362695366,0.9009652953303829,0.07908083840948635,0.9329592927893035,0.07908083840948635,0.9009652953303829,True
206,1,0.5089105495921624,206,A,0.060752846362695366,0.9009652953303829,0.07908083840948635,0.9329592927893035,0.07908083840948635,0.9009652953303829,True
207,1,0.7803021753485413,207,A,0.060752846362695366,0.9009652953303829,0.07908083840948635,0.9329592927893035,0.07908083840948635,0.9009652953303829,True
208,1,0.45266687252202104,208,A,0.060752846362695366,0.9009652953303829,0.07908083840948635,0.9329592927893035,0.07908083840948635,0.9009652953303829,True
209,1,0.5617833581956184,209,A,0.060752846362695366,0.9009652953303829,0.07908083840948635,0.9329592927893035,0.07908083840948635,0.9009652953303829,True
210,0,0.09649284244105362,210,A,0.060752846362695366,0.9009652953303829,0.07908083840948635,0.9329592927893035,0.07908083840948635,0.9009652953303829,True
211,1,0.550191650299719,211,A,0.060752846362695366,0.9009652953303829,0.07908083840948635,0.9329592927893035,0.07908083840948635,0.9009652953303829,True
212,1,0.4282697979942731,212,A,0.060752846362695366,0.9009652953303829,0.07908083840948635,0.9329592927893035,0.07908083840948635,0.9009652953303829,True
213,0,0.45245773967576114,213,A,0.060752846362695366,0.9009652953303829,0.07908083840948635,0.9329592927893035,0.07908083840948635,0.9009652953303829,True
214,0,0.47018298031759953,214,A,0.060752846362695366,0.9009652953303829,0.07908083840948635,0.9329592927893035,0.07908083840948635,0.9009652953303829,True
215,0,0.4673213881325612,215,A,0.060752846362695366,0.9009652953303829,0.07908083840948635,0.9329592927893035,0.07908083840948635,0.9009652953303829,True
216,1,0.5389102753433739,216,A,0.060752846362695366,0.9009652953303829,0.07908083840948635,0.9329592927893035,0.07908083840948635,0.9009652953303829,True
217,0,0.5127000306929462,217,A,0.060752846362695366,0.9009652953303829,0.07908083840948635,0.9329592927893035,0.07908083840948635,0.9009652953303829,True
218,0,0.4759394214436513,218,A,0.060752846362695366,0.9009652953303829,0.07908083840948635,0.9329592927893035,0.07908083840948635,0.9009652953303829,True
219,1,0.5721110559068264,219,A,0.060752846362695366,0.9009652953303829,0.07908083840948635,0.9329592927893035,0.07908083840948635,0.9009652953303829,True
220,0,0.2305814634854593,220,A,0.060752846362695366,0.9009652953303829,0.07908083840948635,0.9329592927893035,0.07908083840948635,0.9009652953303829,True
221,1,0.2800671918537859,221,A,0.060752846362695366,0.9009652953303829,0.07908083840948635,0.9329592927893035,0.07908083840948635,0.9009652953303829,True
222,0,0.20660054470651493,222,A,0.060752846362695366,0.9009652953303829,0.07908083840948635,0.9329592927893035,0.07908083840948635,0.9009652953303829,True
223,1,0.5901241877072156,223,A,0.060752846362695366,0.9009652953303829,0.07908083840948635,0.9329592927893035,0.07908083840948635,0.9009652953303829,True
224,0,0.40988667105743987,224,A,0.060752846362695366,0.9009652953303829,0.07908083840948635,0.9329592927893035,0.07908083840948635,0.9009652953303829,True
225,1,0.7168406842243094,225,A,0.060752846362695366,0.9009652953303829,0.07908083840948635,0.9329592927893035,0.07908083840948635,0.9009652953303829,True
226,1,0.5367010272932976,226,A,0.060752846362695366,0.9009652953303829,0.07908083840948635,0.9329592927893035,0.07908083840948635,0.9009652953303829,True
227,0,0.2601810695259592,227,A,0.060752846362695366,0.9009652953303829,0.07908083840948635,0.9329592927893035,0.07908083840948635,0.9009652953303829,True
228,0,0.5314566710711841,228,A,0.060752846362695366,0.9009652953303829,0.07908083840948635,0.9329592927893035,0.07908083840948635,0.9009652953303829,True
229,0,0.4911208544185417,229,A,0.060752846362695366,0.9009652953303829,0.07908083840948635,0.9329592927893035,0.07908083840948635,0.9009652953303829,True
230,0,0.3140764310155893,230,A,0.060752846362695366,0.9009652953303829,0.07908083840948635,0.9329592927893035,0.07908083840948635,0.9009652953303829,True
231,0,0.4935819088169545,231,A,0.060752846362695366,0.9009652953303829,0.07908083840948635,0.9329592927893035,0.07908083840948635,0.9009652953303829,True
232,0,0.4066777561849508,232,A,0.060752846362695366,0.9009652953303829,0.07908083840948635,0.9329592927893035,0.07908083840948635,0.9009652953303829,True
233,1,0.6104939174734896,233,A,0.060752846362695366,0.9009652953303829,0.07908083840948635,0.9329592927893035,0.07908083840948635,0.9009652953303829,True
234,1,0.5985552231927813,234,A,0.060752846362695366,0.9009652953303829,0.07908083840948635,0.9329592927893035,0.07908083840948635,0.9009652953303829,True
235,0,0.5257318266026798,235,A,0.060752846362695366,0.9009652953303829,0.07908083840948635,0.9329592927893035,0.07908083840948635,0.9009652953303829,True
236,0,0.07629175077826884,236,A,0.060752846362695366,0.9009652953303829,0.07908083840948635,0.9329592927893035,0.07908083840948635,0.9009652953303829,False
237,1,0.8335312218124549,237,A,0.060752846362695366,0.9009652953303829,0.07908083840948635,0.9329592927893035,0.07908083840948635,0.9009652953303829,True
238,0,0.3367761783757692,238,A,0.060752846362695366,0.9009652953303829,0.07908083840948635,0.9329592927893035,0.07908083840948635,0.9009652953303829,True
239,1,0.22167900115552927,239,A,0.060752846362695366,0.9009652953303829,0.07908083840948635,0.9329592927893035,0.07908083840948635,0.9009652953303829,True
240,1,0.5631303001040832,240,A,0.060752846362695366,0.9009652953303829,0.07908083840948635,0.9329592927893035,0.07908083840948635,0.9009652953303829,True
241,1,0.5935271275988088,241,A,0.060752846362695366,0.9009652953303829,0.07908083840948635,0.9329592927893035,0.07908083840948635,0.9009652953303829,True
242,0,0.37797763590882677,242,A,0.060752846362695366,0.9009652953303829,0.07908083840948635,0.9329592927893035,0.07908083840948635,0.9009652953303829,True
243,0,0.6732494900194348,243,A,0.060752846362695366,0.9009652953303829,0.07908083840948635,0.9329592927893035,0.07908083840948635,0.9009652953303829,True
244,1,0.24326270136519698,244,A,0.060752846362695366,0.9009652953303829,0.07908083840948635,0.9329592927893035,0.07908083840948635,0.9009652953303829,True
245,0,0.49608545277907473,245,A,0.060752846362695366,0.9009652953303829,0.07908083840948635,0.9329592927893035,0.07908083840948635,0.9009652953303829,True
246,0,0.387336264963302,246,A,0.060752846362695366,0.9009652953303829,0.07908083840948635,0.9329592927893035,0.07908083840948635,0.9009652953303829,True
247,1,0.6473953581576752,247,A,0.060752846362695366,0.9009652953303829,0.07908083840948635,0.9329592927893035,0.07908083840948635,0.9009652953303829,True
248,1,0.5203349519347801,248,A,0.060752846362695366,0.9009652953303829,0.07908083840948635,0.9329592927893035,0.07908083840948635,0.9009652953303829,True
249,1,0.5061651612445258,249,A,0.060752846362695366,0.9009652953303829,0.07908083840948635,0.9329592927893035,0.07908083840948635,0.9009652953303829,True
250,0,0.39701862058536225,250,A,0.060752846362695366,0.9009652953303829,0.07908083840948635,0.9329592927893035,0.07908083840948635,0.9009652953303829,True
251,1,0.5330616385257338,251,A,0.060752846362695366,0.9009652953303829,0.07908083840948635,0.9329592927893035,0.07908083840948635,0.9009652953303829,True
252,1,0.3606693308172041,252,A,0.060752846362695366,0.9009652953303829,0.07908083840948635,0.9329592927893035,0.07908083840948635,0.9009652953303829,True
253,0,0.6379667517980419,253,A,0.060752846362695366,0.9009652953303829,0.07908083840948635,0.9329592927893035,0.07908083840948635,0.9009652953303829,True
254,0,0.5855101183423068,254,A,0.060752846362695366,0.9009652953303829,0.07908083840948635,0.9329592927893035,0.07908083840948635,0.9009652953303829,True
255,1,0.5582552920305751,255,A,0.060752846362695366,0.9009652953303829,0.07908083840948635,0.9329592927893035,0.07908083840948635,0.9009652953303829,True
256,1,0.35509380119248846,256,A,0.060752846362695366,0.9009652953303829,0.07908083840948635,0.9329592927893035,0.07908083840948635,0.9009652953303829,True
257,1,0.810164227146794,257,A,0.060752846362695366,0.9009652953303829,0.07908083840948635,0.9329592927893035,0.07908083840948635,0.9009652953303829,True
258,0,0.6160370941321465,258,A,0.060752846362695366,0.9009652953303829,0.07908083840948635,0.9329592927893035,0.07908083840948635,0.9009652953303829,True
259,0,0.3599078162407919,259,A,0.060752846362695366,0.9009652953303829,0.07908083840948635,0.9329592927893035,0.07908083840948635,0.9009652953303829,True
260,1,0.6472145253359463,260,A,0.060752846362695366,0.9009652953303829,0.07908083840948635,0.9329592927893035,0.07908083840948635,0.9009652953303829,True
261,1,0.7192522709644849,261,A,0.060752846362695366,0.9009652953303829,0.07908083840948635,0.9329592927893035,0.07908083840948635,0.9009652953303829,True
262,0,0.4084019873350885,262,A,0.060752846362695366,0.9009652953303829,0.07908083840948635,0.9329592927893035,0.07908083840948635,0.9009652953303829,True
263,0,0.37041954861109,263,A,0.060752846362695366,0.9009652953303829,0.07908083840948635,0.9329592927893035,0.07908083840948635,0.9009652953303829,True
264,1,0.8165502568425949,264,A,0.060752846362695366,0.9009652953303829,0.07908083840948635,0.9329592927893035,0.07908083840948635,0.9009652953303829,True
265,0,0.6876952695369926,265,A,0.060752846362695366,0.9009652953303829,0.07908083840948635,0.9329592927893035,0.07908083840948635,0.9009652953303829,True
266,1,0.1924940659701989,266,A,0.060752846362695366,0.9009652953303829,0.07908083840948635,0.9329592927893035,0.07908083840948635,0.9009652953303829,True
267,1,0.6651532700486655,267,A,0.060752846362695366,0.9009652953303829,0.07908083840948635,0.9329592927893035,0.07908083840948635,0.9009652953303829,True
268,1,0.556702230128751,268,A,0.060752846362695366,0.9009652953303829,0.07908083840948635,0.9329592927893035,0.07908083840948635,0.9009652953303829,True
269,0,0.2604180017051449,269,A,0.060752846362695366,0.9009652953303829,0.07908083840948635,0.9329592927893035,0.07908083840948635,0.9009652953303829,True
270,1,0.6230327254410083,270,A,0.060752846362695366,0.9009652953303829,0.07908083840948635,0.9329592927893035,0.07908083840948635,0.9009652953303829,True
271,1,0.5518397608940468,271,A,0.060752846362695366,0.9009652953303829,0.07908083840948635,0.9329592927893035,0.07908083840948635,0.9009652953303829,True
272,0,0.13828560685099778,272,A,0.060752846362695366,0.9009652953303829,0.07908083840948635,0.9329592927893035,0.07908083840948635,0.9009652953303829,True
273,1,0.71854736014234,273,A,0.060752846362695366,0.9009652953303829,0.07908083840948635,0.9329592927893035,0.07908083840948635,0.9009652953303829,True
274,1,0.9100392712258066,274,A,0.060752846362695366,0.9009652953303829,0.07908083840948635,0.9329592927893035,0.07908083840948635,0.9009652953303829,False
275,0,0.37018346084630405,275,A,0.060752846362695366,0.9009652953303829,0.07908083840948635,0.9329592927893035,0.07908083840948635,0.9009652953303829,True
276,0,0.5856012797148401,276,A,0.060752846362695366,0.9009652953303829,0.07908083840948635,0.9329592927893035,0.07908083840948635,0.9009652953303829,True
277,0,0.2645971315250031,277,A,0.060752846362695366,0.9009652953303829,0.07908083840948635,0.9329592927893035,0.07908083840948635,0.9009652953303829,True
278,0,0.6506099792987696,278,A,0.060752846362695366,0.9009652953303829,0.07908083840948635,0.9329592927893035,0.07908083840948635,0.9009652953303829,True
279,0,0.3387924302359551,279,A,0.060752846362695366,0.9009652953303829,0.07908083840948635,0.9329592927893035,0.07908083840948635,0.9009652953303829,True
280,1,0.2669309148516159,280,A,0.060752846362695366,0.9009652953303829,0.07908083840948635,0.9329592927893035,0.07908083840948635,0.9009652953303829,True
281,0,0.3357944965943401,281,A,0.060752846362695366,0.9009652953303829,0.07908083840948635,0.9329592927893035,0.07908083840948635,0.9009652953303829,True
282,0,0.6880743041612986,282,A,0.060752846362695366,0.9009652953303829,0.07908083840948635,0.9329592927893035,0.07908083840948635,0.9009652953303829,True
283,1,0.5415160440633892,283,A,0.060752846362695366,0.9009652953303829,0.07908083840948635,0.9329592927893035,0.07908083840948635,0.9009652953303829,True
284,0,0.41495258380498956,284,A,0.060752846362695366,0.9009652953303829,0.07908083840948635,0.9329592927893035,0.07908083840948635,0.9009652953303829,True
285,1,0.5146284675353218,285,A,0.060752846362695366,0.9009652953303829,0.07908083840948635,0.9329592927893035,0.07908083840948635,0.9009652953303829,True
286,0,0.46399779307279865,286,A,0.060752846362695366,0.9009652953303829,0.07908083840948635,0.9329592927893035,0.07908083840948635,0.9009652953303829,True
287,0,0.49250900323293206,287,A,0.060752846362695366,0.9009652953303829,0.07908083840948635,0.9329592927893035,0.07908083840948635,0.9009652953303829,True
288,0,0.6858104133310147,288,A,0.060752846362695366,0.9009652953303829,0.07908083840948635,0.9329592927893035,0.07908083840948635,0.9009652953303829,True
289,1,0.653689556713066,289,A,0.060752846362695366,0.9009652953303829,0.07908083840948635,0.9329592927893035,0.07908083840948635,0.9009652953303829,True
290,1,0.6886687174179278,290,A,0.060752846362695366,0.9009652953303829,0.07908083840948635,0.9329592927893035,0.07908083840948635,0.9009652953303829,True
291,1,0.47359187950793363,291,A,0.060752846362695366,0.9009652953303829,0.07908083840948635,0.9329592927893035,0.07908083840948635,0.9009652953303829,True
292,1,0.5923758461417339,292,A,0.060752846362695366,0.9009652953303829,0.07908083840948635,0.9329592927893035,0.07908083840948635,0.9009652953303829,True
293,1,0.7227120826737456,293,A,0.060752846362695366,0.9009652953303829,0.07908083840948635,0.9329592927893035,0.07908083840948635,0.9009652953303829,True
294,0,0.4869451950593679,294,A,0.060752846362695366,0.9009652953303829,0.07908083840948635,0.9329592927893035,0.07908083840948635,0.9009652953303829,True
295,1,0.33287787169406574,295,A,0.060752846362695366,0.9009652953303829,0.07908083840948635,0.9329592927893035,0.07908083840948635,0.9009652953303829,True
296,1,0.5752474894346704,296,A,0.060752846362695366,0.9009652953303829,0.07908083840948635,0.9329592927893035,0.07908083840948635,0.9009652953303829,True
297,1,0.833945975607255,297,A,0.060752846362695366,0.9009652953303829,0.07908083840948635,0.9329592927893035,0.07908083840948635,0.9009652953303829,True
298,1,0.419846459568224,298,A,0.060752846362695366,0.9009652953303829,0.07908083840948635,0.9329592927893035,0.07908083840948635,0.9009652953303829,True
299,1,0.7642781891493721,299,A,0.060752846362695366,0.9009652953303829,0.07908083840948635,0.9329592927893035,0.07908083840948635,0.9009652953303829,True
300,0,0.5200862010877828,300,A,0.060752846362695366,0.9009652953303829,0.07908083840948635,0.9329592927893035,0.07908083840948635,0.9009652953303829,True
301,0,0.6584728972369129,301,A,0.060752846362695366,0.9009652953303829,0.07908083840948635,0.9329592927893035,0.07908083840948635,0.9009652953303829,True
302,1,0.7255768153534237,302,A,0.060752846362695366,0.9009652953303829,0.07908083840948635,0.9329592927893035,0.07908083840948635,0.9009652953303829,True
303,1,0.285202794602196,303,A,0.060752846362695366,0.9009652953303829,0.07908083840948635,0.9329592927893035,0.07908083840948635,0.9009652953303829,True
304,1,0.61032184087153,304,A,0.060752846362695366,0.9009652953303829,0.07908083840948635,0.9329592927893035,0.07908083840948635,0.9009652953303829,True
305,0,0.6020536792023566,305,A,0.060752846362695366,0.9009652953303829,0.07908083840948635,0.9329592927893035,0.07908083840948635,0.9009652953303829,True
306,0,0.7357220682777191,306,A,0.060752846362695366,0.9009652953303829,0.07908083840948635,0.9329592927893035,0.07908083840948635,0.9009652953303829,True
307,0,0.42543003912322874,307,A,0.060752846362695366,0.9009652953303829,0.07908083840948635,0.9329592927893035,0.07908083840948635,0.9009652953303829,True
308,0,0.30483984513999185,308,A,0.060752846362695366,0.9009652953303829,0.07908083840948635,0.9329592927893035,0.07908083840948635,0.9009652953303829,True
309,0,0.15543163680184263,309,A,0.060752846362695366,0.9009652953303829,0.07908083840948635,0.9329592927893035,0.07908083840948635,0.9009652953303829,True
310,0,0.3304336353072702,310,A,0.060752846362695366,0.9009652953303829,0.07908083840948635,0.9329592927893035,0.07908083840948635,0.9009652953303829,True
311,1,0.5956227010694984,311,A,0.060752846362695366,0.9009652953303829,0.07908083840948635,0.9329592927893035,0.07908083840948635,0.9009652953303829,True
312,0,0.45076514071021406,312,A,0.060752846362695366,0.9009652953303829,0.07908083840948635,0.9329592927893035,0.07908083840948635,0.9009652953303829,True
313,1,0.40376472422584087,313,A,0.060752846362695366,0.9009652953303829,0.07908083840948635,0.9329592927893035,0.07908083840948635,0.9009652953303829,True
314,0,0.6434825933096415,314,A,0.060752846362695366,0.9009652953303829,0.07908083840948635,0.9329592927893035,0.07908083840948635,0.9009652953303829,True
315,0,0.4311699288444907,315,A,0.060752846362695366,0.9009652953303829,0.07908083840948635,0.9329592927893035,0.07908083840948635,0.9009652953303829,True
316,0,0.17153610560360563,316,A,0.060752846362695366,0.9009652953303829,0.07908083840948635,0.9329592927893035,0.07908083840948635,0.9009652953303829,True
317,1,0.2937409176311466,317,A,0.060752846362695366,0.9009652953303829,0.07908083840948635,0.9329592927893035,0.07908083840948635,0.9009652953303829,True
318,0,0.42944992029290285,318,A,0.060752846362695366,0.9009652953303829,0.07908083840948635,0.9329592927893035,0.07908083840948635,0.9009652953303829,True
319,1,0.49807367873535463,319,A,0.060752846362695366,0.9009652953303829,0.07908083840948635,0.9329592927893035,0.07908083840948635,0.9009652953303829,True
320,0,0.14513010679234936,320,A,0.060752846362695366,0.9009652953303829,0.07908083840948635,0.9329592927893035,0.07908083840948635,0.9009652953303829,True
321,1,0.2502277789043793,321,A,0.060752846362695366,0.9009652953303829,0.07908083840948635,0.9329592927893035,0.07908083840948635,0.9009652953303829,True
322,1,0.5111925882386456,322,A,0.060752846362695366,0.9009652953303829,0.07908083840948635,0.9329592927893035,0.07908083840948635,0.9009652953303829,True
323,1,0.7436302386229193,323,A,0.060752846362695366,0.9009652953303829,0.07908083840948635,0.9329592927893035,0.07908083840948635,0.9009652953303829,True
324,0,0.49540828808995435,324,A,0.060752846362695366,0.9009652953303829,0.07908083840948635,0.9329592927893035,0.07908083840948635,0.9009652953303829,True
325,1,0.5438711244490396,325,A,0.060752846362695366,0.9009652953303829,0.07908083840948635,0.9329592927893035,0.07908083840948635,0.9009652953303829,True
326,1,0.7126219555531935,326,A,0.060752846362695366,0.9009652953303829,0.07908083840948635,0.9329592927893035,0.07908083840948635,0.9009652953303829,True
327,1,0.6929016819576712,327,A,0.060752846362695366,0.9009652953303829,0.07908083840948635,0.9329592927893035,0.07908083840948635,0.9009652953303829,True
328,1,0.8086148395539803,328,A,0.060752846362695366,0.9009652953303829,0.07908083840948635,0.9329592927893035,0.07908083840948635,0.9009652953303829,True
329,1,0.4285580781371942,329,A,0.060752846362695366,0.9009652953303829,0.07908083840948635,0.9329592927893035,0.07908083840948635,0.9009652953303829,True
330,0,0.1448563082206852,330,A,0.060752846362695366,0.9009652953303829,0.07908083840948635,0.9329592927893035,0.07908083840948635,0.9009652953303829,True
331,0,0.46769966702623,331,A,0.060752846362695366,0.9009652953303829,0.07908083840948635,0.9329592927893035,0.07908083840948635,0.9009652953303829,True
332,1,0.8485143781621161,332,A,0.060752846362695366,0.9009652953303829,0.07908083840948635,0.9329592927893035,0.07908083840948635,0.9009652953303829,True
333,0,0.38274336921474156,333,A,0.060752846362695366,0.9009652953303829,0.07908083840948635,0.9329592927893035,0.07908083840948635,0.9009652953303829,True
334,1,0.5905437621864331,334,A,0.060752846362695366,0.9009652953303829,0.07908083840948635,0.9329592927893035,0.07908083840948635,0.9009652953303829,True
335,1,0.6203021389610583,335,A,0.060752846362695366,0.9009652953303829,0.07908083840948635,0.9329592927893035,0.07908083840948635,0.9009652953303829,True
336,1,0.7440969273146223,336,A,0.060752846362695366,0.9009652953303829,0.07908083840948635,0.9329592927893035,0.07908083840948635,0.9009652953303829,True
337,0,0.6453888701275816,337,A,0.060752846362695366,0.9009652953303829,0.07908083840948635,0.9329592927893035,0.07908083840948635,0.9009652953303829,True
338,0,0.49777816230820476,338,A,0.060752846362695366,0.9009652953303829,0.07908083840948635,0.9329592927893035,0.07908083840948635,0.9009652953303829,True
339,0,0.3417297765169134,339,A,0.060752846362695366,0.9009652953303829,0.07908083840948635,0.9329592927893035,0.07908083840948635,0.9009652953303829,True
340,0,0.7071850513310347,340,A,0.060752846362695366,0.9009652953303829,0.07908083840948635,0.9329592927893035,0.07908083840948635,0.9009652953303829,True
341,1,0.6530414607930194,341,A,0.060752846362695366,0.9009652953303829,0.07908083840948635,0.9329592927893035,0.07908083840948635,0.9009652953303829,True
342,0,0.3066935835669227,342,A,0.060752846362695366,0.9009652953303829,0.07908083840948635,0.9329592927893035,0.07908083840948635,0.9009652953303829,True
343,1,0.7000936626468428,343,A,0.060752846362695366,0.9009652953303829,0.07908083840948635,0.9329592927893035,0.07908083840948635,0.9009652953303829,True
344,0,0.7004009751789801,344,A,0.060752846362695366,0.9009652953303829,0.07908083840948635,0.9329592927893035,0.07908083840948635,0.9009652953303829,True
345,1,0.510618684199701,345,A,0.060752846362695366,0.9009652953303829,0.07908083840948635,0.9329592927893035,0.07908083840948635,0.9009652953303829,True
346,0,0.13275828696280065,346,A,0.060752846362695366,0.9009652953303829,0.07908083840948635,0.9329592927893035,0.07908083840948635,0.9009652953303829,True
347,0,0.3725290091867607,347,A,0.060752846362695366,0.9009652953303829,0.07908083840948635,0.9329592927893035,0.07908083840948635,0.9009652953303829,True
348,0,0.5068455637685177,348,A,0.060752846362695366,0.9009652953303829,0.07908083840948635,0.9329592927893035,0.07908083840948635,0.9009652953303829,True
349,1,0.6760958454033388,349,A,0.060752846362695366,0.9009652953303829,0.07908083840948635,0.9329592927893035,0.07908083840948635,0.9009652953303829,True
350,0,0.3288273792439195,350,A,0.060752846362695366,0.9009652953303829,0.07908083840948635,0.9329592927893035,0.07908083840948635,0.9009652953303829,True
351,1,0.5172113641286031,351,A,0.060752846362695366,0.9009652953303829,0.07908083840948635,0.9329592927893035,0.07908083840948635,0.9009652953303829,True
352,1,0.4804551085907468,352,A,0.060752846362695366,0.9009652953303829,0.07908083840948635,0.9329592927893035,0.07908083840948635,0.9009652953303829,True
353,0,0.5314942537615024,353,A,0.060752846362695366,0.9009652953303829,0.07908083840948635,0.9329592927893035,0.07908083840948635,0.9009652953303829,True
354,1,0.5928021909169642,354,A,0.060752846362695366,0.9009652953303829,0.07908083840948635,0.9329592927893035,0.07908083840948635,0.9009652953303829,True
355,0,0.4700069589900816,355,A,0.060752846362695366,0.9009652953303829,0.07908083840948635,0.9329592927893035,0.07908083840948635,0.9009652953303829,True
356,1,0.5034537528141355,356,A,0.060752846362695366,0.9009652953303829,0.07908083840948635,0.9329592927893035,0.07908083840948635,0.9009652953303829,True
357,1,0.5695429195711771,357,A,0.060752846362695366,0.9009652953303829,0.07908083840948635,0.9329592927893035,0.07908083840948635,0.9009652953303829,True
358,0,0.6744632077154812,358,A,0.060752846362695366,0.9009652953303829,0.07908083840948635,0.9329592927893035,0.07908083840948635,0.9009652953303829,True
359,0,0.4154122229606317,359,A,0.060752846362695366,0.9009652953303829,0.07908083840948635,0.9329592927893035,0.07908083840948635,0.9009652953303829,True
360,1,0.5997508297827098,360,A,0.060752846362695366,0.9009652953303829,0.07908083840948635,0.9329592927893035,0.07908083840948635,0.9009652953303829,True
361,1,0.19373299073848116,361,A,0.060752846362695366,0.9009652953303829,0.07908083840948635,0.9329592927893035,0.07908083840948635,0.9009652953303829,True
362,1,0.6300762080753275,362,A,0.060752846362695366,0.9009652953303829,0.07908083840948635,0.9329592927893035,0.07908083840948635,0.9009652953303829,True
363,0,0.2308330962997601,363,A,0.060752846362695366,0.9009652953303829,0.07908083840948635,0.9329592927893035,0.07908083840948635,0.9009652953303829,True
364,0,0.47808406123728836,364,A,0.060752846362695366,0.9009652953303829,0.07908083840948635,0.9329592927893035,0.07908083840948635,0.9009652953303829,True
365,1,0.8748097592421241,365,A,0.060752846362695366,0.9009652953303829,0.07908083840948635,0.9329592927893035,0.07908083840948635,0.9009652953303829,True
366,0,0.2633830927744688,366,A,0.060752846362695366,0.9009652953303829,0.07908083840948635,0.9329592927893035,0.07908083840948635,0.9009652953303829,True
367,1,0.36781485127293634,367,A,0.060752846362695366,0.9009652953303829,0.07908083840948635,0.9329592927893035,0.07908083840948635,0.9009652953303829,True
368,0,0.38734387381099195,368,A,0.060752846362695366,0.9009652953303829,0.07908083840948635,0.9329592927893035,0.07908083840948635,0.9009652953303829,True
369,1,0.41562779446567627,369,A,0.060752846362695366,0.9009652953303829,0.07908083840948635,0.9329592927893035,0.07908083840948635,0.9009652953303829,True
370,1,0.536577567668024,370,A,0.060752846362695366,0.9009652953303829,0.07908083840948635,0.9329592927893035,0.07908083840948635,0.9009652953303829,True
371,1,0.299206521731107,371,A,0.060752846362695366,0.9009652953303829,0.07908083840948635,0.9329592927893035,0.07908083840948635,0.9009652953303829,True
372,0,0.722720024360763,372,A,0.060752846362695366,0.9009652953303829,0.07908083840948635,0.9329592927893035,0.07908083840948635,0.9009652953303829,True
373,1,0.456357962306954,373,A,0.060752846362695366,0.9009652953303829,0.07908083840948635,0.9329592927893035,0.07908083840948635,0.9009652953303829,True
374,0,0.21823268514338212,374,A,0.060752846362695366,0.9009652953303829,0.07908083840948635,0.9329592927893035,0.07908083840948635,0.9009652953303829,True
375,0,0.3335602481561774,375,A,0.060752846362695366,0.9009652953303829,0.07908083840948635,0.9329592927893035,0.07908083840948635,0.9009652953303829,True
376,0,0.4841263612854652,376,A,0.060752846362695366,0.9009652953303829,0.07908083840948635,0.9329592927893035,0.07908083840948635,0.9009652953303829,True
377,0,0.44024705601547043,377,A,0.060752846362695366,0.9009652953303829,0.07908083840948635,0.9329592927893035,0.07908083840948635,0.9009652953303829,True
378,1,0.4930761100674006,378,A,0.060752846362695366,0.9009652953303829,0.07908083840948635,0.9329592927893035,0.07908083840948635,0.9009652953303829,True
379,0,0.3964754931362293,379,A,0.060752846362695366,0.9009652953303829,0.07908083840948635,0.9329592927893035,0.07908083840948635,0.9009652953303829,True
380,0,0.5269100028961402,380,A,0.060752846362695366,0.9009652953303829,0.07908083840948635,0.9329592927893035,0.07908083840948635,0.9009652953303829,True
381,1,0.8539287810722478,381,A,0.060752846362695366,0.9009652953303829,0.07908083840948635,0.9329592927893035,0.07908083840948635,0.9009652953303829,True
382,1,0.36752058773655055,382,A,0.060752846362695366,0.9009652953303829,0.07908083840948635,0.9329592927893035,0.07908083840948635,0.9009652953303829,True
383,0,0.35474835506192853,383,A,0.060752846362695366,0.9009652953303829,0.07908083840948635,0.9329592927893035,0.07908083840948635,0.9009652953303829,True
384,1,0.38454663287571555,384,A,0.060752846362695366,0.9009652953303829,0.07908083840948635,0.9329592927893035,0.07908083840948635,0.9009652953303829,True
385,1,0.28780515359043035,385,A,0.060752846362695366,0.9009652953303829,0.07908083840948635,0.9329592927893035,0.07908083840948635,0.9009652953303829,True
386,1,0.625300115779788,386,A,0.060752846362695366,0.9009652953303829,0.07908083840948635,0.9329592927893035,0.07908083840948635,0.9009652953303829,True
387,1,0.6255219473809435,387,A,0.060752846362695366,0.9009652953303829,0.07908083840948635,0.9329592927893035,0.07908083840948635,0.9009652953303829,True
388,0,0.5848804592242897,388,A,0.060752846362695366,0.9009652953303829,0.07908083840948635,0.9329592927893035,0.07908083840948635,0.9009652953303829,True
389,1,0.11078242801011594,389,A,0.060752846362695366,0.9009652953303829,0.07908083840948635,0.9329592927893035,0.07908083840948635,0.9009652953303829,True
390,0,0.6542874625670853,390,A,0.060752846362695366,0.9009652953303829,0.07908083840948635,0.9329592927893035,0.07908083840948635,0.9009652953303829,True
391,1,0.3329275502760774,391,A,0.060752846362695366,0.9009652953303829,0.07908083840948635,0.9329592927893035,0.07908083840948635,0.9009652953303829,True
392,1,0.23672778168548356,392,A,0.060752846362695366,0.9009652953303829,0.07908083840948635,0.9329592927893035,0.07908083840948635,0.9009652953303829,True
393,0,0.33418110143752416,393,A,0.060752846362695366,0.9009652953303829,0.07908083840948635,0.9329592927893035,0.07908083840948635,0.9009652953303829,True
394,0,0.5059595565362105,394,A,0.060752846362695366,0.9009652953303829,0.07908083840948635,0.9329592927893035,0.07908083840948635,0.9009652953303829,True
395,1,0.20196159834778266,395,A,0.060752846362695366,0.9009652953303829,0.07908083840948635,0.9329592927893035,0.07908083840948635,0.9009652953303829,True
396,0,0.11188997690297435,396,A,0.060752846362695366,0.9009652953303829,0.07908083840948635,0.9329592927893035,0.07908083840948635,0.9009652953303829,True
397,1,0.6408763820188168,397,A,0.060752846362695366,0.9009652953303829,0.07908083840948635,0.9329592927893035,0.07908083840948635,0.9009652953303829,True
398,0,0.4480829304357981,398,A,0.060752846362695366,0.9009652953303829,0.07908083840948635,0.9329592927893035,0.07908083840948635,0.9009652953303829,True
399,0,0.6573953671017109,399,A,0.060752846362695366,0.9009652953303829,0.07908083840948635,0.9329592927893035,0.07908083840948635,0.9009652953303829,True
400,1,0.4148394637548552,400,A,0.060752846362695366,0.9009652953303829,0.07908083840948635,0.9329592927893035,0.07908083840948635,0.9009652953303829,True
401,0,0.36270007589864917,401,A,0.060752846362695366,0.9009652953303829,0.07908083840948635,0.9329592927893035,0.07908083840948635,0.9009652953303829,True
402,1,0.44737518723883657,402,A,0.060752846362695366,0.9009652953303829,0.07908083840948635,0.9329592927893035,0.07908083840948635,0.9009652953303829,True
403,0,0.6449002652349249,403,A,0.060752846362695366,0.9009652953303829,0.07908083840948635,0.9329592927893035,0.07908083840948635,0.9009652953303829,True
404,1,0.6612734016854211,404,A,0.060752846362695366,0.9009652953303829,0.07908083840948635,0.9329592927893035,0.07908083840948635,0.9009652953303829,True
405,0,0.19654787870901053,405,A,0.060752846362695366,0.9009652953303829,0.07908083840948635,0.9329592927893035,0.07908083840948635,0.9009652953303829,True
406,0,0.3023161285713265,406,A,0.060752846362695366,0.9009652953303829,0.07908083840948635,0.9329592927893035,0.07908083840948635,0.9009652953303829,True
407,1,0.6647432794218467,407,A,0.060752846362695366,0.9009652953303829,0.07908083840948635,0.9329592927893035,0.07908083840948635,0.9009652953303829,True
408,1,0.40628845155900173,408,A,0.060752846362695366,0.9009652953303829,0.07908083840948635,0.9329592927893035,0.07908083840948635,0.9009652953303829,True
409,1,0.5851036565705064,409,A,0.060752846362695366,0.9009652953303829,0.07908083840948635,0.9329592927893035,0.07908083840948635,0.9009652953303829,True
410,0,0.40925469440180373,410,A,0.060752846362695366,0.9009652953303829,0.07908083840948635,0.9329592927893035,0.07908083840948635,0.9009652953303829,True
411,1,0.5290415306404397,411,A,0.060752846362695366,0.9009652953303829,0.07908083840948635,0.9329592927893035,0.07908083840948635,0.9009652953303829,True
412,1,0.43459758107572766,412,A,0.060752846362695366,0.9009652953303829,0.07908083840948635,0.9329592927893035,0.07908083840948635,0.9009652953303829,True
413,1,0.36362609921103173,413,A,0.060752846362695366,0.9009652953303829,0.07908083840948635,0.9329592927893035,0.07908083840948635,0.9009652953303829,True
414,0,0.39192608718269906,414,A,0.060752846362695366,0.9009652953303829,0.07908083840948635,0.9329592927893035,0.07908083840948635,0.9009652953303829,True
415,1,0.6679266255555796,415,A,0.060752846362695366,0.9009652953303829,0.07908083840948635,0.9329592927893035,0.07908083840948635,0.9009652953303829,True
416,1,0.8183954781381158,416,A,0.060752846362695366,0.9009652953303829,0.07908083840948635,0.9329592927893035,0.07908083840948635,0.9009652953303829,True
417,1,0.48077440779679237,417,A,0.060752846362695366,0.9009652953303829,0.07908083840948635,0.9329592927893035,0.07908083840948635,0.9009652953303829,True
418,1,0.28084196816112467,418,A,0.060752846362695366,0.9009652953303829,0.07908083840948635,0.9329592927893035,0.07908083840948635,0.9009652953303829,True
419,0,0.685848900963101,419,A,0.060752846362695366,0.9009652953303829,0.07908083840948635,0.9329592927893035,0.07908083840948635,0.9009652953303829,True
420,0,0.2817564609348626,420,A,0.060752846362695366,0.9009652953303829,0.07908083840948635,0.9329592927893035,0.07908083840948635,0.9009652953303829,True
421,0,0.9009652953303829,421,A,0.060752846362695366,0.9009652953303829,0.07908083840948635,0.9329592927893035,0.07908083840948635,0.9009652953303829,True
422,0,0.6663489138610729,422,A,0.060752846362695366,0.9009652953303829,0.07908083840948635,0.9329592927893035,0.07908083840948635,0.9009652953303829,True
423,1,0.5433251619768993,423,A,0.060752846362695366,0.9009652953303829,0.07908083840948635,0.9329592927893035,0.07908083840948635,0.9009652953303829,True
424,0,0.6643401317081228,424,A,0.060752846362695366,0.9009652953303829,0.07908083840948635,0.9329592927893035,0.07908083840948635,0.9009652953303829,True
425,1,0.48155836895917603,425,A,0.060752846362695366,0.9009652953303829,0.07908083840948635,0.9329592927893035,0.07908083840948635,0.9009652953303829,True
426,0,0.3928038794998762,426,A,0.060752846362695366,0.9009652953303829,0.07908083840948635,0.9329592927893035,0.07908083840948635,0.9009652953303829,True
427,1,0.7452521829577177,427,A,0.060752846362695366,0.9009652953303829,0.07908083840948635,0.9329592927893035,0.07908083840948635,0.9009652953303829,True
428,0,0.5485437945158096,428,A,0.060752846362695366,0.9009652953303829,0.07908083840948635,0.9329592927893035,0.07908083840948635,0.9009652953303829,True
429,1,0.33391973918300183,429,A,0.060752846362695366,0.9009652953303829,0.07908083840948635,0.9329592927893035,0.07908083840948635,0.9009652953303829,True
430,1,0.7935381442466864,430,A,0.060752846362695366,0.9009652953303829,0.07908083840948635,0.9329592927893035,0.07908083840948635,0.9009652953303829,True
431,1,0.3741521596380073,431,A,0.060752846362695366,0.9009652953303829,0.07908083840948635,0.9329592927893035,0.07908083840948635,0.9009652953303829,True
432,1,0.7427352951324623,432,A,0.060752846362695366,0.9009652953303829,0.07908083840948635,0.9329592927893035,0.07908083840948635,0.9009652953303829,True
433,0,0.5052866285554053,433,A,0.060752846362695366,0.9009652953303829,0.07908083840948635,0.9329592927893035,0.07908083840948635,0.9009652953303829,True
434,0,0.44627386034814476,434,A,0.060752846362695366,0.9009652953303829,0.07908083840948635,0.9329592927893035,0.07908083840948635,0.9009652953303829,True
435,0,0.3222647344353415,435,A,0.060752846362695366,0.9009652953303829,0.07908083840948635,0.9329592927893035,0.07908083840948635,0.9009652953303829,True
436,1,0.46633515005802006,436,A,0.060752846362695366,0.9009652953303829,0.07908083840948635,0.9329592927893035,0.07908083840948635,0.9009652953303829,True
437,0,0.5853204154521295,437,A,0.060752846362695366,0.9009652953303829,0.07908083840948635,0.9329592927893035,0.07908083840948635,0.9009652953303829,True
438,1,0.3101571093776601,438,A,0.060752846362695366,0.9009652953303829,0.07908083840948635,0.9329592927893035,0.07908083840948635,0.9009652953303829,True
439,0,0.44262633034154364,439,A,0.060752846362695366,0.9009652953303829,0.07908083840948635,0.9329592927893035,0.07908083840948635,0.9009652953303829,True
440,0,0.5337062043962028,440,A,0.060752846362695366,0.9009652953303829,0.07908083840948635,0.9329592927893035,0.07908083840948635,0.9009652953303829,True
441,1,0.41465867490950165,441,A,0.060752846362695366,0.9009652953303829,0.07908083840948635,0.9329592927893035,0.07908083840948635,0.9009652953303829,True
442,1,0.7246065281382741,442,A,0.060752846362695366,0.9009652953303829,0.07908083840948635,0.9329592927893035,0.07908083840948635,0.9009652953303829,True
443,1,0.839681483509696,443,A,0.060752846362695366,0.9009652953303829,0.07908083840948635,0.9329592927893035,0.07908083840948635,0.9009652953303829,True
444,1,0.5210591012637019,444,A,0.060752846362695366,0.9009652953303829,0.07908083840948635,0.9329592927893035,0.07908083840948635,0.9009652953303829,True
445,0,0.22390194514070222,445,A,0.060752846362695366,0.9009652953303829,0.07908083840948635,0.9329592927893035,0.07908083840948635,0.9009652953303829,True
446,0,0.2745727877169032,446,A,0.060752846362695366,0.9009652953303829,0.07908083840948635,0.9329592927893035,0.07908083840948635,0.9009652953303829,True
447,1,0.6243854599702854,447,A,0.060752846362695366,0.9009652953303829,0.07908083840948635,0.9329592927893035,0.07908083840948635,0.9009652953303829,True
448,0,0.1616098403564528,448,A,0.060752846362695366,0.9009652953303829,0.07908083840948635,0.9329592927893035,0.07908083840948635,0.9009652953303829,True
449,1,0.7493210540115176,449,A,0.060752846362695366,0.9009652953303829,0.07908083840948635,0.9329592927893035,0.07908083840948635,0.9009652953303829,True
450,0,0.3624333662146016,450,A,0.060752846362695366,0.9009652953303829,0.07908083840948635,0.9329592927893035,0.07908083840948635,0.9009652953303829,True
451,1,0.551938823376872,451,A,0.060752846362695366,0.9009652953303829,0.07908083840948635,0.9329592927893035,0.07908083840948635,0.9009652953303829,True
452,1,0.8399956079078829,452,A,0.060752846362695366,0.9009652953303829,0.07908083840948635,0.9329592927893035,0.07908083840948635,0.9009652953303829,True
453,1,0.6078666950332988,453,A,0.060752846362695366,0.9009652953303829,0.07908083840948635,0.9329592927893035,0.07908083840948635,0.9009652953303829,True
454,1,0.589421585755312,454,A,0.060752846362695366,0.9009652953303829,0.07908083840948635,0.9329592927893035,0.07908083840948635,0.9009652953303829,True
455,0,0.23579729741843775,455,A,0.060752846362695366,0.9009652953303829,0.07908083840948635,0.9329592927893035,0.07908083840948635,0.9009652953303829,True
456,0,0.6002688501371187,456,A,0.060752846362695366,0.9009652953303829,0.07908083840948635,0.9329592927893035,0.07908083840948635,0.9009652953303829,True
457,1,0.34235010131185273,457,A,0.060752846362695366,0.9009652953303829,0.07908083840948635,0.9329592927893035,0.07908083840948635,0.9009652953303829,True
458,0,0.42565944717965054,458,A,0.060752846362695366,0.9009652953303829,0.07908083840948635,0.9329592927893035,0.07908083840948635,0.9009652953303829,True
459,0,0.23005329156220375,459,A,0.060752846362695366,0.9009652953303829,0.07908083840948635,0.9329592927893035,0.07908083840948635,0.9009652953303829,True
460,0,0.32197061458918347,460,A,0.060752846362695366,0.9009652953303829,0.07908083840948635,0.9329592927893035,0.07908083840948635,0.9009652953303829,True
461,0,0.7408820802807413,461,A,0.060752846362695366,0.9009652953303829,0.07908083840948635,0.9329592927893035,0.07908083840948635,0.9009652953303829,True
462,1,0.7016249703637494,462,A,0.060752846362695366,0.9009652953303829,0.07908083840948635,0.9329592927893035,0.07908083840948635,0.9009652953303829,True
463,0,0.6218761670579823,463,A,0.060752846362695366,0.9009652953303829,0.07908083840948635,0.9329592927893035,0.07908083840948635,0.9009652953303829,True
464,1,0.8565484052083976,464,A,0.060752846362695366,0.9009652953303829,0.07908083840948635,0.9329592927893035,0.07908083840948635,0.9009652953303829,True
465,1,0.46865090608275184,465,A,0.060752846362695366,0.9009652953303829,0.07908083840948635,0.9329592927893035,0.07908083840948635,0.9009652953303829,True
466,1,0.4121294749070905,466,A,0.060752846362695366,0.9009652953303829,0.07908083840948635,0.9329592927893035,0.07908083840948635,0.9009652953303829,True
467,0,0.3110495199580019,467,A,0.060752846362695366,0.9009652953303829,0.07908083840948635,0.9329592927893035,0.07908083840948635,0.9009652953303829,True
468,0,0.4274248252879941,468,A,0.060752846362695366,0.9009652953303829,0.07908083840948635,0.9329592927893035,0.07908083840948635,0.9009652953303829,True
469,1,0.6374354315220102,469,A,0.060752846362695366,0.9009652953303829,0.07908083840948635,0.9329592927893035,0.07908083840948635,0.9009652953303829,True
470,0,0.5247698702179002,470,A,0.060752846362695366,0.9009652953303829,0.07908083840948635,0.9329592927893035,0.07908083840948635,0.9009652953303829,True
471,1,0.7468777742164817,471,A,0.060752846362695366,0.9009652953303829,0.07908083840948635,0.9329592927893035,0.07908083840948635,0.9009652953303829,True
472,1,0.7793609121274977,472,A,0.060752846362695366,0.9009652953303829,0.07908083840948635,0.9329592927893035,0.07908083840948635,0.9009652953303829,True
473,0,0.28263697242797103,473,A,0.060752846362695366,0.9009652953303829,0.07908083840948635,0.9329592927893035,0.07908083840948635,0.9009652953303829,True
474,0,0.2861945609688235,474,A,0.060752846362695366,0.9009652953303829,0.07908083840948635,0.9329592927893035,0.07908083840948635,0.9009652953303829,True
475,1,0.5240918762791305,475,A,0.060752846362695366,0.9009652953303829,0.07908083840948635,0.9329592927893035,0.07908083840948635,0.9009652953303829,True
476,1,0.578918789058977,476,A,0.060752846362695366,0.9009652953303829,0.07908083840948635,0.9329592927893035,0.07908083840948635,0.9009652953303829,True
477,0,0.4883298995253813,477,A,0.060752846362695366,0.9009652953303829,0.07908083840948635,0.9329592927893035,0.07908083840948635,0.9009652953303829,True
478,0,0.23614095492760265,478,A,0.060752846362695366,0.9009652953303829,0.07908083840948635,0.9329592927893035,0.07908083840948635,0.9009652953303829,True
479,0,0.36422094604334365,479,A,0.060752846362695366,0.9009652953303829,0.07908083840948635,0.9329592927893035,0.07908083840948635,0.9009652953303829,True
480,1,0.7182634159032711,480,A,0.060752846362695366,0.9009652953303829,0.07908083840948635,0.9329592927893035,0.07908083840948635,0.9009652953303829,True
481,0,0.3606757249277994,481,A,0.060752846362695366,0.9009652953303829,0.07908083840948635,0.9329592927893035,0.07908083840948635,0.9009652953303829,True
482,0,0.23422645327690556,482,A,0.060752846362695366,0.9009652953303829,0.07908083840948635,0.9329592927893035,0.07908083840948635,0.9009652953303829,True
483,1,0.40864543103728385,483,A,0.060752846362695366,0.9009652953303829,0.07908083840948635,0.9329592927893035,0.07908083840948635,0.9009652953303829,True
484,0,0.15616684069558087,484,A,0.060752846362695366,0.9009652953303829,0.07908083840948635,0.9329592927893035,0.07908083840948635,0.9009652953303829,True
485,1,0.714656258016055,485,A,0.060752846362695366,0.9009652953303829,0.07908083840948635,0.9329592927893035,0.07908083840948635,0.9009652953303829,True
486,1,0.7264121822516358,486,A,0.060752846362695366,0.9009652953303829,0.07908083840948635,0.9329592927893035,0.07908083840948635,0.9009652953303829,True
487,0,0.5493997837107034,487,A,0.060752846362695366,0.9009652953303829,0.07908083840948635,0.9329592927893035,0.07908083840948635,0.9009652953303829,True
488,0,0.22142670816517562,488,A,0.060752846362695366,0.9009652953303829,0.07908083840948635,0.9329592927893035,0.07908083840948635,0.9009652953303829,True
489,0,0.5645437184936004,489,A,0.060752846362695366,0.9009652953303829,0.07908083840948635,0.9329592927893035,0.07908083840948635,0.9009652953303829,True
490,0,0.2263283640579465,490,A,0.060752846362695366,0.9009652953303829,0.07908083840948635,0.9329592927893035,0.07908083840948635,0.9009652953303829,True
491,1,0.5819774701314329,491,A,0.060752846362695366,0.9009652953303829,0.07908083840948635,0.9329592927893035,0.07908083840948635,0.9009652953303829,True
492,0,0.7535220632204961,492,A,0.060752846362695366,0.9009652953303829,0.07908083840948635,0.9329592927893035,0.07908083840948635,0.9009652953303829,True
493,0,0.5068293479242452,493,A,0.060752846362695366,0.9009652953303829,0.07908083840948635,0.9329592927893035,0.07908083840948635,0.9009652953303829,True
494,1,0.3825635588370266,494,A,0.060752846362695366,0.9009652953303829,0.07908083840948635,0.9329592927893035,0.07908083840948635,0.9009652953303829,True
495,1,0.7683711977339327,495,A,0.060752846362695366,0.9009652953303829,0.07908083840948635,0.9329592927893035,0.07908083840948635,0.9009652953303829,True
496,1,0.34985878727889885,496,A,0.060752846362695366,0.9009652953303829,0.07908083840948635,0.9329592927893035,0.07908083840948635,0.9009652953303829,True
497,0,0.25816988993223255,497,A,0.060752846362695366,0.9009652953303829,0.07908083840948635,0.9329592927893035,0.07908083840948635,0.9009652953303829,True
498,1,0.7001853575874948,498,A,0.060752846362695366,0.9009652953303829,0.07908083840948635,0.9329592927893035,0.07908083840948635,0.9009652953303829,True
499,1,0.4039861761970917,499,A,0.060752846362695366,0.9009652953303829,0.07908083840948635,0.9329592927893035,0.07908083840948635,0.9009652953303829,True
500,1,0.8454053920764798,500,A,0.060752846362695366,0.9009652953303829,0.07908083840948635,0.9329592927893035,0.07908083840948635,0.9009652953303829,True
501,0,0.4534700433771799,501,A,0.060752846362695366,0.9009652953303829,0.07908083840948635,0.9329592927893035,0.07908083840948635,0.9009652953303829,True
502,0,0.5547046180267472,502,A,0.060752846362695366,0.9009652953303829,0.07908083840948635,0.9329592927893035,0.07908083840948635,0.9009652953303829,True
503,0,0.5955021697296305,503,A,0.060752846362695366,0.9009652953303829,0.07908083840948635,0.9329592927893035,0.07908083840948635,0.9009652953303829,True
504,0,0.38414492375237075,504,A,0.060752846362695366,0.9009652953303829,0.07908083840948635,0.9329592927893035,0.07908083840948635,0.9009652953303829,True
505,1,0.396168216937981,505,A,0.060752846362695366,0.9009652953303829,0.07908083840948635,0.9329592927893035,0.07908083840948635,0.9009652953303829,True
506,1,0.43247300390271737,506,A,0.060752846362695366,0.9009652953303829,0.07908083840948635,0.9329592927893035,0.07908083840948635,0.9009652953303829,True
507,1,0.38702253074318643,507,A,0.060752846362695366,0.9009652953303829,0.07908083840948635,0.9329592927893035,0.07908083840948635,0.9009652953303829,True
508,0,0.30825577392869635,508,A,0.060752846362695366,0.9009652953303829,0.07908083840948635,0.9329592927893035,0.07908083840948635,0.9009652953303829,True
509,0,0.4818387995479405,509,A,0.060752846362695366,0.9009652953303829,0.07908083840948635,0.9329592927893035,0.07908083840948635,0.9009652953303829,True
510,0,0.16494426501454923,510,A,0.060752846362695366,0.9009652953303829,0.07908083840948635,0.9329592927893035,0.07908083840948635,0.9009652953303829,True
511,1,0.39860293642787,511,A,0.060752846362695366,0.9009652953303829,0.07908083840948635,0.9329592927893035,0.07908083840948635,0.9009652953303829,True
512,1,0.601782100680817,512,A,0.060752846362695366,0.9009652953303829,0.07908083840948635,0.9329592927893035,0.07908083840948635,0.9009652953303829,True
513,1,0.6100491216097749,513,A,0.060752846362695366,0.9009652953303829,0.07908083840948635,0.9329592927893035,0.07908083840948635,0.9009652953303829,True
514,0,0.5063072532605924,514,A,0.060752846362695366,0.9009652953303829,0.07908083840948635,0.9329592927893035,0.07908083840948635,0.9009652953303829,True
515,0,0.6055219536527635,515,A,0.060752846362695366,0.9009652953303829,0.07908083840948635,0.9329592927893035,0.07908083840948635,0.9009652953303829,True
516,0,0.35874854241957727,516,A,0.060752846362695366,0.9009652953303829,0.07908083840948635,0.9329592927893035,0.07908083840948635,0.9009652953303829,True
517,0,0.5350579041122946,517,A,0.060752846362695366,0.9009652953303829,0.07908083840948635,0.9329592927893035,0.07908083840948635,0.9009652953303829,True
518,1,0.8307732380781736,518,A,0.060752846362695366,0.9009652953303829,0.07908083840948635,0.9329592927893035,0.07908083840948635,0.9009652953303829,True
519,0,0.4135692030039638,519,A,0.060752846362695366,0.9009652953303829,0.07908083840948635,0.9329592927893035,0.07908083840948635,0.9009652953303829,True
520,1,0.6159677132653414,520,A,0.060752846362695366,0.9009652953303829,0.07908083840948635,0.9329592927893035,0.07908083840948635,0.9009652953303829,True
521,0,0.17240160358377585,521,A,0.060752846362695366,0.9009652953303829,0.07908083840948635,0.9329592927893035,0.07908083840948635,0.9009652953303829,True
522,1,0.5504430108299383,522,A,0.060752846362695366,0.9009652953303829,0.07908083840948635,0.9329592927893035,0.07908083840948635,0.9009652953303829,True
523,0,0.4757166410785189,523,A,0.060752846362695366,0.9009652953303829,0.07908083840948635,0.9329592927893035,0.07908083840948635,0.9009652953303829,True
524,0,0.6325959586698738,524,A,0.060752846362695366,0.9009652953303829,0.07908083840948635,0.9329592927893035,0.07908083840948635,0.9009652953303829,True
525,0,0.5287733416118959,525,A,0.060752846362695366,0.9009652953303829,0.07908083840948635,0.9329592927893035,0.07908083840948635,0.9009652953303829,True
526,0,0.2182591860469992,526,A,0.060752846362695366,0.9009652953303829,0.07908083840948635,0.9329592927893035,0.07908083840948635,0.9009652953303829,True
527,1,0.48039537023251727,527,A,0.060752846362695366,0.9009652953303829,0.07908083840948635,0.9329592927893035,0.07908083840948635,0.9009652953303829,True
528,1,0.6390451267823989,528,A,0.060752846362695366,0.9009652953303829,0.07908083840948635,0.9329592927893035,0.07908083840948635,0.9009652953303829,True
529,0,0.15226463711237123,529,A,0.060752846362695366,0.9009652953303829,0.07908083840948635,0.9329592927893035,0.07908083840948635,0.9009652953303829,True
530,1,0.4385241881037585,530,A,0.060752846362695366,0.9009652953303829,0.07908083840948635,0.9329592927893035,0.07908083840948635,0.9009652953303829,True
531,0,0.45649328017166946,531,A,0.060752846362695366,0.9009652953303829,0.07908083840948635,0.9329592927893035,0.07908083840948635,0.9009652953303829,True
532,1,0.44762505264859276,532,A,0.060752846362695366,0.9009652953303829,0.07908083840948635,0.9329592927893035,0.07908083840948635,0.9009652953303829,True
533,0,0.558896958495577,533,A,0.060752846362695366,0.9009652953303829,0.07908083840948635,0.9329592927893035,0.07908083840948635,0.9009652953303829,True
534,0,0.4749565785265491,534,A,0.060752846362695366,0.9009652953303829,0.07908083840948635,0.9329592927893035,0.07908083840948635,0.9009652953303829,True
535,1,0.6138176166275947,535,A,0.060752846362695366,0.9009652953303829,0.07908083840948635,0.9329592927893035,0.07908083840948635,0.9009652953303829,True
536,0,0.7316088146523961,536,A,0.060752846362695366,0.9009652953303829,0.07908083840948635,0.9329592927893035,0.07908083840948635,0.9009652953303829,True
537,0,0.328971506336157,537,A,0.060752846362695366,0.9009652953303829,0.07908083840948635,0.9329592927893035,0.07908083840948635,0.9009652953303829,True
538,1,0.5259843518359918,538,A,0.060752846362695366,0.9009652953303829,0.07908083840948635,0.9329592927893035,0.07908083840948635,0.9009652953303829,True
539,0,0.5446443111856218,539,A,0.060752846362695366,0.9009652953303829,0.07908083840948635,0.9329592927893035,0.07908083840948635,0.9009652953303829,True
540,0,0.5912680035747797,540,A,0.060752846362695366,0.9009652953303829,0.07908083840948635,0.9329592927893035,0.07908083840948635,0.9009652953303829,True
541,1,0.42055624878033326,541,A,0.060752846362695366,0.9009652953303829,0.07908083840948635,0.9329592927893035,0.07908083840948635,0.9009652953303829,True
542,0,0.19275103612851635,542,A,0.060752846362695366,0.9009652953303829,0.07908083840948635,0.9329592927893035,0.07908083840948635,0.9009652953303829,True
543,1,0.45237387013046065,543,A,0.060752846362695366,0.9009652953303829,0.07908083840948635,0.9329592927893035,0.07908083840948635,0.9009652953303829,True
544,1,0.8409198103692168,544,A,0.060752846362695366,0.9009652953303829,0.07908083840948635,0.9329592927893035,0.07908083840948635,0.9009652953303829,True
545,0,0.3736403760724705,545,A,0.060752846362695366,0.9009652953303829,0.07908083840948635,0.9329592927893035,0.07908083840948635,0.9009652953303829,True
546,1,0.5982646473072157,546,A,0.060752846362695366,0.9009652953303829,0.07908083840948635,0.9329592927893035,0.07908083840948635,0.9009652953303829,True
547,1,0.4810298129937856,547,A,0.060752846362695366,0.9009652953303829,0.07908083840948635,0.9329592927893035,0.07908083840948635,0.9009652953303829,True
548,0,0.6733476891627714,548,A,0.060752846362695366,0.9009652953303829,0.07908083840948635,0.9329592927893035,0.07908083840948635,0.9009652953303829,True
549,1,0.746321965923056,549,A,0.060752846362695366,0.9009652953303829,0.07908083840948635,0.9329592927893035,0.07908083840948635,0.9009652953303829,True
550,0,0.14298741533890813,550,A,0.060752846362695366,0.9009652953303829,0.07908083840948635,0.9329592927893035,0.07908083840948635,0.9009652953303829,True
551,1,0.6233917642940823,551,A,0.060752846362695366,0.9009652953303829,0.07908083840948635,0.9329592927893035,0.07908083840948635,0.9009652953303829,True
552,1,0.6393348030209229,552,A,0.060752846362695366,0.9009652953303829,0.07908083840948635,0.9329592927893035,0.07908083840948635,0.9009652953303829,True
553,0,0.19676230227834118,553,A,0.060752846362695366,0.9009652953303829,0.07908083840948635,0.9329592927893035,0.07908083840948635,0.9009652953303829,True
554,0,0.27058317609536287,554,A,0.060752846362695366,0.9009652953303829,0.07908083840948635,0.9329592927893035,0.07908083840948635,0.9009652953303829,True
555,0,0.6486638482584816,555,A,0.060752846362695366,0.9009652953303829,0.07908083840948635,0.9329592927893035,0.07908083840948635,0.9009652953303829,True
556,1,0.411746517224119,556,A,0.060752846362695366,0.9009652953303829,0.07908083840948635,0.9329592927893035,0.07908083840948635,0.9009652953303829,True
557,0,0.750924025583275,557,A,0.060752846362695366,0.9009652953303829,0.07908083840948635,0.9329592927893035,0.07908083840948635,0.9009652953303829,True
558,0,0.2879512963777386,558,A,0.060752846362695366,0.9009652953303829,0.07908083840948635,0.9329592927893035,0.07908083840948635,0.9009652953303829,True
559,1,0.4451269357638139,559,A,0.060752846362695366,0.9009652953303829,0.07908083840948635,0.9329592927893035,0.07908083840948635,0.9009652953303829,True
560,1,0.3523179743606199,560,A,0.060752846362695366,0.9009652953303829,0.07908083840948635,0.9329592927893035,0.07908083840948635,0.9009652953303829,True
561,0,0.5131641285919325,561,A,0.060752846362695366,0.9009652953303829,0.07908083840948635,0.9329592927893035,0.07908083840948635,0.9009652953303829,True
562,1,0.5357578573138768,562,A,0.060752846362695366,0.9009652953303829,0.07908083840948635,0.9329592927893035,0.07908083840948635,0.9009652953303829,True
563,0,0.4267910010642561,563,A,0.060752846362695366,0.9009652953303829,0.07908083840948635,0.9329592927893035,0.07908083840948635,0.9009652953303829,True
564,0,0.4226112265862062,564,A,0.060752846362695366,0.9009652953303829,0.07908083840948635,0.9329592927893035,0.07908083840948635,0.9009652953303829,True
565,1,0.11741147523701202,565,A,0.060752846362695366,0.9009652953303829,0.07908083840948635,0.9329592927893035,0.07908083840948635,0.9009652953303829,True
566,0,0.2829021313122274,566,A,0.060752846362695366,0.9009652953303829,0.07908083840948635,0.9329592927893035,0.07908083840948635,0.9009652953303829,True
567,1,0.7368269719740173,567,A,0.060752846362695366,0.9009652953303829,0.07908083840948635,0.9329592927893035,0.07908083840948635,0.9009652953303829,True
568,1,0.6992656644352726,568,A,0.060752846362695366,0.9009652953303829,0.07908083840948635,0.9329592927893035,0.07908083840948635,0.9009652953303829,True
569,0,0.4049129485839279,569,A,0.060752846362695366,0.9009652953303829,0.07908083840948635,0.9329592927893035,0.07908083840948635,0.9009652953303829,True
570,1,0.5715126650245301,570,A,0.060752846362695366,0.9009652953303829,0.07908083840948635,0.9329592927893035,0.07908083840948635,0.9009652953303829,True
571,0,0.5105806886001972,571,A,0.060752846362695366,0.9009652953303829,0.07908083840948635,0.9329592927893035,0.07908083840948635,0.9009652953303829,True
572,0,0.6634287744561923,572,A,0.060752846362695366,0.9009652953303829,0.07908083840948635,0.9329592927893035,0.07908083840948635,0.9009652953303829,True
573,0,0.21023825736555815,573,A,0.060752846362695366,0.9009652953303829,0.07908083840948635,0.9329592927893035,0.07908083840948635,0.9009652953303829,True
574,1,0.4386950449915488,574,A,0.060752846362695366,0.9009652953303829,0.07908083840948635,0.9329592927893035,0.07908083840948635,0.9009652953303829,True
575,0,0.36624445832126223,575,A,0.060752846362695366,0.9009652953303829,0.07908083840948635,0.9329592927893035,0.07908083840948635,0.9009652953303829,True
576,0,0.4812103568465298,576,A,0.060752846362695366,0.9009652953303829,0.07908083840948635,0.9329592927893035,0.07908083840948635,0.9009652953303829,True
577,0,0.43489734273504005,577,A,0.060752846362695366,0.9009652953303829,0.07908083840948635,0.9329592927893035,0.07908083840948635,0.9009652953303829,True
578,0,0.2267180728355548,578,A,0.060752846362695366,0.9009652953303829,0.07908083840948635,0.9329592927893035,0.07908083840948635,0.9009652953303829,True
579,0,0.42288699545146147,579,A,0.060752846362695366,0.9009652953303829,0.07908083840948635,0.9329592927893035,0.07908083840948635,0.9009652953303829,True
580,1,0.575776297426576,580,A,0.060752846362695366,0.9009652953303829,0.07908083840948635,0.9329592927893035,0.07908083840948635,0.9009652953303829,True
581,1,0.499490956366357,581,A,0.060752846362695366,0.9009652953303829,0.07908083840948635,0.9329592927893035,0.07908083840948635,0.9009652953303829,True
582,0,0.3961332397302992,582,A,0.060752846362695366,0.9009652953303829,0.07908083840948635,0.9329592927893035,0.07908083840948635,0.9009652953303829,True
583,0,0.5658176688411103,583,A,0.060752846362695366,0.9009652953303829,0.07908083840948635,0.9329592927893035,0.07908083840948635,0.9009652953303829,True
584,0,0.6343638841613563,584,A,0.060752846362695366,0.9009652953303829,0.07908083840948635,0.9329592927893035,0.07908083840948635,0.9009652953303829,True
585,0,0.6949192743297311,585,A,0.060752846362695366,0.9009652953303829,0.07908083840948635,0.9329592927893035,0.07908083840948635,0.9009652953303829,True
586,0,0.19760380062386798,586,A,0.060752846362695366,0.9009652953303829,0.07908083840948635,0.9329592927893035,0.07908083840948635,0.9009652953303829,True
587,1,0.5904276164490743,587,A,0.060752846362695366,0.9009652953303829,0.07908083840948635,0.9329592927893035,0.07908083840948635,0.9009652953303829,True
588,0,0.20378933345418257,588,A,0.060752846362695366,0.9009652953303829,0.07908083840948635,0.9329592927893035,0.07908083840948635,0.9009652953303829,True
589,0,0.30628027114964196,589,A,0.060752846362695366,0.9009652953303829,0.07908083840948635,0.9329592927893035,0.07908083840948635,0.9009652953303829,True
590,1,0.5715325522486322,590,A,0.060752846362695366,0.9009652953303829,0.07908083840948635,0.9329592927893035,0.07908083840948635,0.9009652953303829,True
591,0,0.6230818377572077,591,A,0.060752846362695366,0.9009652953303829,0.07908083840948635,0.9329592927893035,0.07908083840948635,0.9009652953303829,True
592,1,0.7204777944662073,592,A,0.060752846362695366,0.9009652953303829,0.07908083840948635,0.9329592927893035,0.07908083840948635,0.9009652953303829,True
593,1,0.3279320960267917,593,A,0.060752846362695366,0.9009652953303829,0.07908083840948635,0.9329592927893035,0.07908083840948635,0.9009652953303829,True
594,1,0.9141197901857112,594,A,0.060752846362695366,0.9009652953303829,0.07908083840948635,0.9329592927893035,0.07908083840948635,0.9009652953303829,False
595,1,0.44192772714543005,595,A,0.060752846362695366,0.9009652953303829,0.07908083840948635,0.9329592927893035,0.07908083840948635,0.9009652953303829,True
596,1,0.6874469603041911,596,A,0.060752846362695366,0.9009652953303829,0.07908083840948635,0.9329592927893035,0.07908083840948635,0.9009652953303829,True
597,1,0.4817767098436646,597,A,0.060752846362695366,0.9009652953303829,0.07908083840948635,0.9329592927893035,0.07908083840948635,0.9009652953303829,True
598,0,0.383321440630719,598,A,0.060752846362695366,0.9009652953303829,0.07908083840948635,0.9329592927893035,0.07908083840948635,0.9009652953303829,True
599,0,0.6784427175012429,599,A,0.060752846362695366,0.9009652953303829,0.07908083840948635,0.9329592927893035,0.07908083840948635,0.9009652953303829,True
600,1,0.567519854767431,600,A,0.060752846362695366,0.9009652953303829,0.07908083840948635,0.9329592927893035,0.07908083840948635,0.9009652953303829,True
601,1,0.4842693632169948,601,A,0.060752846362695366,0.9009652953303829,0.07908083840948635,0.9329592927893035,0.07908083840948635,0.9009652953303829,True
602,0,0.2171690410307838,602,A,0.060752846362695366,0.9009652953303829,0.07908083840948635,0.9329592927893035,0.07908083840948635,0.9009652953303829,True
603,1,0.2932518490867057,603,A,0.060752846362695366,0.9009652953303829,0.07908083840948635,0.9329592927893035,0.07908083840948635,0.9009652953303829,True
604,1,0.15402706671865518,604,A,0.060752846362695366,0.9009652953303829,0.07908083840948635,0.9329592927893035,0.07908083840948635,0.9009652953303829,True
605,1,0.6303978824291933,605,A,0.060752846362695366,0.9009652953303829,0.07908083840948635,0.9329592927893035,0.07908083840948635,0.9009652953303829,True
606,0,0.7563614440861597,606,A,0.060752846362695366,0.9009652953303829,0.07908083840948635,0.9329592927893035,0.07908083840948635,0.9009652953303829,True
607,1,0.4644076071852178,607,A,0.060752846362695366,0.9009652953303829,0.07908083840948635,0.9329592927893035,0.07908083840948635,0.9009652953303829,True
608,1,0.7640147190637512,608,A,0.060752846362695366,0.9009652953303829,0.07908083840948635,0.9329592927893035,0.07908083840948635,0.9009652953303829,True
609,0,0.4187164683238626,609,A,0.060752846362695366,0.9009652953303829,0.07908083840948635,0.9329592927893035,0.07908083840948635,0.9009652953303829,True
610,0,0.6901175484381493,610,A,0.060752846362695366,0.9009652953303829,0.07908083840948635,0.9329592927893035,0.07908083840948635,0.9009652953303829,True
611,0,0.36442857000365686,611,A,0.060752846362695366,0.9009652953303829,0.07908083840948635,0.9329592927893035,0.07908083840948635,0.9009652953303829,True
612,0,0.3246441094190745,612,A,0.060752846362695366,0.9009652953303829,0.07908083840948635,0.9329592927893035,0.07908083840948635,0.9009652953303829,True
613,0,0.5584064270609993,613,A,0.060752846362695366,0.9009652953303829,0.07908083840948635,0.9329592927893035,0.07908083840948635,0.9009652953303829,True
614,0,0.7078781229804321,614,A,0.060752846362695366,0.9009652953303829,0.07908083840948635,0.9329592927893035,0.07908083840948635,0.9009652953303829,True
615,1,0.5050029399986167,615,A,0.060752846362695366,0.9009652953303829,0.07908083840948635,0.9329592927893035,0.07908083840948635,0.9009652953303829,True
616,0,0.3083529671536988,616,A,0.060752846362695366,0.9009652953303829,0.07908083840948635,0.9329592927893035,0.07908083840948635,0.9009652953303829,True
617,0,0.40426381917830906,617,A,0.060752846362695366,0.9009652953303829,0.07908083840948635,0.9329592927893035,0.07908083840948635,0.9009652953303829,True
618,0,0.1785757934574224,618,A,0.060752846362695366,0.9009652953303829,0.07908083840948635,0.9329592927893035,0.07908083840948635,0.9009652953303829,True
619,1,0.6885048811671923,619,A,0.060752846362695366,0.9009652953303829,0.07908083840948635,0.9329592927893035,0.07908083840948635,0.9009652953303829,True
620,1,0.4128454427680352,620,A,0.060752846362695366,0.9009652953303829,0.07908083840948635,0.9329592927893035,0.07908083840948635,0.9009652953303829,True
621,1,0.5436161987518665,621,A,0.060752846362695366,0.9009652953303829,0.07908083840948635,0.9329592927893035,0.07908083840948635,0.9009652953303829,True
622,1,0.6802162963154361,622,A,0.060752846362695366,0.9009652953303829,0.07908083840948635,0.9329592927893035,0.07908083840948635,0.9009652953303829,True
623,0,0.776970381254938,623,A,0.060752846362695366,0.9009652953303829,0.07908083840948635,0.9329592927893035,0.07908083840948635,0.9009652953303829,True
624,0,0.673713399391319,624,A,0.060752846362695366,0.9009652953303829,0.07908083840948635,0.9329592927893035,0.07908083840948635,0.9009652953303829,True
625,0,0.5279981220230303,625,A,0.060752846362695366,0.9009652953303829,0.07908083840948635,0.9329592927893035,0.07908083840948635,0.9009652953303829,True
626,0,0.22460150749825505,626,A,0.060752846362695366,0.9009652953303829,0.07908083840948635,0.9329592927893035,0.07908083840948635,0.9009652953303829,True
627,0,0.20729684902409487,627,A,0.060752846362695366,0.9009652953303829,0.07908083840948635,0.9329592927893035,0.07908083840948635,0.9009652953303829,True
628,0,0.6346331731931388,628,A,0.060752846362695366,0.9009652953303829,0.07908083840948635,0.9329592927893035,0.07908083840948635,0.9009652953303829,True
629,0,0.32845369612301234,629,A,0.060752846362695366,0.9009652953303829,0.07908083840948635,0.9329592927893035,0.07908083840948635,0.9009652953303829,True
630,1,0.7115730209783574,630,A,0.060752846362695366,0.9009652953303829,0.07908083840948635,0.9329592927893035,0.07908083840948635,0.9009652953303829,True
631,1,0.6067483042314186,631,A,0.060752846362695366,0.9009652953303829,0.07908083840948635,0.9329592927893035,0.07908083840948635,0.9009652953303829,True
632,1,0.49017574260282337,632,A,0.060752846362695366,0.9009652953303829,0.07908083840948635,0.9329592927893035,0.07908083840948635,0.9009652953303829,True
633,1,0.7337861911641669,633,A,0.060752846362695366,0.9009652953303829,0.07908083840948635,0.9329592927893035,0.07908083840948635,0.9009652953303829,True
634,1,0.7409608154760126,634,A,0.060752846362695366,0.9009652953303829,0.07908083840948635,0.9329592927893035,0.07908083840948635,0.9009652953303829,True
635,0,0.44559288289114396,635,A,0.060752846362695366,0.9009652953303829,0.07908083840948635,0.9329592927893035,0.07908083840948635,0.9009652953303829,True
636,1,0.6588866868018888,636,A,0.060752846362695366,0.9009652953303829,0.07908083840948635,0.9329592927893035,0.07908083840948635,0.9009652953303829,True
637,1,0.6508052264924816,637,A,0.060752846362695366,0.9009652953303829,0.07908083840948635,0.9329592927893035,0.07908083840948635,0.9009652953303829,True
638,1,0.5628083382200119,638,A,0.060752846362695366,0.9009652953303829,0.07908083840948635,0.9329592927893035,0.07908083840948635,0.9009652953303829,True
639,0,0.3244211144958655,639,A,0.060752846362695366,0.9009652953303829,0.07908083840948635,0.9329592927893035,0.07908083840948635,0.9009652953303829,True
640,0,0.5615532472996667,640,A,0.060752846362695366,0.9009652953303829,0.07908083840948635,0.9329592927893035,0.07908083840948635,0.9009652953303829,True
641,1,0.42454950055309776,641,A,0.060752846362695366,0.9009652953303829,0.07908083840948635,0.9329592927893035,0.07908083840948635,0.9009652953303829,True
642,0,0.5941074130959753,642,A,0.060752846362695366,0.9009652953303829,0.07908083840948635,0.9329592927893035,0.07908083840948635,0.9009652953303829,True
643,1,0.3788616417415076,643,A,0.060752846362695366,0.9009652953303829,0.07908083840948635,0.9329592927893035,0.07908083840948635,0.9009652953303829,True
644,1,0.517051399441844,644,A,0.060752846362695366,0.9009652953303829,0.07908083840948635,0.9329592927893035,0.07908083840948635,0.9009652953303829,True
645,0,0.3991669232534729,645,A,0.060752846362695366,0.9009652953303829,0.07908083840948635,0.9329592927893035,0.07908083840948635,0.9009652953303829,True
646,1,0.8376618808552038,646,A,0.060752846362695366,0.9009652953303829,0.07908083840948635,0.9329592927893035,0.07908083840948635,0.9009652953303829,True
647,1,0.537126959449378,647,A,0.060752846362695366,0.9009652953303829,0.07908083840948635,0.9329592927893035,0.07908083840948635,0.9009652953303829,True
648,0,0.16845198826090974,648,A,0.060752846362695366,0.9009652953303829,0.07908083840948635,0.9329592927893035,0.07908083840948635,0.9009652953303829,True
649,1,0.6902863687618271,649,A,0.060752846362695366,0.9009652953303829,0.07908083840948635,0.9329592927893035,0.07908083840948635,0.9009652953303829,True
650,0,0.23603772776800083,650,A,0.060752846362695366,0.9009652953303829,0.07908083840948635,0.9329592927893035,0.07908083840948635,0.9009652953303829,True
651,0,0.47214993560320656,651,A,0.060752846362695366,0.9009652953303829,0.07908083840948635,0.9329592927893035,0.07908083840948635,0.9009652953303829,True
652,0,0.28048806137675586,652,A,0.060752846362695366,0.9009652953303829,0.07908083840948635,0.9329592927893035,0.07908083840948635,0.9009652953303829,True
653,1,0.2578203782892359,653,A,0.060752846362695366,0.9009652953303829,0.07908083840948635,0.9329592927893035,0.07908083840948635,0.9009652953303829,True
654,1,0.656705767272637,654,A,0.060752846362695366,0.9009652953303829,0.07908083840948635,0.9329592927893035,0.07908083840948635,0.9009652953303829,True
655,1,0.7817979353165467,655,A,0.060752846362695366,0.9009652953303829,0.07908083840948635,0.9329592927893035,0.07908083840948635,0.9009652953303829,True
656,0,0.5007163988866936,656,A,0.060752846362695366,0.9009652953303829,0.07908083840948635,0.9329592927893035,0.07908083840948635,0.9009652953303829,True
657,0,0.2184732940019433,657,A,0.060752846362695366,0.9009652953303829,0.07908083840948635,0.9329592927893035,0.07908083840948635,0.9009652953303829,True
658,0,0.7079409101800963,658,A,0.060752846362695366,0.9009652953303829,0.07908083840948635,0.9329592927893035,0.07908083840948635,0.9009652953303829,True
659,1,0.44803533833453096,659,A,0.060752846362695366,0.9009652953303829,0.07908083840948635,0.9329592927893035,0.07908083840948635,0.9009652953303829,True
660,1,0.710357161923033,660,A,0.060752846362695366,0.9009652953303829,0.07908083840948635,0.9329592927893035,0.07908083840948635,0.9009652953303829,True
661,0,0.5512932179491972,661,A,0.060752846362695366,0.9009652953303829,0.07908083840948635,0.9329592927893035,0.07908083840948635,0.9009652953303829,True
662,1,0.7036034352078263,662,A,0.060752846362695366,0.9009652953303829,0.07908083840948635,0.9329592927893035,0.07908083840948635,0.9009652953303829,True
663,0,0.6602036767237556,663,A,0.060752846362695366,0.9009652953303829,0.07908083840948635,0.9329592927893035,0.07908083840948635,0.9009652953303829,True
664,1,0.7098462440750727,664,A,0.060752846362695366,0.9009652953303829,0.07908083840948635,0.9329592927893035,0.07908083840948635,0.9009652953303829,True
665,1,0.634363718745283,665,A,0.060752846362695366,0.9009652953303829,0.07908083840948635,0.9329592927893035,0.07908083840948635,0.9009652953303829,True
666,0,0.3637848275978733,666,A,0.060752846362695366,0.9009652953303829,0.07908083840948635,0.9329592927893035,0.07908083840948635,0.9009652953303829,True
667,0,0.644073718569982,667,A,0.060752846362695366,0.9009652953303829,0.07908083840948635,0.9329592927893035,0.07908083840948635,0.9009652953303829,True
668,1,0.8192824223550453,668,A,0.060752846362695366,0.9009652953303829,0.07908083840948635,0.9329592927893035,0.07908083840948635,0.9009652953303829,True
669,1,0.8619630382626865,669,A,0.060752846362695366,0.9009652953303829,0.07908083840948635,0.9329592927893035,0.07908083840948635,0.9009652953303829,True
670,0,0.38077520033665574,670,A,0.060752846362695366,0.9009652953303829,0.07908083840948635,0.9329592927893035,0.07908083840948635,0.9009652953303829,True
671,1,0.466308876494565,671,A,0.060752846362695366,0.9009652953303829,0.07908083840948635,0.9329592927893035,0.07908083840948635,0.9009652953303829,True
672,0,0.23770068764970304,672,A,0.060752846362695366,0.9009652953303829,0.07908083840948635,0.9329592927893035,0.07908083840948635,0.9009652953303829,True
673,0,0.6568548381513508,673,A,0.060752846362695366,0.9009652953303829,0.07908083840948635,0.9329592927893035,0.07908083840948635,0.9009652953303829,True
674,1,0.8306629492944579,674,A,0.060752846362695366,0.9009652953303829,0.07908083840948635,0.9329592927893035,0.07908083840948635,0.9009652953303829,True
675,0,0.2801721642133166,675,A,0.060752846362695366,0.9009652953303829,0.07908083840948635,0.9329592927893035,0.07908083840948635,0.9009652953303829,True
676,0,0.36948513935480387,676,A,0.060752846362695366,0.9009652953303829,0.07908083840948635,0.9329592927893035,0.07908083840948635,0.9009652953303829,True
677,1,0.4371100511141235,677,A,0.060752846362695366,0.9009652953303829,0.07908083840948635,0.9329592927893035,0.07908083840948635,0.9009652953303829,True
678,1,0.4317048779863413,678,A,0.060752846362695366,0.9009652953303829,0.07908083840948635,0.9329592927893035,0.07908083840948635,0.9009652953303829,True
679,1,0.2908937802296794,679,A,0.060752846362695366,0.9009652953303829,0.07908083840948635,0.9329592927893035,0.07908083840948635,0.9009652953303829,True
680,1,0.48328816925090734,680,A,0.060752846362695366,0.9009652953303829,0.07908083840948635,0.9329592927893035,0.07908083840948635,0.9009652953303829,True
681,1,0.6379066606546289,681,A,0.060752846362695366,0.9009652953303829,0.07908083840948635,0.9329592927893035,0.07908083840948635,0.9009652953303829,True
682,1,0.8792766673840127,682,A,0.060752846362695366,0.9009652953303829,0.07908083840948635,0.9329592927893035,0.07908083840948635,0.9009652953303829,True
683,1,0.6261949833543272,683,A,0.060752846362695366,0.9009652953303829,0.07908083840948635,0.9329592927893035,0.07908083840948635,0.9009652953303829,True
684,1,0.8039081430470322,684,A,0.060752846362695366,0.9009652953303829,0.07908083840948635,0.9329592927893035,0.07908083840948635,0.9009652953303829,True
685,1,0.7405277348482453,685,A,0.060752846362695366,0.9009652953303829,0.07908083840948635,0.9329592927893035,0.07908083840948635,0.9009652953303829,True
686,1,0.5907329970333108,686,A,0.060752846362695366,0.9009652953303829,0.07908083840948635,0.9329592927893035,0.07908083840948635,0.9009652953303829,True
687,0,0.689719835852707,687,A,0.060752846362695366,0.9009652953303829,0.07908083840948635,0.9329592927893035,0.07908083840948635,0.9009652953303829,True
688,1,0.4863865319629283,688,A,0.060752846362695366,0.9009652953303829,0.07908083840948635,0.9329592927893035,0.07908083840948635,0.9009652953303829,True
689,0,0.3612129402184025,689,A,0.060752846362695366,0.9009652953303829,0.07908083840948635,0.9329592927893035,0.07908083840948635,0.9009652953303829,True
690,1,0.7880836760830002,690,A,0.060752846362695366,0.9009652953303829,0.07908083840948635,0.9329592927893035,0.07908083840948635,0.9009652953303829,True
691,0,0.2847854168398109,691,A,0.060752846362695366,0.9009652953303829,0.07908083840948635,0.9329592927893035,0.07908083840948635,0.9009652953303829,True
692,0,0.29947753239170855,692,A,0.060752846362695366,0.9009652953303829,0.07908083840948635,0.9329592927893035,0.07908083840948635,0.9009652953303829,True
693,1,0.7963535355758289,693,A,0.060752846362695366,0.9009652953303829,0.07908083840948635,0.9329592927893035,0.07908083840948635,0.9009652953303829,True
694,0,0.4092478403725893,694,A,0.060752846362695366,0.9009652953303829,0.07908083840948635,0.9329592927893035,0.07908083840948635,0.9009652953303829,True
695,0,0.5577887373487715,695,A,0.060752846362695366,0.9009652953303829,0.07908083840948635,0.9329592927893035,0.07908083840948635,0.9009652953303829,True
696,1,0.5685113387822475,696,A,0.060752846362695366,0.9009652953303829,0.07908083840948635,0.9329592927893035,0.07908083840948635,0.9009652953303829,True
697,1,0.7358704467732773,697,A,0.060752846362695366,0.9009652953303829,0.07908083840948635,0.9329592927893035,0.07908083840948635,0.9009652953303829,True
698,0,0.298000231913105,698,A,0.060752846362695366,0.9009652953303829,0.07908083840948635,0.9329592927893035,0.07908083840948635,0.9009652953303829,True
699,1,0.5612535899016905,699,A,0.060752846362695366,0.9009652953303829,0.07908083840948635,0.9329592927893035,0.07908083840948635,0.9009652953303829,True
700,1,0.2841737174989434,700,A,0.060752846362695366,0.9009652953303829,0.07908083840948635,0.9329592927893035,0.07908083840948635,0.9009652953303829,True
701,1,0.8622912034506615,701,A,0.060752846362695366,0.9009652953303829,0.07908083840948635,0.9329592927893035,0.07908083840948635,0.9009652953303829,True
702,1,0.38781257572646605,702,A,0.060752846362695366,0.9009652953303829,0.07908083840948635,0.9329592927893035,0.07908083840948635,0.9009652953303829,True
703,0,0.4154103111856704,703,A,0.060752846362695366,0.9009652953303829,0.07908083840948635,0.9329592927893035,0.07908083840948635,0.9009652953303829,True
704,0,0.34740196154801745,704,A,0.060752846362695366,0.9009652953303829,0.07908083840948635,0.9329592927893035,0.07908083840948635,0.9009652953303829,True
705,1,0.25050680772557493,705,A,0.060752846362695366,0.9009652953303829,0.07908083840948635,0.9329592927893035,0.07908083840948635,0.9009652953303829,True
706,1,0.3147838853013244,706,A,0.060752846362695366,0.9009652953303829,0.07908083840948635,0.9329592927893035,0.07908083840948635,0.9009652953303829,True
707,1,0.4303052574556029,707,A,0.060752846362695366,0.9009652953303829,0.07908083840948635,0.9329592927893035,0.07908083840948635,0.9009652953303829,True
708,1,0.28524073473782513,708,A,0.060752846362695366,0.9009652953303829,0.07908083840948635,0.9329592927893035,0.07908083840948635,0.9009652953303829,True
709,0,0.4528685701593212,709,A,0.060752846362695366,0.9009652953303829,0.07908083840948635,0.9329592927893035,0.07908083840948635,0.9009652953303829,True
710,1,0.5179065800343576,710,A,0.060752846362695366,0.9009652953303829,0.07908083840948635,0.9329592927893035,0.07908083840948635,0.9009652953303829,True
711,0,0.2720621097491014,711,A,0.060752846362695366,0.9009652953303829,0.07908083840948635,0.9329592927893035,0.07908083840948635,0.9009652953303829,True
712,0,0.5962903282403436,712,A,0.060752846362695366,0.9009652953303829,0.07908083840948635,0.9329592927893035,0.07908083840948635,0.9009652953303829,True
713,1,0.6451885911581314,713,A,0.060752846362695366,0.9009652953303829,0.07908083840948635,0.9329592927893035,0.07908083840948635,0.9009652953303829,True
714,0,0.09675264365251082,714,A,0.060752846362695366,0.9009652953303829,0.07908083840948635,0.9329592927893035,0.07908083840948635,0.9009652953303829,True
715,1,0.7593681850824079,715,A,0.060752846362695366,0.9009652953303829,0.07908083840948635,0.9329592927893035,0.07908083840948635,0.9009652953303829,True
716,0,0.632518646874817,716,A,0.060752846362695366,0.9009652953303829,0.07908083840948635,0.9329592927893035,0.07908083840948635,0.9009652953303829,True
717,0,0.5834139854493893,717,A,0.060752846362695366,0.9009652953303829,0.07908083840948635,0.9329592927893035,0.07908083840948635,0.9009652953303829,True
718,1,0.41133574349285784,718,A,0.060752846362695366,0.9009652953303829,0.07908083840948635,0.9329592927893035,0.07908083840948635,0.9009652953303829,True
719,1,0.6673640210966834,719,A,0.060752846362695366,0.9009652953303829,0.07908083840948635,0.9329592927893035,0.07908083840948635,0.9009652953303829,True
720,0,0.664689775025211,720,A,0.060752846362695366,0.9009652953303829,0.07908083840948635,0.9329592927893035,0.07908083840948635,0.9009652953303829,True
721,1,0.5587318477700983,721,A,0.060752846362695366,0.9009652953303829,0.07908083840948635,0.9329592927893035,0.07908083840948635,0.9009652953303829,True
722,0,0.25168957968141087,722,A,0.060752846362695366,0.9009652953303829,0.07908083840948635,0.9329592927893035,0.07908083840948635,0.9009652953303829,True
723,0,0.21632642786973616,723,A,0.060752846362695366,0.9009652953303829,0.07908083840948635,0.9329592927893035,0.07908083840948635,0.9009652953303829,True
724,1,0.5969488054320933,724,A,0.060752846362695366,0.9009652953303829,0.07908083840948635,0.9329592927893035,0.07908083840948635,0.9009652953303829,True
725,1,0.5964431557054247,725,A,0.060752846362695366,0.9009652953303829,0.07908083840948635,0.9329592927893035,0.07908083840948635,0.9009652953303829,True
726,0,0.7700929917355428,726,A,0.060752846362695366,0.9009652953303829,0.07908083840948635,0.9329592927893035,0.07908083840948635,0.9009652953303829,True
727,0,0.459351128795667,727,A,0.060752846362695366,0.9009652953303829,0.07908083840948635,0.9329592927893035,0.07908083840948635,0.9009652953303829,True
728,1,0.5080127204285307,728,A,0.060752846362695366,0.9009652953303829,0.07908083840948635,0.9329592927893035,0.07908083840948635,0.9009652953303829,True
729,0,0.5895212970948766,729,A,0.060752846362695366,0.9009652953303829,0.07908083840948635,0.9329592927893035,0.07908083840948635,0.9009652953303829,True
730,0,0.36572399275470147,730,A,0.060752846362695366,0.9009652953303829,0.07908083840948635,0.9329592927893035,0.07908083840948635,0.9009652953303829,True
731,0,0.19234556250310306,731,A,0.060752846362695366,0.9009652953303829,0.07908083840948635,0.9329592927893035,0.07908083840948635,0.9009652953303829,True
732,1,0.7068306963658657,732,A,0.060752846362695366,0.9009652953303829,0.07908083840948635,0.9329592927893035,0.07908083840948635,0.9009652953303829,True
733,1,0.4851712277217323,733,A,0.060752846362695366,0.9009652953303829,0.07908083840948635,0.9329592927893035,0.07908083840948635,0.9009652953303829,True
734,0,0.26795411904371164,734,A,0.060752846362695366,0.9009652953303829,0.07908083840948635,0.9329592927893035,0.07908083840948635,0.9009652953303829,True
735,0,0.3793788529151633,735,A,0.060752846362695366,0.9009652953303829,0.07908083840948635,0.9329592927893035,0.07908083840948635,0.9009652953303829,True
736,1,0.22560661467558857,736,A,0.060752846362695366,0.9009652953303829,0.07908083840948635,0.9329592927893035,0.07908083840948635,0.9009652953303829,True
737,0,0.15736315563456002,737,A,0.060752846362695366,0.9009652953303829,0.07908083840948635,0.9329592927893035,0.07908083840948635,0.9009652953303829,True
738,0,0.43115753887339525,738,A,0.060752846362695366,0.9009652953303829,0.07908083840948635,0.9329592927893035,0.07908083840948635,0.9009652953303829,True
739,1,0.4034705610537369,739,A,0.060752846362695366,0.9009652953303829,0.07908083840948635,0.9329592927893035,0.07908083840948635,0.9009652953303829,True
740,0,0.7015753568420892,740,A,0.060752846362695366,0.9009652953303829,0.07908083840948635,0.9329592927893035,0.07908083840948635,0.9009652953303829,True
741,0,0.33425778486824775,741,A,0.060752846362695366,0.9009652953303829,0.07908083840948635,0.9329592927893035,0.07908083840948635,0.9009652953303829,True
742,0,0.23529210628506902,742,A,0.060752846362695366,0.9009652953303829,0.07908083840948635,0.9329592927893035,0.07908083840948635,0.9009652953303829,True
743,0,0.5277789175149268,743,A,0.060752846362695366,0.9009652953303829,0.07908083840948635,0.9329592927893035,0.07908083840948635,0.9009652953303829,True
744,0,0.2851659430223668,744,A,0.060752846362695366,0.9009652953303829,0.07908083840948635,0.9329592927893035,0.07908083840948635,0.9009652953303829,True
745,1,0.32420300376290045,745,A,0.060752846362695366,0.9009652953303829,0.07908083840948635,0.9329592927893035,0.07908083840948635,0.9009652953303829,True
746,1,0.6055486435759295,746,A,0.060752846362695366,0.9009652953303829,0.07908083840948635,0.9329592927893035,0.07908083840948635,0.9009652953303829,True
747,1,0.3996064781625621,747,A,0.060752846362695366,0.9009652953303829,0.07908083840948635,0.9329592927893035,0.07908083840948635,0.9009652953303829,True
748,1,0.45943410304490073,748,A,0.060752846362695366,0.9009652953303829,0.07908083840948635,0.9329592927893035,0.07908083840948635,0.9009652953303829,True
749,1,0.3821245597292699,749,A,0.060752846362695366,0.9009652953303829,0.07908083840948635,0.9329592927893035,0.07908083840948635,0.9009652953303829,True
750,0,0.7551491380887223,750,A,0.060752846362695366,0.9009652953303829,0.07908083840948635,0.9329592927893035,0.07908083840948635,0.9009652953303829,True
751,0,0.4122779399604569,751,A,0.060752846362695366,0.9009652953303829,0.07908083840948635,0.9329592927893035,0.07908083840948635,0.9009652953303829,True
752,1,0.2875963927413786,752,A,0.060752846362695366,0.9009652953303829,0.07908083840948635,0.9329592927893035,0.07908083840948635,0.9009652953303829,True
753,0,0.38781963702797845,753,A,0.060752846362695366,0.9009652953303829,0.07908083840948635,0.9329592927893035,0.07908083840948635,0.9009652953303829,True
754,0,0.0731781705633445,754,A,0.060752846362695366,0.9009652953303829,0.07908083840948635,0.9329592927893035,0.07908083840948635,0.9009652953303829,False
755,1,0.8744411658189245,755,A,0.060752846362695366,0.9009652953303829,0.07908083840948635,0.9329592927893035,0.07908083840948635,0.9009652953303829,True
756,1,0.8200268455920168,756,A,0.060752846362695366,0.9009652953303829,0.07908083840948635,0.9329592927893035,0.07908083840948635,0.9009652953303829,True
757,0,0.5665235109919008,757,A,0.060752846362695366,0.9009652953303829,0.07908083840948635,0.9329592927893035,0.07908083840948635,0.9009652953303829,True
758,1,0.5090310802421011,758,A,0.060752846362695366,0.9009652953303829,0.07908083840948635,0.9329592927893035,0.07908083840948635,0.9009652953303829,True
759,0,0.5760679924931145,759,A,0.060752846362695366,0.9009652953303829,0.07908083840948635,0.9329592927893035,0.07908083840948635,0.9009652953303829,True
760,1,0.6770684208834351,760,A,0.060752846362695366,0.9009652953303829,0.07908083840948635,0.9329592927893035,0.07908083840948635,0.9009652953303829,True
761,1,0.6764701510229923,761,A,0.060752846362695366,0.9009652953303829,0.07908083840948635,0.9329592927893035,0.07908083840948635,0.9009652953303829,True
762,0,0.7464045309743907,762,A,0.060752846362695366,0.9009652953303829,0.07908083840948635,0.9329592927893035,0.07908083840948635,0.9009652953303829,True
763,1,0.6115037981395961,763,A,0.060752846362695366,0.9009652953303829,0.07908083840948635,0.9329592927893035,0.07908083840948635,0.9009652953303829,True
764,1,0.7937468233729923,764,A,0.060752846362695366,0.9009652953303829,0.07908083840948635,0.9329592927893035,0.07908083840948635,0.9009652953303829,True
765,0,0.14296067682077446,765,A,0.060752846362695366,0.9009652953303829,0.07908083840948635,0.9329592927893035,0.07908083840948635,0.9009652953303829,True
766,1,0.8196250799909856,766,A,0.060752846362695366,0.9009652953303829,0.07908083840948635,0.9329592927893035,0.07908083840948635,0.9009652953303829,True
767,0,0.3985530312871743,767,A,0.060752846362695366,0.9009652953303829,0.07908083840948635,0.9329592927893035,0.07908083840948635,0.9009652953303829,True
768,1,0.4794508824603454,768,A,0.060752846362695366,0.9009652953303829,0.07908083840948635,0.9329592927893035,0.07908083840948635,0.9009652953303829,True
769,0,0.4050878234034126,769,A,0.060752846362695366,0.9009652953303829,0.07908083840948635,0.9329592927893035,0.07908083840948635,0.9009652953303829,True
770,0,0.3947286327864148,770,A,0.060752846362695366,0.9009652953303829,0.07908083840948635,0.9329592927893035,0.07908083840948635,0.9009652953303829,True
771,1,0.41852664697818653,771,A,0.060752846362695366,0.9009652953303829,0.07908083840948635,0.9329592927893035,0.07908083840948635,0.9009652953303829,True
772,0,0.2454218291151853,772,A,0.060752846362695366,0.9009652953303829,0.07908083840948635,0.9329592927893035,0.07908083840948635,0.9009652953303829,True
773,1,0.4646029672607721,773,A,0.060752846362695366,0.9009652953303829,0.07908083840948635,0.9329592927893035,0.07908083840948635,0.9009652953303829,True
774,1,0.809661040725886,774,A,0.060752846362695366,0.9009652953303829,0.07908083840948635,0.9329592927893035,0.07908083840948635,0.9009652953303829,True
775,0,0.5500282629904133,775,A,0.060752846362695366,0.9009652953303829,0.07908083840948635,0.9329592927893035,0.07908083840948635,0.9009652953303829,True
776,1,0.8997978381776821,776,A,0.060752846362695366,0.9009652953303829,0.07908083840948635,0.9329592927893035,0.07908083840948635,0.9009652953303829,True
777,0,0.41775777527062113,777,A,0.060752846362695366,0.9009652953303829,0.07908083840948635,0.9329592927893035,0.07908083840948635,0.9009652953303829,True
778,0,0.586100629178393,778,A,0.060752846362695366,0.9009652953303829,0.07908083840948635,0.9329592927893035,0.07908083840948635,0.9009652953303829,True
779,0,0.3180292762028273,779,A,0.060752846362695366,0.9009652953303829,0.07908083840948635,0.9329592927893035,0.07908083840948635,0.9009652953303829,True
780,1,0.42010473122437886,780,A,0.060752846362695366,0.9009652953303829,0.07908083840948635,0.9329592927893035,0.07908083840948635,0.9009652953303829,True
781,0,0.4483998107775214,781,A,0.060752846362695366,0.9009652953303829,0.07908083840948635,0.9329592927893035,0.07908083840948635,0.9009652953303829,True
782,0,0.317218687168599,782,A,0.060752846362695366,0.9009652953303829,0.07908083840948635,0.9329592927893035,0.07908083840948635,0.9009652953303829,True
783,0,0.5601105905920412,783,A,0.060752846362695366,0.9009652953303829,0.07908083840948635,0.9329592927893035,0.07908083840948635,0.9009652953303829,True
784,0,0.44177994903361695,784,A,0.060752846362695366,0.9009652953303829,0.07908083840948635,0.9329592927893035,0.07908083840948635,0.9009652953303829,True
785,0,0.697068933428292,785,A,0.060752846362695366,0.9009652953303829,0.07908083840948635,0.9329592927893035,0.07908083840948635,0.9009652953303829,True
786,0,0.5383659542101398,786,A,0.060752846362695366,0.9009652953303829,0.07908083840948635,0.9329592927893035,0.07908083840948635,0.9009652953303829,True
787,1,0.3800508727305032,787,A,0.060752846362695366,0.9009652953303829,0.07908083840948635,0.9329592927893035,0.07908083840948635,0.9009652953303829,True
788,0,0.6457640893239248,788,A,0.060752846362695366,0.9009652953303829,0.07908083840948635,0.9329592927893035,0.07908083840948635,0.9009652953303829,True
789,0,0.3779004954163236,789,A,0.060752846362695366,0.9009652953303829,0.07908083840948635,0.9329592927893035,0.07908083840948635,0.9009652953303829,True
790,0,0.45368762028560017,790,A,0.060752846362695366,0.9009652953303829,0.07908083840948635,0.9329592927893035,0.07908083840948635,0.9009652953303829,True
791,1,0.8393925741457123,791,A,0.060752846362695366,0.9009652953303829,0.07908083840948635,0.9329592927893035,0.07908083840948635,0.9009652953303829,True
792,1,0.3242542716294195,792,A,0.060752846362695366,0.9009652953303829,0.07908083840948635,0.9329592927893035,0.07908083840948635,0.9009652953303829,True
793,1,0.7043125832881417,793,A,0.060752846362695366,0.9009652953303829,0.07908083840948635,0.9329592927893035,0.07908083840948635,0.9009652953303829,True
794,0,0.3066098193469903,794,A,0.060752846362695366,0.9009652953303829,0.07908083840948635,0.9329592927893035,0.07908083840948635,0.9009652953303829,True
795,0,0.5977088633128166,795,A,0.060752846362695366,0.9009652953303829,0.07908083840948635,0.9329592927893035,0.07908083840948635,0.9009652953303829,True
796,0,0.21129628503584338,796,A,0.060752846362695366,0.9009652953303829,0.07908083840948635,0.9329592927893035,0.07908083840948635,0.9009652953303829,True
797,0,0.6426792214349613,797,A,0.060752846362695366,0.9009652953303829,0.07908083840948635,0.9329592927893035,0.07908083840948635,0.9009652953303829,True
798,0,0.3472179013897487,798,A,0.060752846362695366,0.9009652953303829,0.07908083840948635,0.9329592927893035,0.07908083840948635,0.9009652953303829,True
799,0,0.7600837196700728,799,A,0.060752846362695366,0.9009652953303829,0.07908083840948635,0.9329592927893035,0.07908083840948635,0.9009652953303829,True
800,1,0.3751259586108973,800,A,0.060752846362695366,0.9009652953303829,0.07908083840948635,0.9329592927893035,0.07908083840948635,0.9009652953303829,True
801,1,0.6503422699681715,801,A,0.060752846362695366,0.9009652953303829,0.07908083840948635,0.9329592927893035,0.07908083840948635,0.9009652953303829,True
802,1,0.5488411240668053,802,A,0.060752846362695366,0.9009652953303829,0.07908083840948635,0.9329592927893035,0.07908083840948635,0.9009652953303829,True
803,1,0.48240361325810477,803,A,0.060752846362695366,0.9009652953303829,0.07908083840948635,0.9329592927893035,0.07908083840948635,0.9009652953303829,True
804,0,0.7248959101509206,804,A,0.060752846362695366,0.9009652953303829,0.07908083840948635,0.9329592927893035,0.07908083840948635,0.9009652953303829,True
805,0,0.15174064755807726,805,A,0.060752846362695366,0.9009652953303829,0.07908083840948635,0.9329592927893035,0.07908083840948635,0.9009652953303829,True
806,0,0.21828174031497558,806,A,0.060752846362695366,0.9009652953303829,0.07908083840948635,0.9329592927893035,0.07908083840948635,0.9009652953303829,True
807,0,0.46934053604690756,807,A,0.060752846362695366,0.9009652953303829,0.07908083840948635,0.9329592927893035,0.07908083840948635,0.9009652953303829,True
808,1,0.49055993459047764,808,A,0.060752846362695366,0.9009652953303829,0.07908083840948635,0.9329592927893035,0.07908083840948635,0.9009652953303829,True
809,1,0.72746710100889,809,A,0.060752846362695366,0.9009652953303829,0.07908083840948635,0.9329592927893035,0.07908083840948635,0.9009652953303829,True
810,1,0.2800839771184772,810,A,0.060752846362695366,0.9009652953303829,0.07908083840948635,0.9329592927893035,0.07908083840948635,0.9009652953303829,True
811,0,0.3908622762942598,811,A,0.060752846362695366,0.9009652953303829,0.07908083840948635,0.9329592927893035,0.07908083840948635,0.9009652953303829,True
812,1,0.6140828517683579,812,A,0.060752846362695366,0.9009652953303829,0.07908083840948635,0.9329592927893035,0.07908083840948635,0.9009652953303829,True
813,0,0.3681291373116424,813,A,0.060752846362695366,0.9009652953303829,0.07908083840948635,0.9329592927893035,0.07908083840948635,0.9009652953303829,True
814,0,0.7712670821566295,814,A,0.060752846362695366,0.9009652953303829,0.07908083840948635,0.9329592927893035,0.07908083840948635,0.9009652953303829,True
815,0,0.2561139510476907,815,A,0.060752846362695366,0.9009652953303829,0.07908083840948635,0.9329592927893035,0.07908083840948635,0.9009652953303829,True
816,0,0.6077125795122689,816,A,0.060752846362695366,0.9009652953303829,0.07908083840948635,0.9329592927893035,0.07908083840948635,0.9009652953303829,True
817,0,0.14587030957926506,817,A,0.060752846362695366,0.9009652953303829,0.07908083840948635,0.9329592927893035,0.07908083840948635,0.9009652953303829,True
818,1,0.8742480309675283,818,A,0.060752846362695366,0.9009652953303829,0.07908083840948635,0.9329592927893035,0.07908083840948635,0.9009652953303829,True
819,1,0.07908083840948635,819,A,0.060752846362695366,0.9009652953303829,0.07908083840948635,0.9329592927893035,0.07908083840948635,0.9009652953303829,True
820,0,0.6731371670846164,820,A,0.060752846362695366,0.9009652953303829,0.07908083840948635,0.9329592927893035,0.07908083840948635,0.9009652953303829,True
821,0,0.6381572025256594,821,A,0.060752846362695366,0.9009652953303829,0.07908083840948635,0.9329592927893035,0.07908083840948635,0.9009652953303829,True
822,1,0.6995049536561936,822,A,0.060752846362695366,0.9009652953303829,0.07908083840948635,0.9329592927893035,0.07908083840948635,0.9009652953303829,True
823,1,0.41539880648143124,823,A,0.060752846362695366,0.9009652953303829,0.07908083840948635,0.9329592927893035,0.07908083840948635,0.9009652953303829,True
824,1,0.5416749189833444,824,A,0.060752846362695366,0.9009652953303829,0.07908083840948635,0.9329592927893035,0.07908083840948635,0.9009652953303829,True
825,0,0.42131873763798877,825,A,0.060752846362695366,0.9009652953303829,0.07908083840948635,0.9329592927893035,0.07908083840948635,0.9009652953303829,True
826,1,0.704047872980566,826,A,0.060752846362695366,0.9009652953303829,0.07908083840948635,0.9329592927893035,0.07908083840948635,0.9009652953303829,True
827,1,0.6230077843126368,827,A,0.060752846362695366,0.9009652953303829,0.07908083840948635,0.9329592927893035,0.07908083840948635,0.9009652953303829,True
828,1,0.4880691097444171,828,A,0.060752846362695366,0.9009652953303829,0.07908083840948635,0.9329592927893035,0.07908083840948635,0.9009652953303829,True
829,0,0.5095569505080327,829,A,0.060752846362695366,0.9009652953303829,0.07908083840948635,0.9329592927893035,0.07908083840948635,0.9009652953303829,True
830,1,0.49687195530079675,830,A,0.060752846362695366,0.9009652953303829,0.07908083840948635,0.9329592927893035,0.07908083840948635,0.9009652953303829,True
831,0,0.2651282481867653,831,A,0.060752846362695366,0.9009652953303829,0.07908083840948635,0.9329592927893035,0.07908083840948635,0.9009652953303829,True
832,1,0.2696444239353074,832,A,0.060752846362695366,0.9009652953303829,0.07908083840948635,0.9329592927893035,0.07908083840948635,0.9009652953303829,True
833,0,0.10219050966760736,833,A,0.060752846362695366,0.9009652953303829,0.07908083840948635,0.9329592927893035,0.07908083840948635,0.9009652953303829,True
834,1,0.6282979536612767,834,A,0.060752846362695366,0.9009652953303829,0.07908083840948635,0.9329592927893035,0.07908083840948635,0.9009652953303829,True
835,0,0.4233262103766642,835,A,0.060752846362695366,0.9009652953303829,0.07908083840948635,0.9329592927893035,0.07908083840948635,0.9009652953303829,True
836,1,0.2392006340213189,836,A,0.060752846362695366,0.9009652953303829,0.07908083840948635,0.9329592927893035,0.07908083840948635,0.9009652953303829,True
837,0,0.15846818976837615,837,A,0.060752846362695366,0.9009652953303829,0.07908083840948635,0.9329592927893035,0.07908083840948635,0.9009652953303829,True
838,1,0.16480985415062802,838,A,0.060752846362695366,0.9009652953303829,0.07908083840948635,0.9329592927893035,0.07908083840948635,0.9009652953303829,True
839,1,0.4813677862053349,839,A,0.060752846362695366,0.9009652953303829,0.07908083840948635,0.9329592927893035,0.07908083840948635,0.9009652953303829,True
840,0,0.3300175995208819,840,A,0.060752846362695366,0.9009652953303829,0.07908083840948635,0.9329592927893035,0.07908083840948635,0.9009652953303829,True
841,0,0.4924967457146195,841,A,0.060752846362695366,0.9009652953303829,0.07908083840948635,0.9329592927893035,0.07908083840948635,0.9009652953303829,True
842,1,0.7209936388224155,842,A,0.060752846362695366,0.9009652953303829,0.07908083840948635,0.9329592927893035,0.07908083840948635,0.9009652953303829,True
843,0,0.3834632673305234,843,A,0.060752846362695366,0.9009652953303829,0.07908083840948635,0.9329592927893035,0.07908083840948635,0.9009652953303829,True
844,1,0.5101754148467714,844,A,0.060752846362695366,0.9009652953303829,0.07908083840948635,0.9329592927893035,0.07908083840948635,0.9009652953303829,True
845,0,0.22754703208533456,845,A,0.060752846362695366,0.9009652953303829,0.07908083840948635,0.9329592927893035,0.07908083840948635,0.9009652953303829,True
846,1,0.6218773226589064,846,A,0.060752846362695366,0.9009652953303829,0.07908083840948635,0.9329592927893035,0.07908083840948635,0.9009652953303829,True
847,1,0.7737550399842013,847,A,0.060752846362695366,0.9009652953303829,0.07908083840948635,0.9329592927893035,0.07908083840948635,0.9009652953303829,True
848,1,0.5040000256033353,848,A,0.060752846362695366,0.9009652953303829,0.07908083840948635,0.9329592927893035,0.07908083840948635,0.9009652953303829,True
849,0,0.26715435010478783,849,A,0.060752846362695366,0.9009652953303829,0.07908083840948635,0.9329592927893035,0.07908083840948635,0.9009652953303829,True
850,0,0.5424205308070333,850,A,0.060752846362695366,0.9009652953303829,0.07908083840948635,0.9329592927893035,0.07908083840948635,0.9009652953303829,True
851,1,0.39854811494252884,851,A,0.060752846362695366,0.9009652953303829,0.07908083840948635,0.9329592927893035,0.07908083840948635,0.9009652953303829,True
852,0,0.46204501441174717,852,A,0.060752846362695366,0.9009652953303829,0.07908083840948635,0.9329592927893035,0.07908083840948635,0.9009652953303829,True
853,1,0.6274585784502346,853,A,0.060752846362695366,0.9009652953303829,0.07908083840948635,0.9329592927893035,0.07908083840948635,0.9009652953303829,True
854,0,0.5925074530536285,854,A,0.060752846362695366,0.9009652953303829,0.07908083840948635,0.9329592927893035,0.07908083840948635,0.9009652953303829,True
855,0,0.6954946553539707,855,A,0.060752846362695366,0.9009652953303829,0.07908083840948635,0.9329592927893035,0.07908083840948635,0.9009652953303829,True
856,1,0.3954067058038859,856,A,0.060752846362695366,0.9009652953303829,0.07908083840948635,0.9329592927893035,0.07908083840948635,0.9009652953303829,True
857,0,0.43538668749830706,857,A,0.060752846362695366,0.9009652953303829,0.07908083840948635,0.9329592927893035,0.07908083840948635,0.9009652953303829,True
858,0,0.6574308827545077,858,A,0.060752846362695366,0.9009652953303829,0.07908083840948635,0.9329592927893035,0.07908083840948635,0.9009652953303829,True
859,0,0.6302926595357746,859,A,0.060752846362695366,0.9009652953303829,0.07908083840948635,0.9329592927893035,0.07908083840948635,0.9009652953303829,True
860,1,0.4463079409464213,860,A,0.060752846362695366,0.9009652953303829,0.07908083840948635,0.9329592927893035,0.07908083840948635,0.9009652953303829,True
861,0,0.6797950054386048,861,A,0.060752846362695366,0.9009652953303829,0.07908083840948635,0.9329592927893035,0.07908083840948635,0.9009652953303829,True
862,1,0.7445330618774784,862,A,0.060752846362695366,0.9009652953303829,0.07908083840948635,0.9329592927893035,0.07908083840948635,0.9009652953303829,True
863,1,0.8072572554207351,863,A,0.060752846362695366,0.9009652953303829,0.07908083840948635,0.9329592927893035,0.07908083840948635,0.9009652953303829,True
864,0,0.5318995948173123,864,A,0.060752846362695366,0.9009652953303829,0.07908083840948635,0.9329592927893035,0.07908083840948635,0.9009652953303829,True
865,1,0.7328163368979332,865,A,0.060752846362695366,0.9009652953303829,0.07908083840948635,0.9329592927893035,0.07908083840948635,0.9009652953303829,True
866,0,0.19679033818044706,866,A,0.060752846362695366,0.9009652953303829,0.07908083840948635,0.9329592927893035,0.07908083840948635,0.9009652953303829,True
867,0,0.13329523660934256,867,A,0.060752846362695366,0.9009652953303829,0.07908083840948635,0.9329592927893035,0.07908083840948635,0.9009652953303829,True
868,0,0.22729259662927212,868,A,0.060752846362695366,0.9009652953303829,0.07908083840948635,0.9329592927893035,0.07908083840948635,0.9009652953303829,True
869,1,0.8514600489998881,869,A,0.060752846362695366,0.9009652953303829,0.07908083840948635,0.9329592927893035,0.07908083840948635,0.9009652953303829,True
870,0,0.08441783884765809,870,A,0.060752846362695366,0.9009652953303829,0.07908083840948635,0.9329592927893035,0.07908083840948635,0.9009652953303829,True
871,1,0.4588891734691673,871,A,0.060752846362695366,0.9009652953303829,0.07908083840948635,0.9329592927893035,0.07908083840948635,0.9009652953303829,True
872,1,0.7696938525460945,872,A,0.060752846362695366,0.9009652953303829,0.07908083840948635,0.9329592927893035,0.07908083840948635,0.9009652953303829,True
873,0,0.44524717951661025,873,A,0.060752846362695366,0.9009652953303829,0.07908083840948635,0.9329592927893035,0.07908083840948635,0.9009652953303829,True
874,0,0.6608316966357044,874,A,0.060752846362695366,0.9009652953303829,0.07908083840948635,0.9329592927893035,0.07908083840948635,0.9009652953303829,True
875,1,0.5428764420354774,875,A,0.060752846362695366,0.9009652953303829,0.07908083840948635,0.9329592927893035,0.07908083840948635,0.9009652953303829,True
876,0,0.23002142897704736,876,A,0.060752846362695366,0.9009652953303829,0.07908083840948635,0.9329592927893035,0.07908083840948635,0.9009652953303829,True
877,0,0.5284304802748209,877,A,0.060752846362695366,0.9009652953303829,0.07908083840948635,0.9329592927893035,0.07908083840948635,0.9009652953303829,True
878,1,0.6805564529482454,878,A,0.060752846362695366,0.9009652953303829,0.07908083840948635,0.9329592927893035,0.07908083840948635,0.9009652953303829,True
879,0,0.5482652313689839,879,A,0.060752846362695366,0.9009652953303829,0.07908083840948635,0.9329592927893035,0.07908083840948635,0.9009652953303829,True
880,1,0.4467823481674003,880,A,0.060752846362695366,0.9009652953303829,0.07908083840948635,0.9329592927893035,0.07908083840948635,0.9009652953303829,True
881,0,0.3793889358780374,881,A,0.060752846362695366,0.9009652953303829,0.07908083840948635,0.9329592927893035,0.07908083840948635,0.9009652953303829,True
882,1,0.9051574411010548,882,A,0.060752846362695366,0.9009652953303829,0.07908083840948635,0.9329592927893035,0.07908083840948635,0.9009652953303829,False
883,0,0.45089985893404194,883,A,0.060752846362695366,0.9009652953303829,0.07908083840948635,0.9329592927893035,0.07908083840948635,0.9009652953303829,True
884,1,0.8134956121571919,884,A,0.060752846362695366,0.9009652953303829,0.07908083840948635,0.9329592927893035,0.07908083840948635,0.9009652953303829,True
885,1,0.8474919453174702,885,A,0.060752846362695366,0.9009652953303829,0.07908083840948635,0.9329592927893035,0.07908083840948635,0.9009652953303829,True
886,1,0.7373603925560744,886,A,0.060752846362695366,0.9009652953303829,0.07908083840948635,0.9329592927893035,0.07908083840948635,0.9009652953303829,True
887,0,0.4560332618014757,887,A,0.060752846362695366,0.9009652953303829,0.07908083840948635,0.9329592927893035,0.07908083840948635,0.9009652953303829,True
888,0,0.7751884832131457,888,A,0.060752846362695366,0.9009652953303829,0.07908083840948635,0.9329592927893035,0.07908083840948635,0.9009652953303829,True
889,1,0.778843073220708,889,A,0.060752846362695366,0.9009652953303829,0.07908083840948635,0.9329592927893035,0.07908083840948635,0.9009652953303829,True
890,1,0.6957133422499318,890,A,0.060752846362695366,0.9009652953303829,0.07908083840948635,0.9329592927893035,0.07908083840948635,0.9009652953303829,True
891,0,0.32456374126753956,891,A,0.060752846362695366,0.9009652953303829,0.07908083840948635,0.9329592927893035,0.07908083840948635,0.9009652953303829,True
892,1,0.6260522876204337,892,A,0.060752846362695366,0.9009652953303829,0.07908083840948635,0.9329592927893035,0.07908083840948635,0.9009652953303829,True
893,1,0.6168256895083755,893,A,0.060752846362695366,0.9009652953303829,0.07908083840948635,0.9329592927893035,0.07908083840948635,0.9009652953303829,True
894,0,0.5057521142280575,894,A,0.060752846362695366,0.9009652953303829,0.07908083840948635,0.9329592927893035,0.07908083840948635,0.9009652953303829,True
895,0,0.1386836856482029,895,A,0.060752846362695366,0.9009652953303829,0.07908083840948635,0.9329592927893035,0.07908083840948635,0.9009652953303829,True
896,0,0.23906773326844918,896,A,0.060752846362695366,0.9009652953303829,0.07908083840948635,0.9329592927893035,0.07908083840948635,0.9009652953303829,True
897,0,0.5665693201513681,897,A,0.060752846362695366,0.9009652953303829,0.07908083840948635,0.9329592927893035,0.07908083840948635,0.9009652953303829,True
898,0,0.47515410496458765,898,A,0.060752846362695366,0.9009652953303829,0.07908083840948635,0.9329592927893035,0.07908083840948635,0.9009652953303829,True
899,0,0.5756718981553391,899,A,0.060752846362695366,0.9009652953303829,0.07908083840948635,0.9329592927893035,0.07908083840948635,0.9009652953303829,True
900,1,0.5227043343217636,900,A,0.060752846362695366,0.9009652953303829,0.07908083840948635,0.9329592927893035,0.07908083840948635,0.9009652953303829,True
901,1,0.5282521420736003,901,A,0.060752846362695366,0.9009652953303829,0.07908083840948635,0.9329592927893035,0.07908083840948635,0.9009652953303829,True
902,0,0.33999156668791863,902,A,0.060752846362695366,0.9009652953303829,0.07908083840948635,0.9329592927893035,0.07908083840948635,0.9009652953303829,True
903,0,0.3486291594541238,903,A,0.060752846362695366,0.9009652953303829,0.07908083840948635,0.9329592927893035,0.07908083840948635,0.9009652953303829,True
904,0,0.7261462380020701,904,A,0.060752846362695366,0.9009652953303829,0.07908083840948635,0.9329592927893035,0.07908083840948635,0.9009652953303829,True
905,0,0.28832600319689616,905,A,0.060752846362695366,0.9009652953303829,0.07908083840948635,0.9329592927893035,0.07908083840948635,0.9009652953303829,True
906,1,0.780071554590846,906,A,0.060752846362695366,0.9009652953303829,0.07908083840948635,0.9329592927893035,0.07908083840948635,0.9009652953303829,True
907,0,0.5351879387917504,907,A,0.060752846362695366,0.9009652953303829,0.07908083840948635,0.9329592927893035,0.07908083840948635,0.9009652953303829,True
908,1,0.7411492244660369,908,A,0.060752846362695366,0.9009652953303829,0.07908083840948635,0.9329592927893035,0.07908083840948635,0.9009652953303829,True
909,1,0.8395034531200687,909,A,0.060752846362695366,0.9009652953303829,0.07908083840948635,0.9329592927893035,0.07908083840948635,0.9009652953303829,True
910,0,0.22495658733952292,910,A,0.060752846362695366,0.9009652953303829,0.07908083840948635,0.9329592927893035,0.07908083840948635,0.9009652953303829,True
911,1,0.8504620054708988,911,A,0.060752846362695366,0.9009652953303829,0.07908083840948635,0.9329592927893035,0.07908083840948635,0.9009652953303829,True
912,0,0.5382428486915163,912,A,0.060752846362695366,0.9009652953303829,0.07908083840948635,0.9329592927893035,0.07908083840948635,0.9009652953303829,True
913,1,0.9182090555294753,913,A,0.060752846362695366,0.9009652953303829,0.07908083840948635,0.9329592927893035,0.07908083840948635,0.9009652953303829,False
914,1,0.7861946847270128,914,A,0.060752846362695366,0.9009652953303829,0.07908083840948635,0.9329592927893035,0.07908083840948635,0.9009652953303829,True
915,1,0.557465914280444,915,A,0.060752846362695366,0.9009652953303829,0.07908083840948635,0.9329592927893035,0.07908083840948635,0.9009652953303829,True
916,1,0.5930737317153444,916,A,0.060752846362695366,0.9009652953303829,0.07908083840948635,0.9329592927893035,0.07908083840948635,0.9009652953303829,True
917,0,0.1927284667572747,917,A,0.060752846362695366,0.9009652953303829,0.07908083840948635,0.9329592927893035,0.07908083840948635,0.9009652953303829,True
918,1,0.5560709716377988,918,A,0.060752846362695366,0.9009652953303829,0.07908083840948635,0.9329592927893035,0.07908083840948635,0.9009652953303829,True
919,1,0.5092372133203693,919,A,0.060752846362695366,0.9009652953303829,0.07908083840948635,0.9329592927893035,0.07908083840948635,0.9009652953303829,True
920,0,0.3149580569413164,920,A,0.060752846362695366,0.9009652953303829,0.07908083840948635,0.9329592927893035,0.07908083840948635,0.9009652953303829,True
921,1,0.5877103680023896,921,A,0.060752846362695366,0.9009652953303829,0.07908083840948635,0.9329592927893035,0.07908083840948635,0.9009652953303829,True
922,1,0.5911885177170642,922,A,0.060752846362695366,0.9009652953303829,0.07908083840948635,0.9329592927893035,0.07908083840948635,0.9009652953303829,True
923,1,0.5429869200982116,923,A,0.060752846362695366,0.9009652953303829,0.07908083840948635,0.9329592927893035,0.07908083840948635,0.9009652953303829,True
924,0,0.332239352077521,924,A,0.060752846362695366,0.9009652953303829,0.07908083840948635,0.9329592927893035,0.07908083840948635,0.9009652953303829,True
925,0,0.7674830168122694,925,A,0.060752846362695366,0.9009652953303829,0.07908083840948635,0.9329592927893035,0.07908083840948635,0.9009652953303829,True
926,0,0.3111649987972315,926,A,0.060752846362695366,0.9009652953303829,0.07908083840948635,0.9329592927893035,0.07908083840948635,0.9009652953303829,True
927,1,0.6445966663992452,927,A,0.060752846362695366,0.9009652953303829,0.07908083840948635,0.9329592927893035,0.07908083840948635,0.9009652953303829,True
928,0,0.21413976519379868,928,A,0.060752846362695366,0.9009652953303829,0.07908083840948635,0.9329592927893035,0.07908083840948635,0.9009652953303829,True
929,1,0.8062738869013769,929,A,0.060752846362695366,0.9009652953303829,0.07908083840948635,0.9329592927893035,0.07908083840948635,0.9009652953303829,True
930,0,0.29714349353425756,930,A,0.060752846362695366,0.9009652953303829,0.07908083840948635,0.9329592927893035,0.07908083840948635,0.9009652953303829,True
931,1,0.3763756756922489,931,A,0.060752846362695366,0.9009652953303829,0.07908083840948635,0.9329592927893035,0.07908083840948635,0.9009652953303829,True
932,0,0.6406185096882753,932,A,0.060752846362695366,0.9009652953303829,0.07908083840948635,0.9329592927893035,0.07908083840948635,0.9009652953303829,True
933,0,0.3768638958159999,933,A,0.060752846362695366,0.9009652953303829,0.07908083840948635,0.9329592927893035,0.07908083840948635,0.9009652953303829,True
934,1,0.8233239530679755,934,A,0.060752846362695366,0.9009652953303829,0.07908083840948635,0.9329592927893035,0.07908083840948635,0.9009652953303829,True
935,1,0.4082106567347281,935,A,0.060752846362695366,0.9009652953303829,0.07908083840948635,0.9329592927893035,0.07908083840948635,0.9009652953303829,True
936,0,0.4546441348437871,936,A,0.060752846362695366,0.9009652953303829,0.07908083840948635,0.9329592927893035,0.07908083840948635,0.9009652953303829,True
937,0,0.2824458606514836,937,A,0.060752846362695366,0.9009652953303829,0.07908083840948635,0.9329592927893035,0.07908083840948635,0.9009652953303829,True
938,0,0.5137329659728983,938,A,0.060752846362695366,0.9009652953303829,0.07908083840948635,0.9329592927893035,0.07908083840948635,0.9009652953303829,True
939,1,0.7287113058328101,939,A,0.060752846362695366,0.9009652953303829,0.07908083840948635,0.9329592927893035,0.07908083840948635,0.9009652953303829,True
940,0,0.653317084663944,940,A,0.060752846362695366,0.9009652953303829,0.07908083840948635,0.9329592927893035,0.07908083840948635,0.9009652953303829,True
941,0,0.5768031857061897,941,A,0.060752846362695366,0.9009652953303829,0.07908083840948635,0.9329592927893035,0.07908083840948635,0.9009652953303829,True
942,1,0.7171197670703623,942,A,0.060752846362695366,0.9009652953303829,0.07908083840948635,0.9329592927893035,0.07908083840948635,0.9009652953303829,True
943,1,0.7360759272577913,943,A,0.060752846362695366,0.9009652953303829,0.07908083840948635,0.9329592927893035,0.07908083840948635,0.9009652953303829,True
944,1,0.45556268543101014,944,A,0.060752846362695366,0.9009652953303829,0.07908083840948635,0.9329592927893035,0.07908083840948635,0.9009652953303829,True
945,1,0.5918145077967863,945,A,0.060752846362695366,0.9009652953303829,0.07908083840948635,0.9329592927893035,0.07908083840948635,0.9009652953303829,True
946,1,0.68133885993049,946,A,0.060752846362695366,0.9009652953303829,0.07908083840948635,0.9329592927893035,0.07908083840948635,0.9009652953303829,True
947,0,0.6915642283144724,947,A,0.060752846362695366,0.9009652953303829,0.07908083840948635,0.9329592927893035,0.07908083840948635,0.9009652953303829,True
948,1,0.8887655219467328,948,A,0.060752846362695366,0.9009652953303829,0.07908083840948635,0.9329592927893035,0.07908083840948635,0.9009652953303829,True
949,0,0.26525117873496745,949,A,0.060752846362695366,0.9009652953303829,0.07908083840948635,0.9329592927893035,0.07908083840948635,0.9009652953303829,True
950,1,0.28359223878327433,950,A,0.060752846362695366,0.9009652953303829,0.07908083840948635,0.9329592927893035,0.07908083840948635,0.9009652953303829,True
951,0,0.681860348298085,951,A,0.060752846362695366,0.9009652953303829,0.07908083840948635,0.9329592927893035,0.07908083840948635,0.9009652953303829,True
952,0,0.1666085645891814,952,A,0.060752846362695366,0.9009652953303829,0.07908083840948635,0.9329592927893035,0.07908083840948635,0.9009652953303829,True
953,1,0.5252877978999152,953,A,0.060752846362695366,0.9009652953303829,0.07908083840948635,0.9329592927893035,0.07908083840948635,0.9009652953303829,True
954,1,0.4813875764866769,954,A,0.060752846362695366,0.9009652953303829,0.07908083840948635,0.9329592927893035,0.07908083840948635,0.9009652953303829,True
955,0,0.42199982096823313,955,A,0.060752846362695366,0.9009652953303829,0.07908083840948635,0.9329592927893035,0.07908083840948635,0.9009652953303829,True
956,0,0.6786068524200279,956,A,0.060752846362695366,0.9009652953303829,0.07908083840948635,0.9329592927893035,0.07908083840948635,0.9009652953303829,True
957,1,0.5440561247797777,957,A,0.060752846362695366,0.9009652953303829,0.07908083840948635,0.9329592927893035,0.07908083840948635,0.9009652953303829,True
958,1,0.25452520547605245,958,A,0.060752846362695366,0.9009652953303829,0.07908083840948635,0.9329592927893035,0.07908083840948635,0.9009652953303829,True
959,1,0.6672143758232936,959,A,0.060752846362695366,0.9009652953303829,0.07908083840948635,0.9329592927893035,0.07908083840948635,0.9009652953303829,True
960,0,0.4727671686806062,960,A,0.060752846362695366,0.9009652953303829,0.07908083840948635,0.9329592927893035,0.07908083840948635,0.9009652953303829,True
961,1,0.21487385506493645,961,A,0.060752846362695366,0.9009652953303829,0.07908083840948635,0.9329592927893035,0.07908083840948635,0.9009652953303829,True
962,0,0.5845365838868636,962,A,0.060752846362695366,0.9009652953303829,0.07908083840948635,0.9329592927893035,0.07908083840948635,0.9009652953303829,True
963,0,0.3963912134778282,963,A,0.060752846362695366,0.9009652953303829,0.07908083840948635,0.9329592927893035,0.07908083840948635,0.9009652953303829,True
964,1,0.888958522661046,964,A,0.060752846362695366,0.9009652953303829,0.07908083840948635,0.9329592927893035,0.07908083840948635,0.9009652953303829,True
965,1,0.7408052464323988,965,A,0.060752846362695366,0.9009652953303829,0.07908083840948635,0.9329592927893035,0.07908083840948635,0.9009652953303829,True
966,0,0.4013983090859451,966,A,0.060752846362695366,0.9009652953303829,0.07908083840948635,0.9329592927893035,0.07908083840948635,0.9009652953303829,True
967,0,0.8134415408846537,967,A,0.060752846362695366,0.9009652953303829,0.07908083840948635,0.9329592927893035,0.07908083840948635,0.9009652953303829,True
968,0,0.0721227432363794,968,A,0.060752846362695366,0.9009652953303829,0.07908083840948635,0.9329592927893035,0.07908083840948635,0.9009652953303829,False
969,1,0.6458522150370288,969,A,0.060752846362695366,0.9009652953303829,0.07908083840948635,0.9329592927893035,0.07908083840948635,0.9009652953303829,True
970,1,0.6650480487901527,970,A,0.060752846362695366,0.9009652953303829,0.07908083840948635,0.9329592927893035,0.07908083840948635,0.9009652953303829,True
971,1,0.296378855495826,971,A,0.060752846362695366,0.9009652953303829,0.07908083840948635,0.9329592927893035,0.07908083840948635,0.9009652953303829,True
972,1,0.37383657075310817,972,A,0.060752846362695366,0.9009652953303829,0.07908083840948635,0.9329592927893035,0.07908083840948635,0.9009652953303829,True
973,0,0.309057416448023,973,A,0.060752846362695366,0.9009652953303829,0.07908083840948635,0.9329592927893035,0.07908083840948635,0.9009652953303829,True
974,0,0.34101637158947073,974,A,0.060752846362695366,0.9009652953303829,0.07908083840948635,0.9329592927893035,0.07908083840948635,0.9009652953303829,True
975,1,0.44298926379537085,975,A,0.060752846362695366,0.9009652953303829,0.07908083840948635,0.9329592927893035,0.07908083840948635,0.9009652953303829,True
976,0,0.3628602076729253,976,A,0.060752846362695366,0.9009652953303829,0.07908083840948635,0.9329592927893035,0.07908083840948635,0.9009652953303829,True
977,0,0.37143424999536373,977,A,0.060752846362695366,0.9009652953303829,0.07908083840948635,0.9329592927893035,0.07908083840948635,0.9009652953303829,True
978,1,0.26377326383440813,978,A,0.060752846362695366,0.9009652953303829,0.07908083840948635,0.9329592927893035,0.07908083840948635,0.9009652953303829,True
979,0,0.292632188207205,979,A,0.060752846362695366,0.9009652953303829,0.07908083840948635,0.9329592927893035,0.07908083840948635,0.9009652953303829,True
980,0,0.21632101757677613,980,A,0.060752846362695366,0.9009652953303829,0.07908083840948635,0.9329592927893035,0.07908083840948635,0.9009652953303829,True
981,1,0.8201834048347308,981,A,0.060752846362695366,0.9009652953303829,0.07908083840948635,0.9329592927893035,0.07908083840948635,0.9009652953303829,True
982,0,0.29823648509662476,982,A,0.060752846362695366,0.9009652953303829,0.07908083840948635,0.9329592927893035,0.07908083840948635,0.9009652953303829,True
983,1,0.4692446979353306,983,A,0.060752846362695366,0.9009652953303829,0.07908083840948635,0.9329592927893035,0.07908083840948635,0.9009652953303829,True
984,0,0.6214027233379638,984,A,0.060752846362695366,0.9009652953303829,0.07908083840948635,0.9329592927893035,0.07908083840948635,0.9009652953303829,True
985,1,0.5432923513573328,985,A,0.060752846362695366,0.9009652953303829,0.07908083840948635,0.9329592927893035,0.07908083840948635,0.9009652953303829,True
986,0,0.23163513122734963,986,A,0.060752846362695366,0.9009652953303829,0.07908083840948635,0.9329592927893035,0.07908083840948635,0.9009652953303829,True
987,0,0.5064802378420297,987,A,0.060752846362695366,0.9009652953303829,0.07908083840948635,0.9329592927893035,0.07908083840948635,0.9009652953303829,True
988,0,0.44770199710469055,988,A,0.060752846362695366,0.9009652953303829,0.07908083840948635,0.9329592927893035,0.07908083840948635,0.9009652953303829,True
989,0,0.2877841780842341,989,A,0.060752846362695366,0.9009652953303829,0.07908083840948635,0.9329592927893035,0.07908083840948635,0.9009652953303829,True
990,0,0.3141973165752619,990,A,0.060752846362695366,0.9009652953303829,0.07908083840948635,0.9329592927893035,0.07908083840948635,0.9009652953303829,True
991,1,0.21251671657127902,991,A,0.060752846362695366,0.9009652953303829,0.07908083840948635,0.9329592927893035,0.07908083840948635,0.9009652953303829,True
992,0,0.3943011902585816,992,A,0.060752846362695366,0.9009652953303829,0.07908083840948635,0.9329592927893035,0.07908083840948635,0.9009652953303829,True
993,1,0.5992776315009484,993,A,0.060752846362695366,0.9009652953303829,0.07908083840948635,0.9329592927893035,0.07908083840948635,0.9009652953303829,True
994,1,0.44111693149776365,994,A,0.060752846362695366,0.9009652953303829,0.07908083840948635,0.9329592927893035,0.07908083840948635,0.9009652953303829,True
995,0,0.30909766216249934,995,A,0.060752846362695366,0.9009652953303829,0.07908083840948635,0.9329592927893035,0.07908083840948635,0.9009652953303829,True
996,0,0.5121819274208491,996,A,0.060752846362695366,0.9009652953303829,0.07908083840948635,0.9329592927893035,0.07908083840948635,0.9009652953303829,True
997,1,0.41038641058484865,997,A,0.060752846362695366,0.9009652953303829,0.07908083840948635,0.9329592927893035,0.07908083840948635,0.9009652953303829,True
998,0,0.4915932979829258,998,A,0.060752846362695366,0.9009652953303829,0.07908083840948635,0.9329592927893035,0.07908083840948635,0.9009652953303829,True
999,0,0.060752846362695366,999,A,0.060752846362695366,0.9009652953303829,0.07908083840948635,0.9329592927893035,0.07908083840948635,0.9009652953303829,False
0,1,0.43218903944148324,0,B,0.06693267565173759,0.8472883120386572,0.0961768439108298,0.9106873574872388,0.0961768439108298,0.8472883120386572,True
1,1,0.5647257549779754,1,B,0.06693267565173759,0.8472883120386572,0.0961768439108298,0.9106873574872388,0.0961768439108298,0.8472883120386572,True
2,1,0.7467137798151466,2,B,0.06693267565173759,0.8472883120386572,0.0961768439108298,0.9106873574872388,0.0961768439108298,0.8472883120386572,True
3,0,0.37186723698462737,3,B,0.06693267565173759,0.8472883120386572,0.0961768439108298,0.9106873574872388,0.0961768439108298,0.8472883120386572,True
4,0,0.49270052997504366,4,B,0.06693267565173759,0.8472883120386572,0.0961768439108298,0.9106873574872388,0.0961768439108298,0.8472883120386572,True
5,0,0.3821113887127484,5,B,0.06693267565173759,0.8472883120386572,0.0961768439108298,0.9106873574872388,0.0961768439108298,0.8472883120386572,True
6,1,0.6454570499806397,6,B,0.06693267565173759,0.8472883120386572,0.0961768439108298,0.9106873574872388,0.0961768439108298,0.8472883120386572,True
7,1,0.5722463980084229,7,B,0.06693267565173759,0.8472883120386572,0.0961768439108298,0.9106873574872388,0.0961768439108298,0.8472883120386572,True
8,0,0.6366347970950926,8,B,0.06693267565173759,0.8472883120386572,0.0961768439108298,0.9106873574872388,0.0961768439108298,0.8472883120386572,True
9,0,0.4259016996552536,9,B,0.06693267565173759,0.8472883120386572,0.0961768439108298,0.9106873574872388,0.0961768439108298,0.8472883120386572,True
10,1,0.44204463252246734,10,B,0.06693267565173759,0.8472883120386572,0.0961768439108298,0.9106873574872388,0.0961768439108298,0.8472883120386572,True
11,1,0.4377561821766537,11,B,0.06693267565173759,0.8472883120386572,0.0961768439108298,0.9106873574872388,0.0961768439108298,0.8472883120386572,True
12,0,0.31940497779088955,12,B,0.06693267565173759,0.8472883120386572,0.0961768439108298,0.9106873574872388,0.0961768439108298,0.8472883120386572,True
13,0,0.6069001991210861,13,B,0.06693267565173759,0.8472883120386572,0.0961768439108298,0.9106873574872388,0.0961768439108298,0.8472883120386572,True
14,0,0.26786055675879417,14,B,0.06693267565173759,0.8472883120386572,0.0961768439108298,0.9106873574872388,0.0961768439108298,0.8472883120386572,True
15,1,0.5711736092795388,15,B,0.06693267565173759,0.8472883120386572,0.0961768439108298,0.9106873574872388,0.0961768439108298,0.8472883120386572,True
16,1,0.7524757253310711,16,B,0.06693267565173759,0.8472883120386572,0.0961768439108298,0.9106873574872388,0.0961768439108298,0.8472883120386572,True
17,0,0.4525160641492462,17,B,0.06693267565173759,0.8472883120386572,0.0961768439108298,0.9106873574872388,0.0961768439108298,0.8472883120386572,True
18,0,0.6682509890448256,18,B,0.06693267565173759,0.8472883120386572,0.0961768439108298,0.9106873574872388,0.0961768439108298,0.8472883120386572,True
19,1,0.24100964043298476,19,B,0.06693267565173759,0.8472883120386572,0.0961768439108298,0.9106873574872388,0.0961768439108298,0.8472883120386572,True
20,1,0.7186913647569593,20,B,0.06693267565173759,0.8472883120386572,0.0961768439108298,0.9106873574872388,0.0961768439108298,0.8472883120386572,True
21,0,0.5906623296040385,21,B,0.06693267565173759,0.8472883120386572,0.0961768439108298,0.9106873574872388,0.0961768439108298,0.8472883120386572,True
22,0,0.44953488374361594,22,B,0.06693267565173759,0.8472883120386572,0.0961768439108298,0.9106873574872388,0.0961768439108298,0.8472883120386572,True
23,1,0.6519203827038357,23,B,0.06693267565173759,0.8472883120386572,0.0961768439108298,0.9106873574872388,0.0961768439108298,0.8472883120386572,True
24,1,0.7934601715579221,24,B,0.06693267565173759,0.8472883120386572,0.0961768439108298,0.9106873574872388,0.0961768439108298,0.8472883120386572,True
25,0,0.45505496769043985,25,B,0.06693267565173759,0.8472883120386572,0.0961768439108298,0.9106873574872388,0.0961768439108298,0.8472883120386572,True
26,0,0.5032460219347852,26,B,0.06693267565173759,0.8472883120386572,0.0961768439108298,0.9106873574872388,0.0961768439108298,0.8472883120386572,True
27,1,0.27249970346489255,27,B,0.06693267565173759,0.8472883120386572,0.0961768439108298,0.9106873574872388,0.0961768439108298,0.8472883120386572,True
28,1,0.47606795540872543,28,B,0.06693267565173759,0.8472883120386572,0.0961768439108298,0.9106873574872388,0.0961768439108298,0.8472883120386572,True
29,0,0.19597403499148391,29,B,0.06693267565173759,0.8472883120386572,0.0961768439108298,0.9106873574872388,0.0961768439108298,0.8472883120386572,True
30,0,0.6574083455061344,30,B,0.06693267565173759,0.8472883120386572,0.0961768439108298,0.9106873574872388,0.0961768439108298,0.8472883120386572,True
31,0,0.6045386094584178,31,B,0.06693267565173759,0.8472883120386572,0.0961768439108298,0.9106873574872388,0.0961768439108298,0.8472883120386572,True
32,1,0.46938393694653535,32,B,0.06693267565173759,0.8472883120386572,0.0961768439108298,0.9106873574872388,0.0961768439108298,0.8472883120386572,True
33,0,0.3423635708879316,33,B,0.06693267565173759,0.8472883120386572,0.0961768439108298,0.9106873574872388,0.0961768439108298,0.8472883120386572,True
34,1,0.3044227169037144,34,B,0.06693267565173759,0.8472883120386572,0.0961768439108298,0.9106873574872388,0.0961768439108298,0.8472883120386572,True
35,0,0.2002866621643064,35,B,0.06693267565173759,0.8472883120386572,0.0961768439108298,0.9106873574872388,0.0961768439108298,0.8472883120386572,True
36,1,0.6814907071484563,36,B,0.06693267565173759,0.8472883120386572,0.0961768439108298,0.9106873574872388,0.0961768439108298,0.8472883120386572,True
37,0,0.44589337572517806,37,B,0.06693267565173759,0.8472883120386572,0.0961768439108298,0.9106873574872388,0.0961768439108298,0.8472883120386572,True
38,1,0.47337696751547764,38,B,0.06693267565173759,0.8472883120386572,0.0961768439108298,0.9106873574872388,0.0961768439108298,0.8472883120386572,True
39,1,0.5284052863630466,39,B,0.06693267565173759,0.8472883120386572,0.0961768439108298,0.9106873574872388,0.0961768439108298,0.8472883120386572,True
40,1,0.7621606117939431,40,B,0.06693267565173759,0.8472883120386572,0.0961768439108298,0.9106873574872388,0.0961768439108298,0.8472883120386572,True
41,1,0.5849778345156803,41,B,0.06693267565173759,0.8472883120386572,0.0961768439108298,0.9106873574872388,0.0961768439108298,0.8472883120386572,True
42,1,0.39341045827627347,42,B,0.06693267565173759,0.8472883120386572,0.0961768439108298,0.9106873574872388,0.0961768439108298,0.8472883120386572,True
43,1,0.774240980258456,43,B,0.06693267565173759,0.8472883120386572,0.0961768439108298,0.9106873574872388,0.0961768439108298,0.8472883120386572,True
44,1,0.33019921091141025,44,B,0.06693267565173759,0.8472883120386572,0.0961768439108298,0.9106873574872388,0.0961768439108298,0.8472883120386572,True
45,1,0.43119557077153076,45,B,0.06693267565173759,0.8472883120386572,0.0961768439108298,0.9106873574872388,0.0961768439108298,0.8472883120386572,True
46,1,0.4674515630464303,46,B,0.06693267565173759,0.8472883120386572,0.0961768439108298,0.9106873574872388,0.0961768439108298,0.8472883120386572,True
47,0,0.3294948589883355,47,B,0.06693267565173759,0.8472883120386572,0.0961768439108298,0.9106873574872388,0.0961768439108298,0.8472883120386572,True
48,0,0.3034790604297099,48,B,0.06693267565173759,0.8472883120386572,0.0961768439108298,0.9106873574872388,0.0961768439108298,0.8472883120386572,True
49,1,0.7125618651062826,49,B,0.06693267565173759,0.8472883120386572,0.0961768439108298,0.9106873574872388,0.0961768439108298,0.8472883120386572,True
50,1,0.5858668113142042,50,B,0.06693267565173759,0.8472883120386572,0.0961768439108298,0.9106873574872388,0.0961768439108298,0.8472883120386572,True
51,1,0.2856391206425542,51,B,0.06693267565173759,0.8472883120386572,0.0961768439108298,0.9106873574872388,0.0961768439108298,0.8472883120386572,True
52,0,0.4051510169389367,52,B,0.06693267565173759,0.8472883120386572,0.0961768439108298,0.9106873574872388,0.0961768439108298,0.8472883120386572,True
53,1,0.0961768439108298,53,B,0.06693267565173759,0.8472883120386572,0.0961768439108298,0.9106873574872388,0.0961768439108298,0.8472883120386572,True
54,1,0.5630404792200526,54,B,0.06693267565173759,0.8472883120386572,0.0961768439108298,0.9106873574872388,0.0961768439108298,0.8472883120386572,True
55,0,0.41809179153916953,55,B,0.06693267565173759,0.8472883120386572,0.0961768439108298,0.9106873574872388,0.0961768439108298,0.8472883120386572,True
56,0,0.3419183983257082,56,B,0.06693267565173759,0.8472883120386572,0.0961768439108298,0.9106873574872388,0.0961768439108298,0.8472883120386572,True
57,0,0.41962414693495814,57,B,0.06693267565173759,0.8472883120386572,0.0961768439108298,0.9106873574872388,0.0961768439108298,0.8472883120386572,True
58,1,0.36852657006672224,58,B,0.06693267565173759,0.8472883120386572,0.0961768439108298,0.9106873574872388,0.0961768439108298,0.8472883120386572,True
59,1,0.4277871456548717,59,B,0.06693267565173759,0.8472883120386572,0.0961768439108298,0.9106873574872388,0.0961768439108298,0.8472883120386572,True
60,0,0.23909799739419357,60,B,0.06693267565173759,0.8472883120386572,0.0961768439108298,0.9106873574872388,0.0961768439108298,0.8472883120386572,True
61,0,0.558157325579295,61,B,0.06693267565173759,0.8472883120386572,0.0961768439108298,0.9106873574872388,0.0961768439108298,0.8472883120386572,True
62,0,0.6563936537161544,62,B,0.06693267565173759,0.8472883120386572,0.0961768439108298,0.9106873574872388,0.0961768439108298,0.8472883120386572,True
63,0,0.7235902882511475,63,B,0.06693267565173759,0.8472883120386572,0.0961768439108298,0.9106873574872388,0.0961768439108298,0.8472883120386572,True
64,1,0.5119722507855217,64,B,0.06693267565173759,0.8472883120386572,0.0961768439108298,0.9106873574872388,0.0961768439108298,0.8472883120386572,True
65,1,0.4345186379702766,65,B,0.06693267565173759,0.8472883120386572,0.0961768439108298,0.9106873574872388,0.0961768439108298,0.8472883120386572,True
66,0,0.15358647096765274,66,B,0.06693267565173759,0.8472883120386572,0.0961768439108298,0.9106873574872388,0.0961768439108298,0.8472883120386572,True
67,0,0.4854380345431539,67,B,0.06693267565173759,0.8472883120386572,0.0961768439108298,0.9106873574872388,0.0961768439108298,0.8472883120386572,True
68,1,0.413490528464074,68,B,0.06693267565173759,0.8472883120386572,0.0961768439108298,0.9106873574872388,0.0961768439108298,0.8472883120386572,True
69,1,0.6471228666555865,69,B,0.06693267565173759,0.8472883120386572,0.0961768439108298,0.9106873574872388,0.0961768439108298,0.8472883120386572,True
70,1,0.34430695872307876,70,B,0.06693267565173759,0.8472883120386572,0.0961768439108298,0.9106873574872388,0.0961768439108298,0.8472883120386572,True
71,0,0.4745718501517624,71,B,0.06693267565173759,0.8472883120386572,0.0961768439108298,0.9106873574872388,0.0961768439108298,0.8472883120386572,True
72,1,0.607076493589748,72,B,0.06693267565173759,0.8472883120386572,0.0961768439108298,0.9106873574872388,0.0961768439108298,0.8472883120386572,True
73,1,0.18135888722906274,73,B,0.06693267565173759,0.8472883120386572,0.0961768439108298,0.9106873574872388,0.0961768439108298,0.8472883120386572,True
74,1,0.4653475622046503,74,B,0.06693267565173759,0.8472883120386572,0.0961768439108298,0.9106873574872388,0.0961768439108298,0.8472883120386572,True
75,0,0.8400377738817487,75,B,0.06693267565173759,0.8472883120386572,0.0961768439108298,0.9106873574872388,0.0961768439108298,0.8472883120386572,True
76,1,0.6056670713054487,76,B,0.06693267565173759,0.8472883120386572,0.0961768439108298,0.9106873574872388,0.0961768439108298,0.8472883120386572,True
77,1,0.7788775338511913,77,B,0.06693267565173759,0.8472883120386572,0.0961768439108298,0.9106873574872388,0.0961768439108298,0.8472883120386572,True
78,1,0.38583928191717987,78,B,0.06693267565173759,0.8472883120386572,0.0961768439108298,0.9106873574872388,0.0961768439108298,0.8472883120386572,True
79,1,0.424131544278797,79,B,0.06693267565173759,0.8472883120386572,0.0961768439108298,0.9106873574872388,0.0961768439108298,0.8472883120386572,True
80,1,0.6078243950623395,80,B,0.06693267565173759,0.8472883120386572,0.0961768439108298,0.9106873574872388,0.0961768439108298,0.8472883120386572,True
81,0,0.47601645401163367,81,B,0.06693267565173759,0.8472883120386572,0.0961768439108298,0.9106873574872388,0.0961768439108298,0.8472883120386572,True
82,0,0.09721024148822198,82,B,0.06693267565173759,0.8472883120386572,0.0961768439108298,0.9106873574872388,0.0961768439108298,0.8472883120386572,True
83,0,0.5211929954327961,83,B,0.06693267565173759,0.8472883120386572,0.0961768439108298,0.9106873574872388,0.0961768439108298,0.8472883120386572,True
84,0,0.5026419920875173,84,B,0.06693267565173759,0.8472883120386572,0.0961768439108298,0.9106873574872388,0.0961768439108298,0.8472883120386572,True
85,0,0.3407901668550855,85,B,0.06693267565173759,0.8472883120386572,0.0961768439108298,0.9106873574872388,0.0961768439108298,0.8472883120386572,True
86,0,0.41921732422536595,86,B,0.06693267565173759,0.8472883120386572,0.0961768439108298,0.9106873574872388,0.0961768439108298,0.8472883120386572,True
87,1,0.6747570803535818,87,B,0.06693267565173759,0.8472883120386572,0.0961768439108298,0.9106873574872388,0.0961768439108298,0.8472883120386572,True
88,0,0.6293897601261641,88,B,0.06693267565173759,0.8472883120386572,0.0961768439108298,0.9106873574872388,0.0961768439108298,0.8472883120386572,True
89,0,0.5365141561720387,89,B,0.06693267565173759,0.8472883120386572,0.0961768439108298,0.9106873574872388,0.0961768439108298,0.8472883120386572,True
90,0,0.32643943273572806,90,B,0.06693267565173759,0.8472883120386572,0.0961768439108298,0.9106873574872388,0.0961768439108298,0.8472883120386572,True
91,1,0.5085179635872638,91,B,0.06693267565173759,0.8472883120386572,0.0961768439108298,0.9106873574872388,0.0961768439108298,0.8472883120386572,True
92,0,0.35014889195746146,92,B,0.06693267565173759,0.8472883120386572,0.0961768439108298,0.9106873574872388,0.0961768439108298,0.8472883120386572,True
93,1,0.8280152818895488,93,B,0.06693267565173759,0.8472883120386572,0.0961768439108298,0.9106873574872388,0.0961768439108298,0.8472883120386572,True
94,0,0.2627705866028007,94,B,0.06693267565173759,0.8472883120386572,0.0961768439108298,0.9106873574872388,0.0961768439108298,0.8472883120386572,True
95,1,0.813732160406851,95,B,0.06693267565173759,0.8472883120386572,0.0961768439108298,0.9106873574872388,0.0961768439108298,0.8472883120386572,True
96,0,0.4499908159769981,96,B,0.06693267565173759,0.8472883120386572,0.0961768439108298,0.9106873574872388,0.0961768439108298,0.8472883120386572,True
97,1,0.35095704526292365,97,B,0.06693267565173759,0.8472883120386572,0.0961768439108298,0.9106873574872388,0.0961768439108298,0.8472883120386572,True
98,1,0.559795734648007,98,B,0.06693267565173759,0.8472883120386572,0.0961768439108298,0.9106873574872388,0.0961768439108298,0.8472883120386572,True
99,0,0.7737324760092009,99,B,0.06693267565173759,0.8472883120386572,0.0961768439108298,0.9106873574872388,0.0961768439108298,0.8472883120386572,True
100,0,0.5515272808234482,100,B,0.06693267565173759,0.8472883120386572,0.0961768439108298,0.9106873574872388,0.0961768439108298,0.8472883120386572,True
101,0,0.4235101220060792,101,B,0.06693267565173759,0.8472883120386572,0.0961768439108298,0.9106873574872388,0.0961768439108298,0.8472883120386572,True
102,1,0.215139211890697,102,B,0.06693267565173759,0.8472883120386572,0.0961768439108298,0.9106873574872388,0.0961768439108298,0.8472883120386572,True
103,1,0.5051124397568822,103,B,0.06693267565173759,0.8472883120386572,0.0961768439108298,0.9106873574872388,0.0961768439108298,0.8472883120386572,True
104,0,0.46868811387255516,104,B,0.06693267565173759,0.8472883120386572,0.0961768439108298,0.9106873574872388,0.0961768439108298,0.8472883120386572,True
105,1,0.6394943866085614,105,B,0.06693267565173759,0.8472883120386572,0.0961768439108298,0.9106873574872388,0.0961768439108298,0.8472883120386572,True
106,1,0.4325082439529202,106,B,0.06693267565173759,0.8472883120386572,0.0961768439108298,0.9106873574872388,0.0961768439108298,0.8472883120386572,True
107,0,0.3945497702918983,107,B,0.06693267565173759,0.8472883120386572,0.0961768439108298,0.9106873574872388,0.0961768439108298,0.8472883120386572,True
108,1,0.6693683497625026,108,B,0.06693267565173759,0.8472883120386572,0.0961768439108298,0.9106873574872388,0.0961768439108298,0.8472883120386572,True
109,0,0.2403061297965662,109,B,0.06693267565173759,0.8472883120386572,0.0961768439108298,0.9106873574872388,0.0961768439108298,0.8472883120386572,True
110,0,0.4064153721795828,110,B,0.06693267565173759,0.8472883120386572,0.0961768439108298,0.9106873574872388,0.0961768439108298,0.8472883120386572,True
111,0,0.34624809983139093,111,B,0.06693267565173759,0.8472883120386572,0.0961768439108298,0.9106873574872388,0.0961768439108298,0.8472883120386572,True
112,0,0.35413998463987956,112,B,0.06693267565173759,0.8472883120386572,0.0961768439108298,0.9106873574872388,0.0961768439108298,0.8472883120386572,True
113,0,0.3672123204702077,113,B,0.06693267565173759,0.8472883120386572,0.0961768439108298,0.9106873574872388,0.0961768439108298,0.8472883120386572,True
114,1,0.475670606316702,114,B,0.06693267565173759,0.8472883120386572,0.0961768439108298,0.9106873574872388,0.0961768439108298,0.8472883120386572,True
115,0,0.8472883120386572,115,B,0.06693267565173759,0.8472883120386572,0.0961768439108298,0.9106873574872388,0.0961768439108298,0.8472883120386572,True
116,1,0.3866732062140726,116,B,0.06693267565173759,0.8472883120386572,0.0961768439108298,0.9106873574872388,0.0961768439108298,0.8472883120386572,True
117,0,0.3222900229603586,117,B,0.06693267565173759,0.8472883120386572,0.0961768439108298,0.9106873574872388,0.0961768439108298,0.8472883120386572,True
118,0,0.8001048632966563,118,B,0.06693267565173759,0.8472883120386572,0.0961768439108298,0.9106873574872388,0.0961768439108298,0.8472883120386572,True
119,0,0.4500362228818178,119,B,0.06693267565173759,0.8472883120386572,0.0961768439108298,0.9106873574872388,0.0961768439108298,0.8472883120386572,True
120,0,0.23047229159926821,120,B,0.06693267565173759,0.8472883120386572,0.0961768439108298,0.9106873574872388,0.0961768439108298,0.8472883120386572,True
121,1,0.41860611262264763,121,B,0.06693267565173759,0.8472883120386572,0.0961768439108298,0.9106873574872388,0.0961768439108298,0.8472883120386572,True
122,1,0.24834638976408466,122,B,0.06693267565173759,0.8472883120386572,0.0961768439108298,0.9106873574872388,0.0961768439108298,0.8472883120386572,True
123,1,0.641141612936994,123,B,0.06693267565173759,0.8472883120386572,0.0961768439108298,0.9106873574872388,0.0961768439108298,0.8472883120386572,True
124,0,0.4209533298363683,124,B,0.06693267565173759,0.8472883120386572,0.0961768439108298,0.9106873574872388,0.0961768439108298,0.8472883120386572,True
125,1,0.20849477943933176,125,B,0.06693267565173759,0.8472883120386572,0.0961768439108298,0.9106873574872388,0.0961768439108298,0.8472883120386572,True
126,0,0.4245317063850059,126,B,0.06693267565173759,0.8472883120386572,0.0961768439108298,0.9106873574872388,0.0961768439108298,0.8472883120386572,True
127,1,0.6217411391697958,127,B,0.06693267565173759,0.8472883120386572,0.0961768439108298,0.9106873574872388,0.0961768439108298,0.8472883120386572,True
128,0,0.14333805980878223,128,B,0.06693267565173759,0.8472883120386572,0.0961768439108298,0.9106873574872388,0.0961768439108298,0.8472883120386572,True
129,0,0.34691814563529644,129,B,0.06693267565173759,0.8472883120386572,0.0961768439108298,0.9106873574872388,0.0961768439108298,0.8472883120386572,True
130,1,0.5674769365754012,130,B,0.06693267565173759,0.8472883120386572,0.0961768439108298,0.9106873574872388,0.0961768439108298,0.8472883120386572,True
131,0,0.43732701399284896,131,B,0.06693267565173759,0.8472883120386572,0.0961768439108298,0.9106873574872388,0.0961768439108298,0.8472883120386572,True
132,1,0.5876773602129054,132,B,0.06693267565173759,0.8472883120386572,0.0961768439108298,0.9106873574872388,0.0961768439108298,0.8472883120386572,True
133,1,0.23045192749509966,133,B,0.06693267565173759,0.8472883120386572,0.0961768439108298,0.9106873574872388,0.0961768439108298,0.8472883120386572,True
134,0,0.23814997106147207,134,B,0.06693267565173759,0.8472883120386572,0.0961768439108298,0.9106873574872388,0.0961768439108298,0.8472883120386572,True
135,1,0.3686756935740094,135,B,0.06693267565173759,0.8472883120386572,0.0961768439108298,0.9106873574872388,0.0961768439108298,0.8472883120386572,True
136,0,0.5452053575583528,136,B,0.06693267565173759,0.8472883120386572,0.0961768439108298,0.9106873574872388,0.0961768439108298,0.8472883120386572,True
137,0,0.47557591756244233,137,B,0.06693267565173759,0.8472883120386572,0.0961768439108298,0.9106873574872388,0.0961768439108298,0.8472883120386572,True
138,1,0.6387289832932739,138,B,0.06693267565173759,0.8472883120386572,0.0961768439108298,0.9106873574872388,0.0961768439108298,0.8472883120386572,True
139,0,0.22450367239978622,139,B,0.06693267565173759,0.8472883120386572,0.0961768439108298,0.9106873574872388,0.0961768439108298,0.8472883120386572,True
140,0,0.21403591691957566,140,B,0.06693267565173759,0.8472883120386572,0.0961768439108298,0.9106873574872388,0.0961768439108298,0.8472883120386572,True
141,1,0.4428570414762755,141,B,0.06693267565173759,0.8472883120386572,0.0961768439108298,0.9106873574872388,0.0961768439108298,0.8472883120386572,True
142,0,0.14272810008604017,142,B,0.06693267565173759,0.8472883120386572,0.0961768439108298,0.9106873574872388,0.0961768439108298,0.8472883120386572,True
143,0,0.4688287013861119,143,B,0.06693267565173759,0.8472883120386572,0.0961768439108298,0.9106873574872388,0.0961768439108298,0.8472883120386572,True
144,0,0.3511581745336846,144,B,0.06693267565173759,0.8472883120386572,0.0961768439108298,0.9106873574872388,0.0961768439108298,0.8472883120386572,True
145,1,0.6836669686146347,145,B,0.06693267565173759,0.8472883120386572,0.0961768439108298,0.9106873574872388,0.0961768439108298,0.8472883120386572,True
146,1,0.46891710177762,146,B,0.06693267565173759,0.8472883120386572,0.0961768439108298,0.9106873574872388,0.0961768439108298,0.8472883120386572,True
147,1,0.6201579328148731,147,B,0.06693267565173759,0.8472883120386572,0.0961768439108298,0.9106873574872388,0.0961768439108298,0.8472883120386572,True
148,0,0.4407076478626579,148,B,0.06693267565173759,0.8472883120386572,0.0961768439108298,0.9106873574872388,0.0961768439108298,0.8472883120386572,True
149,1,0.5457702534300698,149,B,0.06693267565173759,0.8472883120386572,0.0961768439108298,0.9106873574872388,0.0961768439108298,0.8472883120386572,True
150,0,0.4467725091241864,150,B,0.06693267565173759,0.8472883120386572,0.0961768439108298,0.9106873574872388,0.0961768439108298,0.8472883120386572,True
151,1,0.46913115731303084,151,B,0.06693267565173759,0.8472883120386572,0.0961768439108298,0.9106873574872388,0.0961768439108298,0.8472883120386572,True
152,0,0.48318642148503427,152,B,0.06693267565173759,0.8472883120386572,0.0961768439108298,0.9106873574872388,0.0961768439108298,0.8472883120386572,True
153,1,0.5675882008551978,153,B,0.06693267565173759,0.8472883120386572,0.0961768439108298,0.9106873574872388,0.0961768439108298,0.8472883120386572,True
154,0,0.6771044132594517,154,B,0.06693267565173759,0.8472883120386572,0.0961768439108298,0.9106873574872388,0.0961768439108298,0.8472883120386572,True
155,1,0.6165320664857534,155,B,0.06693267565173759,0.8472883120386572,0.0961768439108298,0.9106873574872388,0.0961768439108298,0.8472883120386572,True
156,0,0.4560863852231319,156,B,0.06693267565173759,0.8472883120386572,0.0961768439108298,0.9106873574872388,0.0961768439108298,0.8472883120386572,True
157,0,0.38684611082172343,157,B,0.06693267565173759,0.8472883120386572,0.0961768439108298,0.9106873574872388,0.0961768439108298,0.8472883120386572,True
158,1,0.6364057512519424,158,B,0.06693267565173759,0.8472883120386572,0.0961768439108298,0.9106873574872388,0.0961768439108298,0.8472883120386572,True
159,1,0.3895929263725216,159,B,0.06693267565173759,0.8472883120386572,0.0961768439108298,0.9106873574872388,0.0961768439108298,0.8472883120386572,True
160,0,0.4232709506487339,160,B,0.06693267565173759,0.8472883120386572,0.0961768439108298,0.9106873574872388,0.0961768439108298,0.8472883120386572,True
161,0,0.6381792935059992,161,B,0.06693267565173759,0.8472883120386572,0.0961768439108298,0.9106873574872388,0.0961768439108298,0.8472883120386572,True
162,1,0.7474975657871672,162,B,0.06693267565173759,0.8472883120386572,0.0961768439108298,0.9106873574872388,0.0961768439108298,0.8472883120386572,True
163,0,0.5980229606388214,163,B,0.06693267565173759,0.8472883120386572,0.0961768439108298,0.9106873574872388,0.0961768439108298,0.8472883120386572,True
164,0,0.3941456660107546,164,B,0.06693267565173759,0.8472883120386572,0.0961768439108298,0.9106873574872388,0.0961768439108298,0.8472883120386572,True
165,0,0.1793430387851602,165,B,0.06693267565173759,0.8472883120386572,0.0961768439108298,0.9106873574872388,0.0961768439108298,0.8472883120386572,True
166,0,0.18842802874666154,166,B,0.06693267565173759,0.8472883120386572,0.0961768439108298,0.9106873574872388,0.0961768439108298,0.8472883120386572,True
167,0,0.37248892952541424,167,B,0.06693267565173759,0.8472883120386572,0.0961768439108298,0.9106873574872388,0.0961768439108298,0.8472883120386572,True
168,1,0.6179460989326853,168,B,0.06693267565173759,0.8472883120386572,0.0961768439108298,0.9106873574872388,0.0961768439108298,0.8472883120386572,True
169,1,0.5836039490749143,169,B,0.06693267565173759,0.8472883120386572,0.0961768439108298,0.9106873574872388,0.0961768439108298,0.8472883120386572,True
170,0,0.4956121858639196,170,B,0.06693267565173759,0.8472883120386572,0.0961768439108298,0.9106873574872388,0.0961768439108298,0.8472883120386572,True
171,1,0.20824142541030488,171,B,0.06693267565173759,0.8472883120386572,0.0961768439108298,0.9106873574872388,0.0961768439108298,0.8472883120386572,True
172,0,0.3880767491702228,172,B,0.06693267565173759,0.8472883120386572,0.0961768439108298,0.9106873574872388,0.0961768439108298,0.8472883120386572,True
173,0,0.3850701357603027,173,B,0.06693267565173759,0.8472883120386572,0.0961768439108298,0.9106873574872388,0.0961768439108298,0.8472883120386572,True
174,0,0.6221643986412686,174,B,0.06693267565173759,0.8472883120386572,0.0961768439108298,0.9106873574872388,0.0961768439108298,0.8472883120386572,True
175,1,0.4145666447684404,175,B,0.06693267565173759,0.8472883120386572,0.0961768439108298,0.9106873574872388,0.0961768439108298,0.8472883120386572,True
176,0,0.4447563293436468,176,B,0.06693267565173759,0.8472883120386572,0.0961768439108298,0.9106873574872388,0.0961768439108298,0.8472883120386572,True
177,1,0.8449685582431168,177,B,0.06693267565173759,0.8472883120386572,0.0961768439108298,0.9106873574872388,0.0961768439108298,0.8472883120386572,True
178,1,0.7102968177520687,178,B,0.06693267565173759,0.8472883120386572,0.0961768439108298,0.9106873574872388,0.0961768439108298,0.8472883120386572,True
179,1,0.4364460113127913,179,B,0.06693267565173759,0.8472883120386572,0.0961768439108298,0.9106873574872388,0.0961768439108298,0.8472883120386572,True
180,1,0.4571850350863523,180,B,0.06693267565173759,0.8472883120386572,0.0961768439108298,0.9106873574872388,0.0961768439108298,0.8472883120386572,True
181,0,0.10933759332866338,181,B,0.06693267565173759,0.8472883120386572,0.0961768439108298,0.9106873574872388,0.0961768439108298,0.8472883120386572,True
182,1,0.7015023449698952,182,B,0.06693267565173759,0.8472883120386572,0.0961768439108298,0.9106873574872388,0.0961768439108298,0.8472883120386572,True
183,1,0.7170815644028754,183,B,0.06693267565173759,0.8472883120386572,0.0961768439108298,0.9106873574872388,0.0961768439108298,0.8472883120386572,True
184,1,0.6024281391060322,184,B,0.06693267565173759,0.8472883120386572,0.0961768439108298,0.9106873574872388,0.0961768439108298,0.8472883120386572,True
185,0,0.6237512778614692,185,B,0.06693267565173759,0.8472883120386572,0.0961768439108298,0.9106873574872388,0.0961768439108298,0.8472883120386572,True
186,0,0.41729857977108264,186,B,0.06693267565173759,0.8472883120386572,0.0961768439108298,0.9106873574872388,0.0961768439108298,0.8472883120386572,True
187,0,0.3613769269802523,187,B,0.06693267565173759,0.8472883120386572,0.0961768439108298,0.9106873574872388,0.0961768439108298,0.8472883120386572,True
188,1,0.7254752827330524,188,B,0.06693267565173759,0.8472883120386572,0.0961768439108298,0.9106873574872388,0.0961768439108298,0.8472883120386572,True
189,0,0.4589105411694128,189,B,0.06693267565173759,0.8472883120386572,0.0961768439108298,0.9106873574872388,0.0961768439108298,0.8472883120386572,True
190,0,0.6538405023229822,190,B,0.06693267565173759,0.8472883120386572,0.0961768439108298,0.9106873574872388,0.0961768439108298,0.8472883120386572,True
191,0,0.6338891661151405,191,B,0.06693267565173759,0.8472883120386572,0.0961768439108298,0.9106873574872388,0.0961768439108298,0.8472883120386572,True
192,0,0.6782799480223076,192,B,0.06693267565173759,0.8472883120386572,0.0961768439108298,0.9106873574872388,0.0961768439108298,0.8472883120386572,True
193,0,0.41637752406718315,193,B,0.06693267565173759,0.8472883120386572,0.0961768439108298,0.9106873574872388,0.0961768439108298,0.8472883120386572,True
194,1,0.4146030165684018,194,B,0.06693267565173759,0.8472883120386572,0.0961768439108298,0.9106873574872388,0.0961768439108298,0.8472883120386572,True
195,1,0.2324675820425899,195,B,0.06693267565173759,0.8472883120386572,0.0961768439108298,0.9106873574872388,0.0961768439108298,0.8472883120386572,True
196,1,0.15457412505826512,196,B,0.06693267565173759,0.8472883120386572,0.0961768439108298,0.9106873574872388,0.0961768439108298,0.8472883120386572,True
197,0,0.6593748468303283,197,B,0.06693267565173759,0.8472883120386572,0.0961768439108298,0.9106873574872388,0.0961768439108298,0.8472883120386572,True
198,0,0.22772360877052253,198,B,0.06693267565173759,0.8472883120386572,0.0961768439108298,0.9106873574872388,0.0961768439108298,0.8472883120386572,True
199,1,0.6399977188759355,199,B,0.06693267565173759,0.8472883120386572,0.0961768439108298,0.9106873574872388,0.0961768439108298,0.8472883120386572,True
200,1,0.2981253893287311,200,B,0.06693267565173759,0.8472883120386572,0.0961768439108298,0.9106873574872388,0.0961768439108298,0.8472883120386572,True
201,1,0.47057087424930993,201,B,0.06693267565173759,0.8472883120386572,0.0961768439108298,0.9106873574872388,0.0961768439108298,0.8472883120386572,True
202,0,0.5484650987985229,202,B,0.06693267565173759,0.8472883120386572,0.0961768439108298,0.9106873574872388,0.0961768439108298,0.8472883120386572,True
203,1,0.622917977019657,203,B,0.06693267565173759,0.8472883120386572,0.0961768439108298,0.9106873574872388,0.0961768439108298,0.8472883120386572,True
204,1,0.6799422526592048,204,B,0.06693267565173759,0.8472883120386572,0.0961768439108298,0.9106873574872388,0.0961768439108298,0.8472883120386572,True
205,0,0.30930577979841783,205,B,0.06693267565173759,0.8472883120386572,0.0961768439108298,0.9106873574872388,0.0961768439108298,0.8472883120386572,True
206,0,0.4051810048535643,206,B,0.06693267565173759,0.8472883120386572,0.0961768439108298,0.9106873574872388,0.0961768439108298,0.8472883120386572,True
207,0,0.3485140053653494,207,B,0.06693267565173759,0.8472883120386572,0.0961768439108298,0.9106873574872388,0.0961768439108298,0.8472883120386572,True
208,1,0.15746695963210952,208,B,0.06693267565173759,0.8472883120386572,0.0961768439108298,0.9106873574872388,0.0961768439108298,0.8472883120386572,True
209,0,0.4707514590250108,209,B,0.06693267565173759,0.8472883120386572,0.0961768439108298,0.9106873574872388,0.0961768439108298,0.8472883120386572,True
210,1,0.7461518916218299,210,B,0.06693267565173759,0.8472883120386572,0.0961768439108298,0.9106873574872388,0.0961768439108298,0.8472883120386572,True
211,0,0.3651244109391181,211,B,0.06693267565173759,0.8472883120386572,0.0961768439108298,0.9106873574872388,0.0961768439108298,0.8472883120386572,True
212,1,0.3936211506110068,212,B,0.06693267565173759,0.8472883120386572,0.0961768439108298,0.9106873574872388,0.0961768439108298,0.8472883120386572,True
213,1,0.31064696866835995,213,B,0.06693267565173759,0.8472883120386572,0.0961768439108298,0.9106873574872388,0.0961768439108298,0.8472883120386572,True
214,0,0.3869994836788411,214,B,0.06693267565173759,0.8472883120386572,0.0961768439108298,0.9106873574872388,0.0961768439108298,0.8472883120386572,True
215,0,0.18224841134391295,215,B,0.06693267565173759,0.8472883120386572,0.0961768439108298,0.9106873574872388,0.0961768439108298,0.8472883120386572,True
216,1,0.45281991869027943,216,B,0.06693267565173759,0.8472883120386572,0.0961768439108298,0.9106873574872388,0.0961768439108298,0.8472883120386572,True
217,1,0.6242077026883023,217,B,0.06693267565173759,0.8472883120386572,0.0961768439108298,0.9106873574872388,0.0961768439108298,0.8472883120386572,True
218,1,0.6818977704992492,218,B,0.06693267565173759,0.8472883120386572,0.0961768439108298,0.9106873574872388,0.0961768439108298,0.8472883120386572,True
219,1,0.43550917822769486,219,B,0.06693267565173759,0.8472883120386572,0.0961768439108298,0.9106873574872388,0.0961768439108298,0.8472883120386572,True
220,1,0.5294645549240875,220,B,0.06693267565173759,0.8472883120386572,0.0961768439108298,0.9106873574872388,0.0961768439108298,0.8472883120386572,True
221,1,0.42233907726228204,221,B,0.06693267565173759,0.8472883120386572,0.0961768439108298,0.9106873574872388,0.0961768439108298,0.8472883120386572,True
222,1,0.2378053849709419,222,B,0.06693267565173759,0.8472883120386572,0.0961768439108298,0.9106873574872388,0.0961768439108298,0.8472883120386572,True
223,1,0.6961282560009341,223,B,0.06693267565173759,0.8472883120386572,0.0961768439108298,0.9106873574872388,0.0961768439108298,0.8472883120386572,True
224,1,0.3959524717114685,224,B,0.06693267565173759,0.8472883120386572,0.0961768439108298,0.9106873574872388,0.0961768439108298,0.8472883120386572,True
225,1,0.43458339461825407,225,B,0.06693267565173759,0.8472883120386572,0.0961768439108298,0.9106873574872388,0.0961768439108298,0.8472883120386572,True
226,1,0.7759486194177523,226,B,0.06693267565173759,0.8472883120386572,0.0961768439108298,0.9106873574872388,0.0961768439108298,0.8472883120386572,True
227,1,0.28892881395266456,227,B,0.06693267565173759,0.8472883120386572,0.0961768439108298,0.9106873574872388,0.0961768439108298,0.8472883120386572,True
228,0,0.4714691320723988,228,B,0.06693267565173759,0.8472883120386572,0.0961768439108298,0.9106873574872388,0.0961768439108298,0.8472883120386572,True
229,1,0.2990798141447684,229,B,0.06693267565173759,0.8472883120386572,0.0961768439108298,0.9106873574872388,0.0961768439108298,0.8472883120386572,True
230,1,0.2564040569960514,230,B,0.06693267565173759,0.8472883120386572,0.0961768439108298,0.9106873574872388,0.0961768439108298,0.8472883120386572,True
231,0,0.32972691747774463,231,B,0.06693267565173759,0.8472883120386572,0.0961768439108298,0.9106873574872388,0.0961768439108298,0.8472883120386572,True
232,1,0.5487658325269513,232,B,0.06693267565173759,0.8472883120386572,0.0961768439108298,0.9106873574872388,0.0961768439108298,0.8472883120386572,True
233,1,0.5029955464926114,233,B,0.06693267565173759,0.8472883120386572,0.0961768439108298,0.9106873574872388,0.0961768439108298,0.8472883120386572,True
234,1,0.6008227913114033,234,B,0.06693267565173759,0.8472883120386572,0.0961768439108298,0.9106873574872388,0.0961768439108298,0.8472883120386572,True
235,1,0.5722641814045358,235,B,0.06693267565173759,0.8472883120386572,0.0961768439108298,0.9106873574872388,0.0961768439108298,0.8472883120386572,True
236,0,0.47052335556671654,236,B,0.06693267565173759,0.8472883120386572,0.0961768439108298,0.9106873574872388,0.0961768439108298,0.8472883120386572,True
237,0,0.4762366178752314,237,B,0.06693267565173759,0.8472883120386572,0.0961768439108298,0.9106873574872388,0.0961768439108298,0.8472883120386572,True
238,0,0.17301338980939288,238,B,0.06693267565173759,0.8472883120386572,0.0961768439108298,0.9106873574872388,0.0961768439108298,0.8472883120386572,True
239,0,0.3288301221203287,239,B,0.06693267565173759,0.8472883120386572,0.0961768439108298,0.9106873574872388,0.0961768439108298,0.8472883120386572,True
240,1,0.6259325013532092,240,B,0.06693267565173759,0.8472883120386572,0.0961768439108298,0.9106873574872388,0.0961768439108298,0.8472883120386572,True
241,0,0.56964048838012,241,B,0.06693267565173759,0.8472883120386572,0.0961768439108298,0.9106873574872388,0.0961768439108298,0.8472883120386572,True
242,1,0.6708155047789337,242,B,0.06693267565173759,0.8472883120386572,0.0961768439108298,0.9106873574872388,0.0961768439108298,0.8472883120386572,True
243,0,0.5901347010743538,243,B,0.06693267565173759,0.8472883120386572,0.0961768439108298,0.9106873574872388,0.0961768439108298,0.8472883120386572,True
244,1,0.48025273037645894,244,B,0.06693267565173759,0.8472883120386572,0.0961768439108298,0.9106873574872388,0.0961768439108298,0.8472883120386572,True
245,1,0.20403163309983285,245,B,0.06693267565173759,0.8472883120386572,0.0961768439108298,0.9106873574872388,0.0961768439108298,0.8472883120386572,True
246,1,0.45506013701563836,246,B,0.06693267565173759,0.8472883120386572,0.0961768439108298,0.9106873574872388,0.0961768439108298,0.8472883120386572,True
247,1,0.5228643345203203,247,B,0.06693267565173759,0.8472883120386572,0.0961768439108298,0.9106873574872388,0.0961768439108298,0.8472883120386572,True
248,0,0.2906318210445186,248,B,0.06693267565173759,0.8472883120386572,0.0961768439108298,0.9106873574872388,0.0961768439108298,0.8472883120386572,True
249,1,0.6326091853753576,249,B,0.06693267565173759,0.8472883120386572,0.0961768439108298,0.9106873574872388,0.0961768439108298,0.8472883120386572,True
250,1,0.8969957357560473,250,B,0.06693267565173759,0.8472883120386572,0.0961768439108298,0.9106873574872388,0.0961768439108298,0.8472883120386572,False
251,0,0.4074147168106494,251,B,0.06693267565173759,0.8472883120386572,0.0961768439108298,0.9106873574872388,0.0961768439108298,0.8472883120386572,True
252,0,0.7327119806025976,252,B,0.06693267565173759,0.8472883120386572,0.0961768439108298,0.9106873574872388,0.0961768439108298,0.8472883120386572,True
253,1,0.5214027349497269,253,B,0.06693267565173759,0.8472883120386572,0.0961768439108298,0.9106873574872388,0.0961768439108298,0.8472883120386572,True
254,0,0.5083553362891956,254,B,0.06693267565173759,0.8472883120386572,0.0961768439108298,0.9106873574872388,0.0961768439108298,0.8472883120386572,True
255,1,0.7760973980825134,255,B,0.06693267565173759,0.8472883120386572,0.0961768439108298,0.9106873574872388,0.0961768439108298,0.8472883120386572,True
256,0,0.3615762625380155,256,B,0.06693267565173759,0.8472883120386572,0.0961768439108298,0.9106873574872388,0.0961768439108298,0.8472883120386572,True
257,1,0.5256369179169313,257,B,0.06693267565173759,0.8472883120386572,0.0961768439108298,0.9106873574872388,0.0961768439108298,0.8472883120386572,True
258,0,0.8045870933387856,258,B,0.06693267565173759,0.8472883120386572,0.0961768439108298,0.9106873574872388,0.0961768439108298,0.8472883120386572,True
259,0,0.5263169640806674,259,B,0.06693267565173759,0.8472883120386572,0.0961768439108298,0.9106873574872388,0.0961768439108298,0.8472883120386572,True
260,0,0.5934671816707603,260,B,0.06693267565173759,0.8472883120386572,0.0961768439108298,0.9106873574872388,0.0961768439108298,0.8472883120386572,True
261,1,0.5532857179779372,261,B,0.06693267565173759,0.8472883120386572,0.0961768439108298,0.9106873574872388,0.0961768439108298,0.8472883120386572,True
262,0,0.4167146339013674,262,B,0.06693267565173759,0.8472883120386572,0.0961768439108298,0.9106873574872388,0.0961768439108298,0.8472883120386572,True
263,0,0.44107947100921563,263,B,0.06693267565173759,0.8472883120386572,0.0961768439108298,0.9106873574872388,0.0961768439108298,0.8472883120386572,True
264,1,0.6440138628962321,264,B,0.06693267565173759,0.8472883120386572,0.0961768439108298,0.9106873574872388,0.0961768439108298,0.8472883120386572,True
265,0,0.5967444188509923,265,B,0.06693267565173759,0.8472883120386572,0.0961768439108298,0.9106873574872388,0.0961768439108298,0.8472883120386572,True
266,0,0.5046274387329077,266,B,0.06693267565173759,0.8472883120386572,0.0961768439108298,0.9106873574872388,0.0961768439108298,0.8472883120386572,True
267,1,0.516441213652357,267,B,0.06693267565173759,0.8472883120386572,0.0961768439108298,0.9106873574872388,0.0961768439108298,0.8472883120386572,True
268,0,0.3624665535870043,268,B,0.06693267565173759,0.8472883120386572,0.0961768439108298,0.9106873574872388,0.0961768439108298,0.8472883120386572,True
269,0,0.15881722625551825,269,B,0.06693267565173759,0.8472883120386572,0.0961768439108298,0.9106873574872388,0.0961768439108298,0.8472883120386572,True
270,1,0.7377238214352025,270,B,0.06693267565173759,0.8472883120386572,0.0961768439108298,0.9106873574872388,0.0961768439108298,0.8472883120386572,True
271,1,0.33435475530486103,271,B,0.06693267565173759,0.8472883120386572,0.0961768439108298,0.9106873574872388,0.0961768439108298,0.8472883120386572,True
272,1,0.3278352645912769,272,B,0.06693267565173759,0.8472883120386572,0.0961768439108298,0.9106873574872388,0.0961768439108298,0.8472883120386572,True
273,0,0.5679484857860516,273,B,0.06693267565173759,0.8472883120386572,0.0961768439108298,0.9106873574872388,0.0961768439108298,0.8472883120386572,True
274,1,0.7554871401728086,274,B,0.06693267565173759,0.8472883120386572,0.0961768439108298,0.9106873574872388,0.0961768439108298,0.8472883120386572,True
275,0,0.38341117223524873,275,B,0.06693267565173759,0.8472883120386572,0.0961768439108298,0.9106873574872388,0.0961768439108298,0.8472883120386572,True
276,1,0.7735659389342809,276,B,0.06693267565173759,0.8472883120386572,0.0961768439108298,0.9106873574872388,0.0961768439108298,0.8472883120386572,True
277,1,0.7464079477011455,277,B,0.06693267565173759,0.8472883120386572,0.0961768439108298,0.9106873574872388,0.0961768439108298,0.8472883120386572,True
278,0,0.1360440941560801,278,B,0.06693267565173759,0.8472883120386572,0.0961768439108298,0.9106873574872388,0.0961768439108298,0.8472883120386572,True
279,1,0.4934598207228217,279,B,0.06693267565173759,0.8472883120386572,0.0961768439108298,0.9106873574872388,0.0961768439108298,0.8472883120386572,True
280,0,0.6394970391237019,280,B,0.06693267565173759,0.8472883120386572,0.0961768439108298,0.9106873574872388,0.0961768439108298,0.8472883120386572,True
281,1,0.47117936035812535,281,B,0.06693267565173759,0.8472883120386572,0.0961768439108298,0.9106873574872388,0.0961768439108298,0.8472883120386572,True
282,0,0.3996717933784573,282,B,0.06693267565173759,0.8472883120386572,0.0961768439108298,0.9106873574872388,0.0961768439108298,0.8472883120386572,True
283,1,0.3514095316482445,283,B,0.06693267565173759,0.8472883120386572,0.0961768439108298,0.9106873574872388,0.0961768439108298,0.8472883120386572,True
284,1,0.7260925745808706,284,B,0.06693267565173759,0.8472883120386572,0.0961768439108298,0.9106873574872388,0.0961768439108298,0.8472883120386572,True
285,0,0.6858958620621521,285,B,0.06693267565173759,0.8472883120386572,0.0961768439108298,0.9106873574872388,0.0961768439108298,0.8472883120386572,True
286,0,0.22670843254640372,286,B,0.06693267565173759,0.8472883120386572,0.0961768439108298,0.9106873574872388,0.0961768439108298,0.8472883120386572,True
287,1,0.634412621822834,287,B,0.06693267565173759,0.8472883120386572,0.0961768439108298,0.9106873574872388,0.0961768439108298,0.8472883120386572,True
288,1,0.43201888921962767,288,B,0.06693267565173759,0.8472883120386572,0.0961768439108298,0.9106873574872388,0.0961768439108298,0.8472883120386572,True
289,0,0.2964274337137199,289,B,0.06693267565173759,0.8472883120386572,0.0961768439108298,0.9106873574872388,0.0961768439108298,0.8472883120386572,True
290,1,0.8000406162104776,290,B,0.06693267565173759,0.8472883120386572,0.0961768439108298,0.9106873574872388,0.0961768439108298,0.8472883120386572,True
291,0,0.5331720381304725,291,B,0.06693267565173759,0.8472883120386572,0.0961768439108298,0.9106873574872388,0.0961768439108298,0.8472883120386572,True
292,0,0.3998104962449575,292,B,0.06693267565173759,0.8472883120386572,0.0961768439108298,0.9106873574872388,0.0961768439108298,0.8472883120386572,True
293,0,0.2987009993950309,293,B,0.06693267565173759,0.8472883120386572,0.0961768439108298,0.9106873574872388,0.0961768439108298,0.8472883120386572,True
294,1,0.7703180276219915,294,B,0.06693267565173759,0.8472883120386572,0.0961768439108298,0.9106873574872388,0.0961768439108298,0.8472883120386572,True
295,0,0.696135439584525,295,B,0.06693267565173759,0.8472883120386572,0.0961768439108298,0.9106873574872388,0.0961768439108298,0.8472883120386572,True
296,0,0.21107171025453572,296,B,0.06693267565173759,0.8472883120386572,0.0961768439108298,0.9106873574872388,0.0961768439108298,0.8472883120386572,True
297,0,0.6389171609570204,297,B,0.06693267565173759,0.8472883120386572,0.0961768439108298,0.9106873574872388,0.0961768439108298,0.8472883120386572,True
298,1,0.6993265546868626,298,B,0.06693267565173759,0.8472883120386572,0.0961768439108298,0.9106873574872388,0.0961768439108298,0.8472883120386572,True
299,1,0.4876627269024533,299,B,0.06693267565173759,0.8472883120386572,0.0961768439108298,0.9106873574872388,0.0961768439108298,0.8472883120386572,True
300,0,0.21054409911848906,300,B,0.06693267565173759,0.8472883120386572,0.0961768439108298,0.9106873574872388,0.0961768439108298,0.8472883120386572,True
301,0,0.5955740735196797,301,B,0.06693267565173759,0.8472883120386572,0.0961768439108298,0.9106873574872388,0.0961768439108298,0.8472883120386572,True
302,0,0.45081904283922836,302,B,0.06693267565173759,0.8472883120386572,0.0961768439108298,0.9106873574872388,0.0961768439108298,0.8472883120386572,True
303,1,0.7314376912013835,303,B,0.06693267565173759,0.8472883120386572,0.0961768439108298,0.9106873574872388,0.0961768439108298,0.8472883120386572,True
304,1,0.4727529535154606,304,B,0.06693267565173759,0.8472883120386572,0.0961768439108298,0.9106873574872388,0.0961768439108298,0.8472883120386572,True
305,1,0.12932944658795978,305,B,0.06693267565173759,0.8472883120386572,0.0961768439108298,0.9106873574872388,0.0961768439108298,0.8472883120386572,True
306,1,0.5004166758201428,306,B,0.06693267565173759,0.8472883120386572,0.0961768439108298,0.9106873574872388,0.0961768439108298,0.8472883120386572,True
307,0,0.43092869871305284,307,B,0.06693267565173759,0.8472883120386572,0.0961768439108298,0.9106873574872388,0.0961768439108298,0.8472883120386572,True
308,0,0.46676530671222866,308,B,0.06693267565173759,0.8472883120386572,0.0961768439108298,0.9106873574872388,0.0961768439108298,0.8472883120386572,True
309,0,0.674275753828645,309,B,0.06693267565173759,0.8472883120386572,0.0961768439108298,0.9106873574872388,0.0961768439108298,0.8472883120386572,True
310,0,0.6083788203169076,310,B,0.06693267565173759,0.8472883120386572,0.0961768439108298,0.9106873574872388,0.0961768439108298,0.8472883120386572,True
311,0,0.6193132333174827,311,B,0.06693267565173759,0.8472883120386572,0.0961768439108298,0.9106873574872388,0.0961768439108298,0.8472883120386572,True
312,1,0.7674753353343354,312,B,0.06693267565173759,0.8472883120386572,0.0961768439108298,0.9106873574872388,0.0961768439108298,0.8472883120386572,True
313,1,0.5630973796827436,313,B,0.06693267565173759,0.8472883120386572,0.0961768439108298,0.9106873574872388,0.0961768439108298,0.8472883120386572,True
314,1,0.5796134319174652,314,B,0.06693267565173759,0.8472883120386572,0.0961768439108298,0.9106873574872388,0.0961768439108298,0.8472883120386572,True
315,1,0.37055775670927776,315,B,0.06693267565173759,0.8472883120386572,0.0961768439108298,0.9106873574872388,0.0961768439108298,0.8472883120386572,True
316,0,0.7994212789181331,316,B,0.06693267565173759,0.8472883120386572,0.0961768439108298,0.9106873574872388,0.0961768439108298,0.8472883120386572,True
317,1,0.5552954288147673,317,B,0.06693267565173759,0.8472883120386572,0.0961768439108298,0.9106873574872388,0.0961768439108298,0.8472883120386572,True
318,1,0.47695956951853113,318,B,0.06693267565173759,0.8472883120386572,0.0961768439108298,0.9106873574872388,0.0961768439108298,0.8472883120386572,True
319,1,0.2636429275983937,319,B,0.06693267565173759,0.8472883120386572,0.0961768439108298,0.9106873574872388,0.0961768439108298,0.8472883120386572,True
320,1,0.5917440658829187,320,B,0.06693267565173759,0.8472883120386572,0.0961768439108298,0.9106873574872388,0.0961768439108298,0.8472883120386572,True
321,0,0.3661139042206447,321,B,0.06693267565173759,0.8472883120386572,0.0961768439108298,0.9106873574872388,0.0961768439108298,0.8472883120386572,True
322,0,0.39144668473619254,322,B,0.06693267565173759,0.8472883120386572,0.0961768439108298,0.9106873574872388,0.0961768439108298,0.8472883120386572,True
323,1,0.49004239419267476,323,B,0.06693267565173759,0.8472883120386572,0.0961768439108298,0.9106873574872388,0.0961768439108298,0.8472883120386572,True
324,0,0.4913173701704374,324,B,0.06693267565173759,0.8472883120386572,0.0961768439108298,0.9106873574872388,0.0961768439108298,0.8472883120386572,True
325,1,0.6872525318556286,325,B,0.06693267565173759,0.8472883120386572,0.0961768439108298,0.9106873574872388,0.0961768439108298,0.8472883120386572,True
326,1,0.3571029524565922,326,B,0.06693267565173759,0.8472883120386572,0.0961768439108298,0.9106873574872388,0.0961768439108298,0.8472883120386572,True
327,0,0.3094416092613725,327,B,0.06693267565173759,0.8472883120386572,0.0961768439108298,0.9106873574872388,0.0961768439108298,0.8472883120386572,True
328,1,0.47640419365001146,328,B,0.06693267565173759,0.8472883120386572,0.0961768439108298,0.9106873574872388,0.0961768439108298,0.8472883120386572,True
329,0,0.15955791132833383,329,B,0.06693267565173759,0.8472883120386572,0.0961768439108298,0.9106873574872388,0.0961768439108298,0.8472883120386572,True
330,0,0.39946228123278554,330,B,0.06693267565173759,0.8472883120386572,0.0961768439108298,0.9106873574872388,0.0961768439108298,0.8472883120386572,True
331,1,0.6111533450467109,331,B,0.06693267565173759,0.8472883120386572,0.0961768439108298,0.9106873574872388,0.0961768439108298,0.8472883120386572,True
332,1,0.6048637335397931,332,B,0.06693267565173759,0.8472883120386572,0.0961768439108298,0.9106873574872388,0.0961768439108298,0.8472883120386572,True
333,1,0.45655378254502543,333,B,0.06693267565173759,0.8472883120386572,0.0961768439108298,0.9106873574872388,0.0961768439108298,0.8472883120386572,True
334,0,0.46473268531851863,334,B,0.06693267565173759,0.8472883120386572,0.0961768439108298,0.9106873574872388,0.0961768439108298,0.8472883120386572,True
335,0,0.5718666381933781,335,B,0.06693267565173759,0.8472883120386572,0.0961768439108298,0.9106873574872388,0.0961768439108298,0.8472883120386572,True
336,0,0.4758467698081774,336,B,0.06693267565173759,0.8472883120386572,0.0961768439108298,0.9106873574872388,0.0961768439108298,0.8472883120386572,True
337,1,0.5211472495034936,337,B,0.06693267565173759,0.8472883120386572,0.0961768439108298,0.9106873574872388,0.0961768439108298,0.8472883120386572,True
338,0,0.2107229249218573,338,B,0.06693267565173759,0.8472883120386572,0.0961768439108298,0.9106873574872388,0.0961768439108298,0.8472883120386572,True
339,1,0.5138902904020183,339,B,0.06693267565173759,0.8472883120386572,0.0961768439108298,0.9106873574872388,0.0961768439108298,0.8472883120386572,True
340,1,0.47368232018238127,340,B,0.06693267565173759,0.8472883120386572,0.0961768439108298,0.9106873574872388,0.0961768439108298,0.8472883120386572,True
341,0,0.31650783729741644,341,B,0.06693267565173759,0.8472883120386572,0.0961768439108298,0.9106873574872388,0.0961768439108298,0.8472883120386572,True
342,0,0.3675809244653804,342,B,0.06693267565173759,0.8472883120386572,0.0961768439108298,0.9106873574872388,0.0961768439108298,0.8472883120386572,True
343,1,0.6240446931487401,343,B,0.06693267565173759,0.8472883120386572,0.0961768439108298,0.9106873574872388,0.0961768439108298,0.8472883120386572,True
344,1,0.5045352391542798,344,B,0.06693267565173759,0.8472883120386572,0.0961768439108298,0.9106873574872388,0.0961768439108298,0.8472883120386572,True
345,1,0.6473594988487599,345,B,0.06693267565173759,0.8472883120386572,0.0961768439108298,0.9106873574872388,0.0961768439108298,0.8472883120386572,True
346,0,0.13921683242042493,346,B,0.06693267565173759,0.8472883120386572,0.0961768439108298,0.9106873574872388,0.0961768439108298,0.8472883120386572,True
347,1,0.26220323652440414,347,B,0.06693267565173759,0.8472883120386572,0.0961768439108298,0.9106873574872388,0.0961768439108298,0.8472883120386572,True
348,1,0.6412049437615186,348,B,0.06693267565173759,0.8472883120386572,0.0961768439108298,0.9106873574872388,0.0961768439108298,0.8472883120386572,True
349,1,0.7046659764418888,349,B,0.06693267565173759,0.8472883120386572,0.0961768439108298,0.9106873574872388,0.0961768439108298,0.8472883120386572,True
350,1,0.23259834905943416,350,B,0.06693267565173759,0.8472883120386572,0.0961768439108298,0.9106873574872388,0.0961768439108298,0.8472883120386572,True
351,0,0.3428768491581917,351,B,0.06693267565173759,0.8472883120386572,0.0961768439108298,0.9106873574872388,0.0961768439108298,0.8472883120386572,True
352,0,0.3980179192650199,352,B,0.06693267565173759,0.8472883120386572,0.0961768439108298,0.9106873574872388,0.0961768439108298,0.8472883120386572,True
353,0,0.21675022331581242,353,B,0.06693267565173759,0.8472883120386572,0.0961768439108298,0.9106873574872388,0.0961768439108298,0.8472883120386572,True
354,0,0.40083375214036154,354,B,0.06693267565173759,0.8472883120386572,0.0961768439108298,0.9106873574872388,0.0961768439108298,0.8472883120386572,True
355,0,0.5520926120118443,355,B,0.06693267565173759,0.8472883120386572,0.0961768439108298,0.9106873574872388,0.0961768439108298,0.8472883120386572,True
356,0,0.41756035312381956,356,B,0.06693267565173759,0.8472883120386572,0.0961768439108298,0.9106873574872388,0.0961768439108298,0.8472883120386572,True
357,1,0.36566627071126767,357,B,0.06693267565173759,0.8472883120386572,0.0961768439108298,0.9106873574872388,0.0961768439108298,0.8472883120386572,True
358,0,0.3035302094911987,358,B,0.06693267565173759,0.8472883120386572,0.0961768439108298,0.9106873574872388,0.0961768439108298,0.8472883120386572,True
359,0,0.4368184488399549,359,B,0.06693267565173759,0.8472883120386572,0.0961768439108298,0.9106873574872388,0.0961768439108298,0.8472883120386572,True
360,1,0.8445106678265357,360,B,0.06693267565173759,0.8472883120386572,0.0961768439108298,0.9106873574872388,0.0961768439108298,0.8472883120386572,True
361,0,0.3446133159444272,361,B,0.06693267565173759,0.8472883120386572,0.0961768439108298,0.9106873574872388,0.0961768439108298,0.8472883120386572,True
362,0,0.6970665659262784,362,B,0.06693267565173759,0.8472883120386572,0.0961768439108298,0.9106873574872388,0.0961768439108298,0.8472883120386572,True
363,1,0.5955338368363805,363,B,0.06693267565173759,0.8472883120386572,0.0961768439108298,0.9106873574872388,0.0961768439108298,0.8472883120386572,True
364,1,0.7435705707983763,364,B,0.06693267565173759,0.8472883120386572,0.0961768439108298,0.9106873574872388,0.0961768439108298,0.8472883120386572,True
365,0,0.2610329710376893,365,B,0.06693267565173759,0.8472883120386572,0.0961768439108298,0.9106873574872388,0.0961768439108298,0.8472883120386572,True
366,0,0.4598287614606483,366,B,0.06693267565173759,0.8472883120386572,0.0961768439108298,0.9106873574872388,0.0961768439108298,0.8472883120386572,True
367,1,0.6817342203090413,367,B,0.06693267565173759,0.8472883120386572,0.0961768439108298,0.9106873574872388,0.0961768439108298,0.8472883120386572,True
368,0,0.17698210255680957,368,B,0.06693267565173759,0.8472883120386572,0.0961768439108298,0.9106873574872388,0.0961768439108298,0.8472883120386572,True
369,0,0.3963006998260062,369,B,0.06693267565173759,0.8472883120386572,0.0961768439108298,0.9106873574872388,0.0961768439108298,0.8472883120386572,True
370,1,0.3288919715419936,370,B,0.06693267565173759,0.8472883120386572,0.0961768439108298,0.9106873574872388,0.0961768439108298,0.8472883120386572,True
371,0,0.4217813526918214,371,B,0.06693267565173759,0.8472883120386572,0.0961768439108298,0.9106873574872388,0.0961768439108298,0.8472883120386572,True
372,1,0.7953148636799392,372,B,0.06693267565173759,0.8472883120386572,0.0961768439108298,0.9106873574872388,0.0961768439108298,0.8472883120386572,True
373,1,0.5054889108407399,373,B,0.06693267565173759,0.8472883120386572,0.0961768439108298,0.9106873574872388,0.0961768439108298,0.8472883120386572,True
374,1,0.5441349201265283,374,B,0.06693267565173759,0.8472883120386572,0.0961768439108298,0.9106873574872388,0.0961768439108298,0.8472883120386572,True
375,1,0.7619392406812561,375,B,0.06693267565173759,0.8472883120386572,0.0961768439108298,0.9106873574872388,0.0961768439108298,0.8472883120386572,True
376,1,0.5635347892934551,376,B,0.06693267565173759,0.8472883120386572,0.0961768439108298,0.9106873574872388,0.0961768439108298,0.8472883120386572,True
377,1,0.7828441828740231,377,B,0.06693267565173759,0.8472883120386572,0.0961768439108298,0.9106873574872388,0.0961768439108298,0.8472883120386572,True
378,0,0.4011503810515869,378,B,0.06693267565173759,0.8472883120386572,0.0961768439108298,0.9106873574872388,0.0961768439108298,0.8472883120386572,True
379,0,0.647733989418981,379,B,0.06693267565173759,0.8472883120386572,0.0961768439108298,0.9106873574872388,0.0961768439108298,0.8472883120386572,True
380,1,0.8110761067305876,380,B,0.06693267565173759,0.8472883120386572,0.0961768439108298,0.9106873574872388,0.0961768439108298,0.8472883120386572,True
381,0,0.3883048387805332,381,B,0.06693267565173759,0.8472883120386572,0.0961768439108298,0.9106873574872388,0.0961768439108298,0.8472883120386572,True
382,1,0.7661218446617236,382,B,0.06693267565173759,0.8472883120386572,0.0961768439108298,0.9106873574872388,0.0961768439108298,0.8472883120386572,True
383,0,0.17681939179784092,383,B,0.06693267565173759,0.8472883120386572,0.0961768439108298,0.9106873574872388,0.0961768439108298,0.8472883120386572,True
384,1,0.4652852426804411,384,B,0.06693267565173759,0.8472883120386572,0.0961768439108298,0.9106873574872388,0.0961768439108298,0.8472883120386572,True
385,1,0.7992629635941174,385,B,0.06693267565173759,0.8472883120386572,0.0961768439108298,0.9106873574872388,0.0961768439108298,0.8472883120386572,True
386,1,0.7779134658273987,386,B,0.06693267565173759,0.8472883120386572,0.0961768439108298,0.9106873574872388,0.0961768439108298,0.8472883120386572,True
387,1,0.8579133821074658,387,B,0.06693267565173759,0.8472883120386572,0.0961768439108298,0.9106873574872388,0.0961768439108298,0.8472883120386572,False
388,1,0.5921613037753672,388,B,0.06693267565173759,0.8472883120386572,0.0961768439108298,0.9106873574872388,0.0961768439108298,0.8472883120386572,True
389,0,0.6035710824889532,389,B,0.06693267565173759,0.8472883120386572,0.0961768439108298,0.9106873574872388,0.0961768439108298,0.8472883120386572,True
390,0,0.12671820349204888,390,B,0.06693267565173759,0.8472883120386572,0.0961768439108298,0.9106873574872388,0.0961768439108298,0.8472883120386572,True
391,0,0.35456263399243854,391,B,0.06693267565173759,0.8472883120386572,0.0961768439108298,0.9106873574872388,0.0961768439108298,0.8472883120386572,True
392,0,0.22773422438088214,392,B,0.06693267565173759,0.8472883120386572,0.0961768439108298,0.9106873574872388,0.0961768439108298,0.8472883120386572,True
393,0,0.11870395664462667,393,B,0.06693267565173759,0.8472883120386572,0.0961768439108298,0.9106873574872388,0.0961768439108298,0.8472883120386572,True
394,0,0.11005058796491037,394,B,0.06693267565173759,0.8472883120386572,0.0961768439108298,0.9106873574872388,0.0961768439108298,0.8472883120386572,True
395,1,0.3381744801979189,395,B,0.06693267565173759,0.8472883120386572,0.0961768439108298,0.9106873574872388,0.0961768439108298,0.8472883120386572,True
396,0,0.651357114245654,396,B,0.06693267565173759,0.8472883120386572,0.0961768439108298,0.9106873574872388,0.0961768439108298,0.8472883120386572,True
397,1,0.3950701024894395,397,B,0.06693267565173759,0.8472883120386572,0.0961768439108298,0.9106873574872388,0.0961768439108298,0.8472883120386572,True
398,0,0.41869186050177565,398,B,0.06693267565173759,0.8472883120386572,0.0961768439108298,0.9106873574872388,0.0961768439108298,0.8472883120386572,True
399,1,0.4502472797970561,399,B,0.06693267565173759,0.8472883120386572,0.0961768439108298,0.9106873574872388,0.0961768439108298,0.8472883120386572,True
400,1,0.5562166482746683,400,B,0.06693267565173759,0.8472883120386572,0.0961768439108298,0.9106873574872388,0.0961768439108298,0.8472883120386572,True
401,1,0.6077479295372045,401,B,0.06693267565173759,0.8472883120386572,0.0961768439108298,0.9106873574872388,0.0961768439108298,0.8472883120386572,True
402,1,0.6584629526677916,402,B,0.06693267565173759,0.8472883120386572,0.0961768439108298,0.9106873574872388,0.0961768439108298,0.8472883120386572,True
403,1,0.7726664376209945,403,B,0.06693267565173759,0.8472883120386572,0.0961768439108298,0.9106873574872388,0.0961768439108298,0.8472883120386572,True
404,0,0.1565267481019441,404,B,0.06693267565173759,0.8472883120386572,0.0961768439108298,0.9106873574872388,0.0961768439108298,0.8472883120386572,True
405,0,0.43406192100136104,405,B,0.06693267565173759,0.8472883120386572,0.0961768439108298,0.9106873574872388,0.0961768439108298,0.8472883120386572,True
406,0,0.6760959842734272,406,B,0.06693267565173759,0.8472883120386572,0.0961768439108298,0.9106873574872388,0.0961768439108298,0.8472883120386572,True
407,0,0.46408555771320864,407,B,0.06693267565173759,0.8472883120386572,0.0961768439108298,0.9106873574872388,0.0961768439108298,0.8472883120386572,True
408,1,0.5458503580222427,408,B,0.06693267565173759,0.8472883120386572,0.0961768439108298,0.9106873574872388,0.0961768439108298,0.8472883120386572,True
409,0,0.7013489552390518,409,B,0.06693267565173759,0.8472883120386572,0.0961768439108298,0.9106873574872388,0.0961768439108298,0.8472883120386572,True
410,1,0.7127851096012193,410,B,0.06693267565173759,0.8472883120386572,0.0961768439108298,0.9106873574872388,0.0961768439108298,0.8472883120386572,True
411,1,0.5466727352754943,411,B,0.06693267565173759,0.8472883120386572,0.0961768439108298,0.9106873574872388,0.0961768439108298,0.8472883120386572,True
412,1,0.7089898414637537,412,B,0.06693267565173759,0.8472883120386572,0.0961768439108298,0.9106873574872388,0.0961768439108298,0.8472883120386572,True
413,1,0.7310374240199298,413,B,0.06693267565173759,0.8472883120386572,0.0961768439108298,0.9106873574872388,0.0961768439108298,0.8472883120386572,True
414,0,0.23712472678238583,414,B,0.06693267565173759,0.8472883120386572,0.0961768439108298,0.9106873574872388,0.0961768439108298,0.8472883120386572,True
415,0,0.44568988717506036,415,B,0.06693267565173759,0.8472883120386572,0.0961768439108298,0.9106873574872388,0.0961768439108298,0.8472883120386572,True
416,0,0.25996633797819463,416,B,0.06693267565173759,0.8472883120386572,0.0961768439108298,0.9106873574872388,0.0961768439108298,0.8472883120386572,True
417,0,0.21139444786306094,417,B,0.06693267565173759,0.8472883120386572,0.0961768439108298,0.9106873574872388,0.0961768439108298,0.8472883120386572,True
418,1,0.5787279862648894,418,B,0.06693267565173759,0.8472883120386572,0.0961768439108298,0.9106873574872388,0.0961768439108298,0.8472883120386572,True
419,1,0.3503763033358828,419,B,0.06693267565173759,0.8472883120386572,0.0961768439108298,0.9106873574872388,0.0961768439108298,0.8472883120386572,True
420,1,0.7320798897829915,420,B,0.06693267565173759,0.8472883120386572,0.0961768439108298,0.9106873574872388,0.0961768439108298,0.8472883120386572,True
421,0,0.40076697932813377,421,B,0.06693267565173759,0.8472883120386572,0.0961768439108298,0.9106873574872388,0.0961768439108298,0.8472883120386572,True
422,1,0.7893834018109775,422,B,0.06693267565173759,0.8472883120386572,0.0961768439108298,0.9106873574872388,0.0961768439108298,0.8472883120386572,True
423,1,0.48141311559057876,423,B,0.06693267565173759,0.8472883120386572,0.0961768439108298,0.9106873574872388,0.0961768439108298,0.8472883120386572,True
424,1,0.623065552059484,424,B,0.06693267565173759,0.8472883120386572,0.0961768439108298,0.9106873574872388,0.0961768439108298,0.8472883120386572,True
425,0,0.15035770415092614,425,B,0.06693267565173759,0.8472883120386572,0.0961768439108298,0.9106873574872388,0.0961768439108298,0.8472883120386572,True
426,0,0.482568271865756,426,B,0.06693267565173759,0.8472883120386572,0.0961768439108298,0.9106873574872388,0.0961768439108298,0.8472883120386572,True
427,0,0.2278142200197486,427,B,0.06693267565173759,0.8472883120386572,0.0961768439108298,0.9106873574872388,0.0961768439108298,0.8472883120386572,True
428,0,0.4012342311560296,428,B,0.06693267565173759,0.8472883120386572,0.0961768439108298,0.9106873574872388,0.0961768439108298,0.8472883120386572,True
429,1,0.31495089143144384,429,B,0.06693267565173759,0.8472883120386572,0.0961768439108298,0.9106873574872388,0.0961768439108298,0.8472883120386572,True
430,0,0.2261426039895576,430,B,0.06693267565173759,0.8472883120386572,0.0961768439108298,0.9106873574872388,0.0961768439108298,0.8472883120386572,True
431,1,0.8223959079217898,431,B,0.06693267565173759,0.8472883120386572,0.0961768439108298,0.9106873574872388,0.0961768439108298,0.8472883120386572,True
432,1,0.7595042879140854,432,B,0.06693267565173759,0.8472883120386572,0.0961768439108298,0.9106873574872388,0.0961768439108298,0.8472883120386572,True
433,1,0.7871311472382161,433,B,0.06693267565173759,0.8472883120386572,0.0961768439108298,0.9106873574872388,0.0961768439108298,0.8472883120386572,True
434,0,0.23090566615010122,434,B,0.06693267565173759,0.8472883120386572,0.0961768439108298,0.9106873574872388,0.0961768439108298,0.8472883120386572,True
435,1,0.6414917568395428,435,B,0.06693267565173759,0.8472883120386572,0.0961768439108298,0.9106873574872388,0.0961768439108298,0.8472883120386572,True
436,1,0.5705344806974062,436,B,0.06693267565173759,0.8472883120386572,0.0961768439108298,0.9106873574872388,0.0961768439108298,0.8472883120386572,True
437,1,0.6309879893595571,437,B,0.06693267565173759,0.8472883120386572,0.0961768439108298,0.9106873574872388,0.0961768439108298,0.8472883120386572,True
438,1,0.800646727992616,438,B,0.06693267565173759,0.8472883120386572,0.0961768439108298,0.9106873574872388,0.0961768439108298,0.8472883120386572,True
439,0,0.744612403604229,439,B,0.06693267565173759,0.8472883120386572,0.0961768439108298,0.9106873574872388,0.0961768439108298,0.8472883120386572,True
440,1,0.7136306665030873,440,B,0.06693267565173759,0.8472883120386572,0.0961768439108298,0.9106873574872388,0.0961768439108298,0.8472883120386572,True
441,1,0.6805215390434569,441,B,0.06693267565173759,0.8472883120386572,0.0961768439108298,0.9106873574872388,0.0961768439108298,0.8472883120386572,True
442,1,0.46414679606588566,442,B,0.06693267565173759,0.8472883120386572,0.0961768439108298,0.9106873574872388,0.0961768439108298,0.8472883120386572,True
443,1,0.6747042637916748,443,B,0.06693267565173759,0.8472883120386572,0.0961768439108298,0.9106873574872388,0.0961768439108298,0.8472883120386572,True
444,0,0.5309939007077171,444,B,0.06693267565173759,0.8472883120386572,0.0961768439108298,0.9106873574872388,0.0961768439108298,0.8472883120386572,True
445,1,0.7085382274764619,445,B,0.06693267565173759,0.8472883120386572,0.0961768439108298,0.9106873574872388,0.0961768439108298,0.8472883120386572,True
446,0,0.6644774178619478,446,B,0.06693267565173759,0.8472883120386572,0.0961768439108298,0.9106873574872388,0.0961768439108298,0.8472883120386572,True
447,1,0.477620251450982,447,B,0.06693267565173759,0.8472883120386572,0.0961768439108298,0.9106873574872388,0.0961768439108298,0.8472883120386572,True
448,1,0.24737675550731955,448,B,0.06693267565173759,0.8472883120386572,0.0961768439108298,0.9106873574872388,0.0961768439108298,0.8472883120386572,True
449,0,0.45878465796695134,449,B,0.06693267565173759,0.8472883120386572,0.0961768439108298,0.9106873574872388,0.0961768439108298,0.8472883120386572,True
450,1,0.6208979583989168,450,B,0.06693267565173759,0.8472883120386572,0.0961768439108298,0.9106873574872388,0.0961768439108298,0.8472883120386572,True
451,0,0.5423363464341772,451,B,0.06693267565173759,0.8472883120386572,0.0961768439108298,0.9106873574872388,0.0961768439108298,0.8472883120386572,True
452,1,0.6296024087401847,452,B,0.06693267565173759,0.8472883120386572,0.0961768439108298,0.9106873574872388,0.0961768439108298,0.8472883120386572,True
453,0,0.5311944253269134,453,B,0.06693267565173759,0.8472883120386572,0.0961768439108298,0.9106873574872388,0.0961768439108298,0.8472883120386572,True
454,1,0.6643328357879774,454,B,0.06693267565173759,0.8472883120386572,0.0961768439108298,0.9106873574872388,0.0961768439108298,0.8472883120386572,True
455,1,0.5358847726801,455,B,0.06693267565173759,0.8472883120386572,0.0961768439108298,0.9106873574872388,0.0961768439108298,0.8472883120386572,True
456,1,0.25727291801507285,456,B,0.06693267565173759,0.8472883120386572,0.0961768439108298,0.9106873574872388,0.0961768439108298,0.8472883120386572,True
457,1,0.7136199300041531,457,B,0.06693267565173759,0.8472883120386572,0.0961768439108298,0.9106873574872388,0.0961768439108298,0.8472883120386572,True
458,0,0.560196483644008,458,B,0.06693267565173759,0.8472883120386572,0.0961768439108298,0.9106873574872388,0.0961768439108298,0.8472883120386572,True
459,0,0.6681704942682675,459,B,0.06693267565173759,0.8472883120386572,0.0961768439108298,0.9106873574872388,0.0961768439108298,0.8472883120386572,True
460,0,0.7247806083713885,460,B,0.06693267565173759,0.8472883120386572,0.0961768439108298,0.9106873574872388,0.0961768439108298,0.8472883120386572,True
461,1,0.3519286737815662,461,B,0.06693267565173759,0.8472883120386572,0.0961768439108298,0.9106873574872388,0.0961768439108298,0.8472883120386572,True
462,0,0.5027053394311491,462,B,0.06693267565173759,0.8472883120386572,0.0961768439108298,0.9106873574872388,0.0961768439108298,0.8472883120386572,True
463,1,0.6019957886619913,463,B,0.06693267565173759,0.8472883120386572,0.0961768439108298,0.9106873574872388,0.0961768439108298,0.8472883120386572,True
464,1,0.5027540440812353,464,B,0.06693267565173759,0.8472883120386572,0.0961768439108298,0.9106873574872388,0.0961768439108298,0.8472883120386572,True
465,1,0.5135450684173581,465,B,0.06693267565173759,0.8472883120386572,0.0961768439108298,0.9106873574872388,0.0961768439108298,0.8472883120386572,True
466,1,0.5870408663470874,466,B,0.06693267565173759,0.8472883120386572,0.0961768439108298,0.9106873574872388,0.0961768439108298,0.8472883120386572,True
467,0,0.5351083764356479,467,B,0.06693267565173759,0.8472883120386572,0.0961768439108298,0.9106873574872388,0.0961768439108298,0.8472883120386572,True
468,0,0.6651883674285608,468,B,0.06693267565173759,0.8472883120386572,0.0961768439108298,0.9106873574872388,0.0961768439108298,0.8472883120386572,True
469,1,0.37882410667998173,469,B,0.06693267565173759,0.8472883120386572,0.0961768439108298,0.9106873574872388,0.0961768439108298,0.8472883120386572,True
470,1,0.4708646709136947,470,B,0.06693267565173759,0.8472883120386572,0.0961768439108298,0.9106873574872388,0.0961768439108298,0.8472883120386572,True
471,1,0.6952970337453648,471,B,0.06693267565173759,0.8472883120386572,0.0961768439108298,0.9106873574872388,0.0961768439108298,0.8472883120386572,True
472,1,0.5837637012415958,472,B,0.06693267565173759,0.8472883120386572,0.0961768439108298,0.9106873574872388,0.0961768439108298,0.8472883120386572,True
473,0,0.6580511981226638,473,B,0.06693267565173759,0.8472883120386572,0.0961768439108298,0.9106873574872388,0.0961768439108298,0.8472883120386572,True
474,1,0.4293333355057489,474,B,0.06693267565173759,0.8472883120386572,0.0961768439108298,0.9106873574872388,0.0961768439108298,0.8472883120386572,True
475,1,0.4510351946139213,475,B,0.06693267565173759,0.8472883120386572,0.0961768439108298,0.9106873574872388,0.0961768439108298,0.8472883120386572,True
476,0,0.32877954054706404,476,B,0.06693267565173759,0.8472883120386572,0.0961768439108298,0.9106873574872388,0.0961768439108298,0.8472883120386572,True
477,0,0.6420907565550854,477,B,0.06693267565173759,0.8472883120386572,0.0961768439108298,0.9106873574872388,0.0961768439108298,0.8472883120386572,True
478,1,0.8115562900731972,478,B,0.06693267565173759,0.8472883120386572,0.0961768439108298,0.9106873574872388,0.0961768439108298,0.8472883120386572,True
479,0,0.39339210541774183,479,B,0.06693267565173759,0.8472883120386572,0.0961768439108298,0.9106873574872388,0.0961768439108298,0.8472883120386572,True
480,1,0.8979399439972391,480,B,0.06693267565173759,0.8472883120386572,0.0961768439108298,0.9106873574872388,0.0961768439108298,0.8472883120386572,False
481,0,0.5377965313874257,481,B,0.06693267565173759,0.8472883120386572,0.0961768439108298,0.9106873574872388,0.0961768439108298,0.8472883120386572,True
482,0,0.4383245139861085,482,B,0.06693267565173759,0.8472883120386572,0.0961768439108298,0.9106873574872388,0.0961768439108298,0.8472883120386572,True
483,1,0.5990417158675206,483,B,0.06693267565173759,0.8472883120386572,0.0961768439108298,0.9106873574872388,0.0961768439108298,0.8472883120386572,True
484,1,0.529815679481602,484,B,0.06693267565173759,0.8472883120386572,0.0961768439108298,0.9106873574872388,0.0961768439108298,0.8472883120386572,True
485,1,0.6890878579901093,485,B,0.06693267565173759,0.8472883120386572,0.0961768439108298,0.9106873574872388,0.0961768439108298,0.8472883120386572,True
486,0,0.5610195827448203,486,B,0.06693267565173759,0.8472883120386572,0.0961768439108298,0.9106873574872388,0.0961768439108298,0.8472883120386572,True
487,1,0.6563925703784846,487,B,0.06693267565173759,0.8472883120386572,0.0961768439108298,0.9106873574872388,0.0961768439108298,0.8472883120386572,True
488,1,0.5190420884734072,488,B,0.06693267565173759,0.8472883120386572,0.0961768439108298,0.9106873574872388,0.0961768439108298,0.8472883120386572,True
489,1,0.7651054909760885,489,B,0.06693267565173759,0.8472883120386572,0.0961768439108298,0.9106873574872388,0.0961768439108298,0.8472883120386572,True
490,0,0.6186958479818039,490,B,0.06693267565173759,0.8472883120386572,0.0961768439108298,0.9106873574872388,0.0961768439108298,0.8472883120386572,True
491,0,0.3952933265197034,491,B,0.06693267565173759,0.8472883120386572,0.0961768439108298,0.9106873574872388,0.0961768439108298,0.8472883120386572,True
492,1,0.6379259590309055,492,B,0.06693267565173759,0.8472883120386572,0.0961768439108298,0.9106873574872388,0.0961768439108298,0.8472883120386572,True
493,0,0.13853902651084302,493,B,0.06693267565173759,0.8472883120386572,0.0961768439108298,0.9106873574872388,0.0961768439108298,0.8472883120386572,True
494,0,0.24186308056075223,494,B,0.06693267565173759,0.8472883120386572,0.0961768439108298,0.9106873574872388,0.0961768439108298,0.8472883120386572,True
495,0,0.30233470716959504,495,B,0.06693267565173759,0.8472883120386572,0.0961768439108298,0.9106873574872388,0.0961768439108298,0.8472883120386572,True
496,0,0.42044730189010715,496,B,0.06693267565173759,0.8472883120386572,0.0961768439108298,0.9106873574872388,0.0961768439108298,0.8472883120386572,True
497,0,0.40004478568409807,497,B,0.06693267565173759,0.8472883120386572,0.0961768439108298,0.9106873574872388,0.0961768439108298,0.8472883120386572,True
498,1,0.3613554237438928,498,B,0.06693267565173759,0.8472883120386572,0.0961768439108298,0.9106873574872388,0.0961768439108298,0.8472883120386572,True
499,0,0.2535682530098696,499,B,0.06693267565173759,0.8472883120386572,0.0961768439108298,0.9106873574872388,0.0961768439108298,0.8472883120386572,True
500,0,0.7882272154067705,500,B,0.06693267565173759,0.8472883120386572,0.0961768439108298,0.9106873574872388,0.0961768439108298,0.8472883120386572,True
501,1,0.6269112979819608,501,B,0.06693267565173759,0.8472883120386572,0.0961768439108298,0.9106873574872388,0.0961768439108298,0.8472883120386572,True
502,0,0.555829590844955,502,B,0.06693267565173759,0.8472883120386572,0.0961768439108298,0.9106873574872388,0.0961768439108298,0.8472883120386572,True
503,1,0.5962348153512993,503,B,0.06693267565173759,0.8472883120386572,0.0961768439108298,0.9106873574872388,0.0961768439108298,0.8472883120386572,True
504,0,0.4601440248155924,504,B,0.06693267565173759,0.8472883120386572,0.0961768439108298,0.9106873574872388,0.0961768439108298,0.8472883120386572,True
505,0,0.2936435711615835,505,B,0.06693267565173759,0.8472883120386572,0.0961768439108298,0.9106873574872388,0.0961768439108298,0.8472883120386572,True
506,0,0.37649624402842297,506,B,0.06693267565173759,0.8472883120386572,0.0961768439108298,0.9106873574872388,0.0961768439108298,0.8472883120386572,True
507,1,0.8031881695606325,507,B,0.06693267565173759,0.8472883120386572,0.0961768439108298,0.9106873574872388,0.0961768439108298,0.8472883120386572,True
508,1,0.7057305931735801,508,B,0.06693267565173759,0.8472883120386572,0.0961768439108298,0.9106873574872388,0.0961768439108298,0.8472883120386572,True
509,0,0.12355680300598841,509,B,0.06693267565173759,0.8472883120386572,0.0961768439108298,0.9106873574872388,0.0961768439108298,0.8472883120386572,True
510,1,0.5552324183648893,510,B,0.06693267565173759,0.8472883120386572,0.0961768439108298,0.9106873574872388,0.0961768439108298,0.8472883120386572,True
511,0,0.30830660153372635,511,B,0.06693267565173759,0.8472883120386572,0.0961768439108298,0.9106873574872388,0.0961768439108298,0.8472883120386572,True
512,1,0.4762557260104306,512,B,0.06693267565173759,0.8472883120386572,0.0961768439108298,0.9106873574872388,0.0961768439108298,0.8472883120386572,True
513,0,0.3677566622378316,513,B,0.06693267565173759,0.8472883120386572,0.0961768439108298,0.9106873574872388,0.0961768439108298,0.8472883120386572,True
514,1,0.5511889144859704,514,B,0.06693267565173759,0.8472883120386572,0.0961768439108298,0.9106873574872388,0.0961768439108298,0.8472883120386572,True
515,0,0.34422852408791027,515,B,0.06693267565173759,0.8472883120386572,0.0961768439108298,0.9106873574872388,0.0961768439108298,0.8472883120386572,True
516,0,0.3512471436636209,516,B,0.06693267565173759,0.8472883120386572,0.0961768439108298,0.9106873574872388,0.0961768439108298,0.8472883120386572,True
517,1,0.5738419072175287,517,B,0.06693267565173759,0.8472883120386572,0.0961768439108298,0.9106873574872388,0.0961768439108298,0.8472883120386572,True
518,0,0.5425736391879042,518,B,0.06693267565173759,0.8472883120386572,0.0961768439108298,0.9106873574872388,0.0961768439108298,0.8472883120386572,True
519,0,0.24758374144634693,519,B,0.06693267565173759,0.8472883120386572,0.0961768439108298,0.9106873574872388,0.0961768439108298,0.8472883120386572,True
520,0,0.5863407772382829,520,B,0.06693267565173759,0.8472883120386572,0.0961768439108298,0.9106873574872388,0.0961768439108298,0.8472883120386572,True
521,1,0.4966479889281616,521,B,0.06693267565173759,0.8472883120386572,0.0961768439108298,0.9106873574872388,0.0961768439108298,0.8472883120386572,True
522,1,0.35477548361753963,522,B,0.06693267565173759,0.8472883120386572,0.0961768439108298,0.9106873574872388,0.0961768439108298,0.8472883120386572,True
523,1,0.6639011746911219,523,B,0.06693267565173759,0.8472883120386572,0.0961768439108298,0.9106873574872388,0.0961768439108298,0.8472883120386572,True
524,1,0.41128369115685076,524,B,0.06693267565173759,0.8472883120386572,0.0961768439108298,0.9106873574872388,0.0961768439108298,0.8472883120386572,True
525,1,0.09980749954254904,525,B,0.06693267565173759,0.8472883120386572,0.0961768439108298,0.9106873574872388,0.0961768439108298,0.8472883120386572,True
526,0,0.8227268768581473,526,B,0.06693267565173759,0.8472883120386572,0.0961768439108298,0.9106873574872388,0.0961768439108298,0.8472883120386572,True
527,0,0.3437914032986953,527,B,0.06693267565173759,0.8472883120386572,0.0961768439108298,0.9106873574872388,0.0961768439108298,0.8472883120386572,True
528,1,0.518819696513512,528,B,0.06693267565173759,0.8472883120386572,0.0961768439108298,0.9106873574872388,0.0961768439108298,0.8472883120386572,True
529,0,0.43096817268341275,529,B,0.06693267565173759,0.8472883120386572,0.0961768439108298,0.9106873574872388,0.0961768439108298,0.8472883120386572,True
530,0,0.2672835042203618,530,B,0.06693267565173759,0.8472883120386572,0.0961768439108298,0.9106873574872388,0.0961768439108298,0.8472883120386572,True
531,0,0.39405198110044243,531,B,0.06693267565173759,0.8472883120386572,0.0961768439108298,0.9106873574872388,0.0961768439108298,0.8472883120386572,True
532,0,0.4473535491732695,532,B,0.06693267565173759,0.8472883120386572,0.0961768439108298,0.9106873574872388,0.0961768439108298,0.8472883120386572,True
533,0,0.26103120357781623,533,B,0.06693267565173759,0.8472883120386572,0.0961768439108298,0.9106873574872388,0.0961768439108298,0.8472883120386572,True
534,1,0.522026969212963,534,B,0.06693267565173759,0.8472883120386572,0.0961768439108298,0.9106873574872388,0.0961768439108298,0.8472883120386572,True
535,0,0.1471350287353031,535,B,0.06693267565173759,0.8472883120386572,0.0961768439108298,0.9106873574872388,0.0961768439108298,0.8472883120386572,True
536,0,0.5752486028815533,536,B,0.06693267565173759,0.8472883120386572,0.0961768439108298,0.9106873574872388,0.0961768439108298,0.8472883120386572,True
537,0,0.41475044340955963,537,B,0.06693267565173759,0.8472883120386572,0.0961768439108298,0.9106873574872388,0.0961768439108298,0.8472883120386572,True
538,1,0.7579076558493234,538,B,0.06693267565173759,0.8472883120386572,0.0961768439108298,0.9106873574872388,0.0961768439108298,0.8472883120386572,True
539,1,0.8233968228601429,539,B,0.06693267565173759,0.8472883120386572,0.0961768439108298,0.9106873574872388,0.0961768439108298,0.8472883120386572,True
540,0,0.24854157235044752,540,B,0.06693267565173759,0.8472883120386572,0.0961768439108298,0.9106873574872388,0.0961768439108298,0.8472883120386572,True
541,0,0.5112462965603599,541,B,0.06693267565173759,0.8472883120386572,0.0961768439108298,0.9106873574872388,0.0961768439108298,0.8472883120386572,True
542,1,0.8519456005831834,542,B,0.06693267565173759,0.8472883120386572,0.0961768439108298,0.9106873574872388,0.0961768439108298,0.8472883120386572,False
543,0,0.5268955576308122,543,B,0.06693267565173759,0.8472883120386572,0.0961768439108298,0.9106873574872388,0.0961768439108298,0.8472883120386572,True
544,1,0.4279409298140863,544,B,0.06693267565173759,0.8472883120386572,0.0961768439108298,0.9106873574872388,0.0961768439108298,0.8472883120386572,True
545,1,0.6522002931826842,545,B,0.06693267565173759,0.8472883120386572,0.0961768439108298,0.9106873574872388,0.0961768439108298,0.8472883120386572,True
546,0,0.49336829545469313,546,B,0.06693267565173759,0.8472883120386572,0.0961768439108298,0.9106873574872388,0.0961768439108298,0.8472883120386572,True
547,1,0.5618260105644385,547,B,0.06693267565173759,0.8472883120386572,0.0961768439108298,0.9106873574872388,0.0961768439108298,0.8472883120386572,True
548,0,0.51525757136409,548,B,0.06693267565173759,0.8472883120386572,0.0961768439108298,0.9106873574872388,0.0961768439108298,0.8472883120386572,True
549,1,0.6230465892586906,549,B,0.06693267565173759,0.8472883120386572,0.0961768439108298,0.9106873574872388,0.0961768439108298,0.8472883120386572,True
550,0,0.41994778180216974,550,B,0.06693267565173759,0.8472883120386572,0.0961768439108298,0.9106873574872388,0.0961768439108298,0.8472883120386572,True
551,0,0.37301574038660856,551,B,0.06693267565173759,0.8472883120386572,0.0961768439108298,0.9106873574872388,0.0961768439108298,0.8472883120386572,True
552,1,0.5020556379687544,552,B,0.06693267565173759,0.8472883120386572,0.0961768439108298,0.9106873574872388,0.0961768439108298,0.8472883120386572,True
553,0,0.3999823107328245,553,B,0.06693267565173759,0.8472883120386572,0.0961768439108298,0.9106873574872388,0.0961768439108298,0.8472883120386572,True
554,1,0.8970693505723828,554,B,0.06693267565173759,0.8472883120386572,0.0961768439108298,0.9106873574872388,0.0961768439108298,0.8472883120386572,False
555,1,0.5282343908387757,555,B,0.06693267565173759,0.8472883120386572,0.0961768439108298,0.9106873574872388,0.0961768439108298,0.8472883120386572,True
556,1,0.8124881076609406,556,B,0.06693267565173759,0.8472883120386572,0.0961768439108298,0.9106873574872388,0.0961768439108298,0.8472883120386572,True
557,1,0.6223451893980757,557,B,0.06693267565173759,0.8472883120386572,0.0961768439108298,0.9106873574872388,0.0961768439108298,0.8472883120386572,True
558,1,0.39264195654501793,558,B,0.06693267565173759,0.8472883120386572,0.0961768439108298,0.9106873574872388,0.0961768439108298,0.8472883120386572,True
559,1,0.47534214675528247,559,B,0.06693267565173759,0.8472883120386572,0.0961768439108298,0.9106873574872388,0.0961768439108298,0.8472883120386572,True
560,0,0.6978618578563283,560,B,0.06693267565173759,0.8472883120386572,0.0961768439108298,0.9106873574872388,0.0961768439108298,0.8472883120386572,True
561,0,0.34535188893717633,561,B,0.06693267565173759,0.8472883120386572,0.0961768439108298,0.9106873574872388,0.0961768439108298,0.8472883120386572,True
562,0,0.39662805437598064,562,B,0.06693267565173759,0.8472883120386572,0.0961768439108298,0.9106873574872388,0.0961768439108298,0.8472883120386572,True
563,1,0.4858108219419335,563,B,0.06693267565173759,0.8472883120386572,0.0961768439108298,0.9106873574872388,0.0961768439108298,0.8472883120386572,True
564,0,0.2521600295425666,564,B,0.06693267565173759,0.8472883120386572,0.0961768439108298,0.9106873574872388,0.0961768439108298,0.8472883120386572,True
565,0,0.5683748151217104,565,B,0.06693267565173759,0.8472883120386572,0.0961768439108298,0.9106873574872388,0.0961768439108298,0.8472883120386572,True
566,1,0.6307880236858083,566,B,0.06693267565173759,0.8472883120386572,0.0961768439108298,0.9106873574872388,0.0961768439108298,0.8472883120386572,True
567,0,0.5511558631076408,567,B,0.06693267565173759,0.8472883120386572,0.0961768439108298,0.9106873574872388,0.0961768439108298,0.8472883120386572,True
568,0,0.44024159323225,568,B,0.06693267565173759,0.8472883120386572,0.0961768439108298,0.9106873574872388,0.0961768439108298,0.8472883120386572,True
569,0,0.21455702828761353,569,B,0.06693267565173759,0.8472883120386572,0.0961768439108298,0.9106873574872388,0.0961768439108298,0.8472883120386572,True
570,0,0.4134905869201476,570,B,0.06693267565173759,0.8472883120386572,0.0961768439108298,0.9106873574872388,0.0961768439108298,0.8472883120386572,True
571,1,0.23940785280276913,571,B,0.06693267565173759,0.8472883120386572,0.0961768439108298,0.9106873574872388,0.0961768439108298,0.8472883120386572,True
572,0,0.3795821608363762,572,B,0.06693267565173759,0.8472883120386572,0.0961768439108298,0.9106873574872388,0.0961768439108298,0.8472883120386572,True
573,1,0.5222548055525915,573,B,0.06693267565173759,0.8472883120386572,0.0961768439108298,0.9106873574872388,0.0961768439108298,0.8472883120386572,True
574,1,0.767901398523031,574,B,0.06693267565173759,0.8472883120386572,0.0961768439108298,0.9106873574872388,0.0961768439108298,0.8472883120386572,True
575,1,0.7596196982587718,575,B,0.06693267565173759,0.8472883120386572,0.0961768439108298,0.9106873574872388,0.0961768439108298,0.8472883120386572,True
576,1,0.6789885116908674,576,B,0.06693267565173759,0.8472883120386572,0.0961768439108298,0.9106873574872388,0.0961768439108298,0.8472883120386572,True
577,1,0.7740005029605393,577,B,0.06693267565173759,0.8472883120386572,0.0961768439108298,0.9106873574872388,0.0961768439108298,0.8472883120386572,True
578,1,0.6209584764350647,578,B,0.06693267565173759,0.8472883120386572,0.0961768439108298,0.9106873574872388,0.0961768439108298,0.8472883120386572,True
579,0,0.661999096107267,579,B,0.06693267565173759,0.8472883120386572,0.0961768439108298,0.9106873574872388,0.0961768439108298,0.8472883120386572,True
580,0,0.11900350477344993,580,B,0.06693267565173759,0.8472883120386572,0.0961768439108298,0.9106873574872388,0.0961768439108298,0.8472883120386572,True
581,0,0.30895412096900965,581,B,0.06693267565173759,0.8472883120386572,0.0961768439108298,0.9106873574872388,0.0961768439108298,0.8472883120386572,True
582,0,0.5341299937170242,582,B,0.06693267565173759,0.8472883120386572,0.0961768439108298,0.9106873574872388,0.0961768439108298,0.8472883120386572,True
583,1,0.37235043105950333,583,B,0.06693267565173759,0.8472883120386572,0.0961768439108298,0.9106873574872388,0.0961768439108298,0.8472883120386572,True
584,0,0.6226804876179842,584,B,0.06693267565173759,0.8472883120386572,0.0961768439108298,0.9106873574872388,0.0961768439108298,0.8472883120386572,True
585,1,0.5686322903162703,585,B,0.06693267565173759,0.8472883120386572,0.0961768439108298,0.9106873574872388,0.0961768439108298,0.8472883120386572,True
586,1,0.4516359959038918,586,B,0.06693267565173759,0.8472883120386572,0.0961768439108298,0.9106873574872388,0.0961768439108298,0.8472883120386572,True
587,1,0.32754402006517835,587,B,0.06693267565173759,0.8472883120386572,0.0961768439108298,0.9106873574872388,0.0961768439108298,0.8472883120386572,True
588,0,0.435459926733546,588,B,0.06693267565173759,0.8472883120386572,0.0961768439108298,0.9106873574872388,0.0961768439108298,0.8472883120386572,True
589,1,0.3079170683274159,589,B,0.06693267565173759,0.8472883120386572,0.0961768439108298,0.9106873574872388,0.0961768439108298,0.8472883120386572,True
590,0,0.38107804454033084,590,B,0.06693267565173759,0.8472883120386572,0.0961768439108298,0.9106873574872388,0.0961768439108298,0.8472883120386572,True
591,0,0.42268347877542956,591,B,0.06693267565173759,0.8472883120386572,0.0961768439108298,0.9106873574872388,0.0961768439108298,0.8472883120386572,True
592,0,0.40851391618172256,592,B,0.06693267565173759,0.8472883120386572,0.0961768439108298,0.9106873574872388,0.0961768439108298,0.8472883120386572,True
593,0,0.4177638720222311,593,B,0.06693267565173759,0.8472883120386572,0.0961768439108298,0.9106873574872388,0.0961768439108298,0.8472883120386572,True
594,1,0.48008836099135843,594,B,0.06693267565173759,0.8472883120386572,0.0961768439108298,0.9106873574872388,0.0961768439108298,0.8472883120386572,True
595,0,0.5864498476793156,595,B,0.06693267565173759,0.8472883120386572,0.0961768439108298,0.9106873574872388,0.0961768439108298,0.8472883120386572,True
596,0,0.3739998610055304,596,B,0.06693267565173759,0.8472883120386572,0.0961768439108298,0.9106873574872388,0.0961768439108298,0.8472883120386572,True
597,1,0.5462129737766687,597,B,0.06693267565173759,0.8472883120386572,0.0961768439108298,0.9106873574872388,0.0961768439108298,0.8472883120386572,True
598,0,0.30755968915233856,598,B,0.06693267565173759,0.8472883120386572,0.0961768439108298,0.9106873574872388,0.0961768439108298,0.8472883120386572,True
599,1,0.2135323916444744,599,B,0.06693267565173759,0.8472883120386572,0.0961768439108298,0.9106873574872388,0.0961768439108298,0.8472883120386572,True
600,0,0.41524879977384177,600,B,0.06693267565173759,0.8472883120386572,0.0961768439108298,0.9106873574872388,0.0961768439108298,0.8472883120386572,True
601,1,0.6237595645319891,601,B,0.06693267565173759,0.8472883120386572,0.0961768439108298,0.9106873574872388,0.0961768439108298,0.8472883120386572,True
602,0,0.46949458686657586,602,B,0.06693267565173759,0.8472883120386572,0.0961768439108298,0.9106873574872388,0.0961768439108298,0.8472883120386572,True
603,0,0.17791806913035463,603,B,0.06693267565173759,0.8472883120386572,0.0961768439108298,0.9106873574872388,0.0961768439108298,0.8472883120386572,True
604,0,0.2799662946595398,604,B,0.06693267565173759,0.8472883120386572,0.0961768439108298,0.9106873574872388,0.0961768439108298,0.8472883120386572,True
605,0,0.34738370573528576,605,B,0.06693267565173759,0.8472883120386572,0.0961768439108298,0.9106873574872388,0.0961768439108298,0.8472883120386572,True
606,0,0.6950492838965477,606,B,0.06693267565173759,0.8472883120386572,0.0961768439108298,0.9106873574872388,0.0961768439108298,0.8472883120386572,True
607,1,0.3658340281941786,607,B,0.06693267565173759,0.8472883120386572,0.0961768439108298,0.9106873574872388,0.0961768439108298,0.8472883120386572,True
608,0,0.1933571681627136,608,B,0.06693267565173759,0.8472883120386572,0.0961768439108298,0.9106873574872388,0.0961768439108298,0.8472883120386572,True
609,0,0.2921263766656526,609,B,0.06693267565173759,0.8472883120386572,0.0961768439108298,0.9106873574872388,0.0961768439108298,0.8472883120386572,True
610,1,0.7609980746259412,610,B,0.06693267565173759,0.8472883120386572,0.0961768439108298,0.9106873574872388,0.0961768439108298,0.8472883120386572,True
611,1,0.5556657992083085,611,B,0.06693267565173759,0.8472883120386572,0.0961768439108298,0.9106873574872388,0.0961768439108298,0.8472883120386572,True
612,0,0.45210355996690943,612,B,0.06693267565173759,0.8472883120386572,0.0961768439108298,0.9106873574872388,0.0961768439108298,0.8472883120386572,True
613,0,0.4823090828299906,613,B,0.06693267565173759,0.8472883120386572,0.0961768439108298,0.9106873574872388,0.0961768439108298,0.8472883120386572,True
614,0,0.315347450896036,614,B,0.06693267565173759,0.8472883120386572,0.0961768439108298,0.9106873574872388,0.0961768439108298,0.8472883120386572,True
615,1,0.7223520165959593,615,B,0.06693267565173759,0.8472883120386572,0.0961768439108298,0.9106873574872388,0.0961768439108298,0.8472883120386572,True
616,0,0.2544866544072097,616,B,0.06693267565173759,0.8472883120386572,0.0961768439108298,0.9106873574872388,0.0961768439108298,0.8472883120386572,True
617,0,0.4769038407637293,617,B,0.06693267565173759,0.8472883120386572,0.0961768439108298,0.9106873574872388,0.0961768439108298,0.8472883120386572,True
618,1,0.24201676181878645,618,B,0.06693267565173759,0.8472883120386572,0.0961768439108298,0.9106873574872388,0.0961768439108298,0.8472883120386572,True
619,0,0.25830877344234343,619,B,0.06693267565173759,0.8472883120386572,0.0961768439108298,0.9106873574872388,0.0961768439108298,0.8472883120386572,True
620,1,0.5397617808279693,620,B,0.06693267565173759,0.8472883120386572,0.0961768439108298,0.9106873574872388,0.0961768439108298,0.8472883120386572,True
621,0,0.38647469736111445,621,B,0.06693267565173759,0.8472883120386572,0.0961768439108298,0.9106873574872388,0.0961768439108298,0.8472883120386572,True
622,1,0.6380983038457163,622,B,0.06693267565173759,0.8472883120386572,0.0961768439108298,0.9106873574872388,0.0961768439108298,0.8472883120386572,True
623,0,0.7270889432264646,623,B,0.06693267565173759,0.8472883120386572,0.0961768439108298,0.9106873574872388,0.0961768439108298,0.8472883120386572,True
624,0,0.2099690201456421,624,B,0.06693267565173759,0.8472883120386572,0.0961768439108298,0.9106873574872388,0.0961768439108298,0.8472883120386572,True
625,0,0.5615373007848194,625,B,0.06693267565173759,0.8472883120386572,0.0961768439108298,0.9106873574872388,0.0961768439108298,0.8472883120386572,True
626,1,0.8261218580953467,626,B,0.06693267565173759,0.8472883120386572,0.0961768439108298,0.9106873574872388,0.0961768439108298,0.8472883120386572,True
627,1,0.40350157681775345,627,B,0.06693267565173759,0.8472883120386572,0.0961768439108298,0.9106873574872388,0.0961768439108298,0.8472883120386572,True
628,0,0.6705306174382608,628,B,0.06693267565173759,0.8472883120386572,0.0961768439108298,0.9106873574872388,0.0961768439108298,0.8472883120386572,True
629,0,0.8059917942526227,629,B,0.06693267565173759,0.8472883120386572,0.0961768439108298,0.9106873574872388,0.0961768439108298,0.8472883120386572,True
630,0,0.4519527500833006,630,B,0.06693267565173759,0.8472883120386572,0.0961768439108298,0.9106873574872388,0.0961768439108298,0.8472883120386572,True
631,1,0.5972947823481911,631,B,0.06693267565173759,0.8472883120386572,0.0961768439108298,0.9106873574872388,0.0961768439108298,0.8472883120386572,True
632,1,0.6967434993831543,632,B,0.06693267565173759,0.8472883120386572,0.0961768439108298,0.9106873574872388,0.0961768439108298,0.8472883120386572,True
633,1,0.4130420498974956,633,B,0.06693267565173759,0.8472883120386572,0.0961768439108298,0.9106873574872388,0.0961768439108298,0.8472883120386572,True
634,0,0.17065729834113183,634,B,0.06693267565173759,0.8472883120386572,0.0961768439108298,0.9106873574872388,0.0961768439108298,0.8472883120386572,True
635,0,0.37696540394193634,635,B,0.06693267565173759,0.8472883120386572,0.0961768439108298,0.9106873574872388,0.0961768439108298,0.8472883120386572,True
636,0,0.5455152778290784,636,B,0.06693267565173759,0.8472883120386572,0.0961768439108298,0.9106873574872388,0.0961768439108298,0.8472883120386572,True
637,1,0.45736872565720604,637,B,0.06693267565173759,0.8472883120386572,0.0961768439108298,0.9106873574872388,0.0961768439108298,0.8472883120386572,True
638,1,0.640924670923498,638,B,0.06693267565173759,0.8472883120386572,0.0961768439108298,0.9106873574872388,0.0961768439108298,0.8472883120386572,True
639,1,0.5063768205780945,639,B,0.06693267565173759,0.8472883120386572,0.0961768439108298,0.9106873574872388,0.0961768439108298,0.8472883120386572,True
640,1,0.28915073760037957,640,B,0.06693267565173759,0.8472883120386572,0.0961768439108298,0.9106873574872388,0.0961768439108298,0.8472883120386572,True
641,1,0.35350153538641144,641,B,0.06693267565173759,0.8472883120386572,0.0961768439108298,0.9106873574872388,0.0961768439108298,0.8472883120386572,True
642,1,0.2651230024277373,642,B,0.06693267565173759,0.8472883120386572,0.0961768439108298,0.9106873574872388,0.0961768439108298,0.8472883120386572,True
643,1,0.5217440027367549,643,B,0.06693267565173759,0.8472883120386572,0.0961768439108298,0.9106873574872388,0.0961768439108298,0.8472883120386572,True
644,1,0.7525175005407493,644,B,0.06693267565173759,0.8472883120386572,0.0961768439108298,0.9106873574872388,0.0961768439108298,0.8472883120386572,True
645,0,0.429019175433391,645,B,0.06693267565173759,0.8472883120386572,0.0961768439108298,0.9106873574872388,0.0961768439108298,0.8472883120386572,True
646,0,0.4553211370018922,646,B,0.06693267565173759,0.8472883120386572,0.0961768439108298,0.9106873574872388,0.0961768439108298,0.8472883120386572,True
647,0,0.32046725170835083,647,B,0.06693267565173759,0.8472883120386572,0.0961768439108298,0.9106873574872388,0.0961768439108298,0.8472883120386572,True
648,1,0.42286908245924243,648,B,0.06693267565173759,0.8472883120386572,0.0961768439108298,0.9106873574872388,0.0961768439108298,0.8472883120386572,True
649,0,0.3421161904332111,649,B,0.06693267565173759,0.8472883120386572,0.0961768439108298,0.9106873574872388,0.0961768439108298,0.8472883120386572,True
650,1,0.425529883976212,650,B,0.06693267565173759,0.8472883120386572,0.0961768439108298,0.9106873574872388,0.0961768439108298,0.8472883120386572,True
651,0,0.36295952013167937,651,B,0.06693267565173759,0.8472883120386572,0.0961768439108298,0.9106873574872388,0.0961768439108298,0.8472883120386572,True
652,0,0.38115465038994883,652,B,0.06693267565173759,0.8472883120386572,0.0961768439108298,0.9106873574872388,0.0961768439108298,0.8472883120386572,True
653,1,0.6956258453495695,653,B,0.06693267565173759,0.8472883120386572,0.0961768439108298,0.9106873574872388,0.0961768439108298,0.8472883120386572,True
654,1,0.3984219187215192,654,B,0.06693267565173759,0.8472883120386572,0.0961768439108298,0.9106873574872388,0.0961768439108298,0.8472883120386572,True
655,0,0.5544949177878989,655,B,0.06693267565173759,0.8472883120386572,0.0961768439108298,0.9106873574872388,0.0961768439108298,0.8472883120386572,True
656,1,0.8751871235274462,656,B,0.06693267565173759,0.8472883120386572,0.0961768439108298,0.9106873574872388,0.0961768439108298,0.8472883120386572,False
657,1,0.49887304246125286,657,B,0.06693267565173759,0.8472883120386572,0.0961768439108298,0.9106873574872388,0.0961768439108298,0.8472883120386572,True
658,0,0.4518823050781306,658,B,0.06693267565173759,0.8472883120386572,0.0961768439108298,0.9106873574872388,0.0961768439108298,0.8472883120386572,True
659,0,0.37722396097190963,659,B,0.06693267565173759,0.8472883120386572,0.0961768439108298,0.9106873574872388,0.0961768439108298,0.8472883120386572,True
660,0,0.38142557985917275,660,B,0.06693267565173759,0.8472883120386572,0.0961768439108298,0.9106873574872388,0.0961768439108298,0.8472883120386572,True
661,1,0.23219860816098606,661,B,0.06693267565173759,0.8472883120386572,0.0961768439108298,0.9106873574872388,0.0961768439108298,0.8472883120386572,True
662,1,0.5760353260217866,662,B,0.06693267565173759,0.8472883120386572,0.0961768439108298,0.9106873574872388,0.0961768439108298,0.8472883120386572,True
663,0,0.29187601681909403,663,B,0.06693267565173759,0.8472883120386572,0.0961768439108298,0.9106873574872388,0.0961768439108298,0.8472883120386572,True
664,1,0.6275468386562728,664,B,0.06693267565173759,0.8472883120386572,0.0961768439108298,0.9106873574872388,0.0961768439108298,0.8472883120386572,True
665,0,0.5026574892028374,665,B,0.06693267565173759,0.8472883120386572,0.0961768439108298,0.9106873574872388,0.0961768439108298,0.8472883120386572,True
666,0,0.24013613200007983,666,B,0.06693267565173759,0.8472883120386572,0.0961768439108298,0.9106873574872388,0.0961768439108298,0.8472883120386572,True
667,1,0.5990973973982764,667,B,0.06693267565173759,0.8472883120386572,0.0961768439108298,0.9106873574872388,0.0961768439108298,0.8472883120386572,True
668,1,0.16729358671170788,668,B,0.06693267565173759,0.8472883120386572,0.0961768439108298,0.9106873574872388,0.0961768439108298,0.8472883120386572,True
669,0,0.4371129425286047,669,B,0.06693267565173759,0.8472883120386572,0.0961768439108298,0.9106873574872388,0.0961768439108298,0.8472883120386572,True
670,1,0.6216510843569271,670,B,0.06693267565173759,0.8472883120386572,0.0961768439108298,0.9106873574872388,0.0961768439108298,0.8472883120386572,True
671,1,0.4078689840876391,671,B,0.06693267565173759,0.8472883120386572,0.0961768439108298,0.9106873574872388,0.0961768439108298,0.8472883120386572,True
672,0,0.29605632494380013,672,B,0.06693267565173759,0.8472883120386572,0.0961768439108298,0.9106873574872388,0.0961768439108298,0.8472883120386572,True
673,0,0.163993144001874,673,B,0.06693267565173759,0.8472883120386572,0.0961768439108298,0.9106873574872388,0.0961768439108298,0.8472883120386572,True
674,0,0.21053455800514445,674,B,0.06693267565173759,0.8472883120386572,0.0961768439108298,0.9106873574872388,0.0961768439108298,0.8472883120386572,True
675,0,0.2117721182214698,675,B,0.06693267565173759,0.8472883120386572,0.0961768439108298,0.9106873574872388,0.0961768439108298,0.8472883120386572,True
676,0,0.5201147878606293,676,B,0.06693267565173759,0.8472883120386572,0.0961768439108298,0.9106873574872388,0.0961768439108298,0.8472883120386572,True
677,1,0.2812875568852757,677,B,0.06693267565173759,0.8472883120386572,0.0961768439108298,0.9106873574872388,0.0961768439108298,0.8472883120386572,True
678,0,0.47927678039146837,678,B,0.06693267565173759,0.8472883120386572,0.0961768439108298,0.9106873574872388,0.0961768439108298,0.8472883120386572,True
679,1,0.8215611075144796,679,B,0.06693267565173759,0.8472883120386572,0.0961768439108298,0.9106873574872388,0.0961768439108298,0.8472883120386572,True
680,0,0.40093907683086943,680,B,0.06693267565173759,0.8472883120386572,0.0961768439108298,0.9106873574872388,0.0961768439108298,0.8472883120386572,True
681,1,0.45248222907344915,681,B,0.06693267565173759,0.8472883120386572,0.0961768439108298,0.9106873574872388,0.0961768439108298,0.8472883120386572,True
682,0,0.5982073220397648,682,B,0.06693267565173759,0.8472883120386572,0.0961768439108298,0.9106873574872388,0.0961768439108298,0.8472883120386572,True
683,0,0.3211366693233819,683,B,0.06693267565173759,0.8472883120386572,0.0961768439108298,0.9106873574872388,0.0961768439108298,0.8472883120386572,True
684,0,0.37363947739446707,684,B,0.06693267565173759,0.8472883120386572,0.0961768439108298,0.9106873574872388,0.0961768439108298,0.8472883120386572,True
685,0,0.7076545760715984,685,B,0.06693267565173759,0.8472883120386572,0.0961768439108298,0.9106873574872388,0.0961768439108298,0.8472883120386572,True
686,1,0.5389993310648201,686,B,0.06693267565173759,0.8472883120386572,0.0961768439108298,0.9106873574872388,0.0961768439108298,0.8472883120386572,True
687,1,0.46876738497137044,687,B,0.06693267565173759,0.8472883120386572,0.0961768439108298,0.9106873574872388,0.0961768439108298,0.8472883120386572,True
688,1,0.3183516575555577,688,B,0.06693267565173759,0.8472883120386572,0.0961768439108298,0.9106873574872388,0.0961768439108298,0.8472883120386572,True
689,0,0.1594922263009817,689,B,0.06693267565173759,0.8472883120386572,0.0961768439108298,0.9106873574872388,0.0961768439108298,0.8472883120386572,True
690,0,0.48639512438620025,690,B,0.06693267565173759,0.8472883120386572,0.0961768439108298,0.9106873574872388,0.0961768439108298,0.8472883120386572,True
691,1,0.5704039647343018,691,B,0.06693267565173759,0.8472883120386572,0.0961768439108298,0.9106873574872388,0.0961768439108298,0.8472883120386572,True
692,0,0.3381738695675784,692,B,0.06693267565173759,0.8472883120386572,0.0961768439108298,0.9106873574872388,0.0961768439108298,0.8472883120386572,True
693,0,0.26421625559722495,693,B,0.06693267565173759,0.8472883120386572,0.0961768439108298,0.9106873574872388,0.0961768439108298,0.8472883120386572,True
694,0,0.32288196134269975,694,B,0.06693267565173759,0.8472883120386572,0.0961768439108298,0.9106873574872388,0.0961768439108298,0.8472883120386572,True
695,0,0.5042304386483147,695,B,0.06693267565173759,0.8472883120386572,0.0961768439108298,0.9106873574872388,0.0961768439108298,0.8472883120386572,True
696,0,0.269159941290201,696,B,0.06693267565173759,0.8472883120386572,0.0961768439108298,0.9106873574872388,0.0961768439108298,0.8472883120386572,True
697,0,0.27485158124704934,697,B,0.06693267565173759,0.8472883120386572,0.0961768439108298,0.9106873574872388,0.0961768439108298,0.8472883120386572,True
698,1,0.5627132277760444,698,B,0.06693267565173759,0.8472883120386572,0.0961768439108298,0.9106873574872388,0.0961768439108298,0.8472883120386572,True
699,1,0.6970426601636374,699,B,0.06693267565173759,0.8472883120386572,0.0961768439108298,0.9106873574872388,0.0961768439108298,0.8472883120386572,True
700,0,0.19807528508851674,700,B,0.06693267565173759,0.8472883120386572,0.0961768439108298,0.9106873574872388,0.0961768439108298,0.8472883120386572,True
701,1,0.5987515400492586,701,B,0.06693267565173759,0.8472883120386572,0.0961768439108298,0.9106873574872388,0.0961768439108298,0.8472883120386572,True
702,0,0.20248277441062631,702,B,0.06693267565173759,0.8472883120386572,0.0961768439108298,0.9106873574872388,0.0961768439108298,0.8472883120386572,True
703,0,0.2227490741022654,703,B,0.06693267565173759,0.8472883120386572,0.0961768439108298,0.9106873574872388,0.0961768439108298,0.8472883120386572,True
704,0,0.14967193567642598,704,B,0.06693267565173759,0.8472883120386572,0.0961768439108298,0.9106873574872388,0.0961768439108298,0.8472883120386572,True
705,1,0.6393276481339653,705,B,0.06693267565173759,0.8472883120386572,0.0961768439108298,0.9106873574872388,0.0961768439108298,0.8472883120386572,True
706,1,0.42742840020922995,706,B,0.06693267565173759,0.8472883120386572,0.0961768439108298,0.9106873574872388,0.0961768439108298,0.8472883120386572,True
707,0,0.27618637796359463,707,B,0.06693267565173759,0.8472883120386572,0.0961768439108298,0.9106873574872388,0.0961768439108298,0.8472883120386572,True
708,1,0.5749445653433248,708,B,0.06693267565173759,0.8472883120386572,0.0961768439108298,0.9106873574872388,0.0961768439108298,0.8472883120386572,True
709,0,0.2737049850350018,709,B,0.06693267565173759,0.8472883120386572,0.0961768439108298,0.9106873574872388,0.0961768439108298,0.8472883120386572,True
710,1,0.7761322698341259,710,B,0.06693267565173759,0.8472883120386572,0.0961768439108298,0.9106873574872388,0.0961768439108298,0.8472883120386572,True
711,0,0.6084919458889237,711,B,0.06693267565173759,0.8472883120386572,0.0961768439108298,0.9106873574872388,0.0961768439108298,0.8472883120386572,True
712,0,0.24081226268772996,712,B,0.06693267565173759,0.8472883120386572,0.0961768439108298,0.9106873574872388,0.0961768439108298,0.8472883120386572,True
713,0,0.6262672544932004,713,B,0.06693267565173759,0.8472883120386572,0.0961768439108298,0.9106873574872388,0.0961768439108298,0.8472883120386572,True
714,0,0.554892394025525,714,B,0.06693267565173759,0.8472883120386572,0.0961768439108298,0.9106873574872388,0.0961768439108298,0.8472883120386572,True
715,1,0.4071367906936333,715,B,0.06693267565173759,0.8472883120386572,0.0961768439108298,0.9106873574872388,0.0961768439108298,0.8472883120386572,True
716,0,0.3260136293585027,716,B,0.06693267565173759,0.8472883120386572,0.0961768439108298,0.9106873574872388,0.0961768439108298,0.8472883120386572,True
717,0,0.4797256441360536,717,B,0.06693267565173759,0.8472883120386572,0.0961768439108298,0.9106873574872388,0.0961768439108298,0.8472883120386572,True
718,0,0.10759631932352491,718,B,0.06693267565173759,0.8472883120386572,0.0961768439108298,0.9106873574872388,0.0961768439108298,0.8472883120386572,True
719,0,0.5213865943849308,719,B,0.06693267565173759,0.8472883120386572,0.0961768439108298,0.9106873574872388,0.0961768439108298,0.8472883120386572,True
720,1,0.6749456303820346,720,B,0.06693267565173759,0.8472883120386572,0.0961768439108298,0.9106873574872388,0.0961768439108298,0.8472883120386572,True
721,0,0.46225035003400766,721,B,0.06693267565173759,0.8472883120386572,0.0961768439108298,0.9106873574872388,0.0961768439108298,0.8472883120386572,True
722,0,0.32609374574124544,722,B,0.06693267565173759,0.8472883120386572,0.0961768439108298,0.9106873574872388,0.0961768439108298,0.8472883120386572,True
723,0,0.47710961720723727,723,B,0.06693267565173759,0.8472883120386572,0.0961768439108298,0.9106873574872388,0.0961768439108298,0.8472883120386572,True
724,1,0.46724281230447406,724,B,0.06693267565173759,0.8472883120386572,0.0961768439108298,0.9106873574872388,0.0961768439108298,0.8472883120386572,True
725,1,0.4382717806617269,725,B,0.06693267565173759,0.8472883120386572,0.0961768439108298,0.9106873574872388,0.0961768439108298,0.8472883120386572,True
726,0,0.2868152759808742,726,B,0.06693267565173759,0.8472883120386572,0.0961768439108298,0.9106873574872388,0.0961768439108298,0.8472883120386572,True
727,0,0.454694906797142,727,B,0.06693267565173759,0.8472883120386572,0.0961768439108298,0.9106873574872388,0.0961768439108298,0.8472883120386572,True
728,1,0.5804993347672438,728,B,0.06693267565173759,0.8472883120386572,0.0961768439108298,0.9106873574872388,0.0961768439108298,0.8472883120386572,True
729,0,0.4910969900576994,729,B,0.06693267565173759,0.8472883120386572,0.0961768439108298,0.9106873574872388,0.0961768439108298,0.8472883120386572,True
730,1,0.5992546749892091,730,B,0.06693267565173759,0.8472883120386572,0.0961768439108298,0.9106873574872388,0.0961768439108298,0.8472883120386572,True
731,0,0.23715966765815058,731,B,0.06693267565173759,0.8472883120386572,0.0961768439108298,0.9106873574872388,0.0961768439108298,0.8472883120386572,True
732,0,0.6493685414445016,732,B,0.06693267565173759,0.8472883120386572,0.0961768439108298,0.9106873574872388,0.0961768439108298,0.8472883120386572,True
733,0,0.23709245265713746,733,B,0.06693267565173759,0.8472883120386572,0.0961768439108298,0.9106873574872388,0.0961768439108298,0.8472883120386572,True
734,1,0.3684818094506294,734,B,0.06693267565173759,0.8472883120386572,0.0961768439108298,0.9106873574872388,0.0961768439108298,0.8472883120386572,True
735,0,0.16390497807342921,735,B,0.06693267565173759,0.8472883120386572,0.0961768439108298,0.9106873574872388,0.0961768439108298,0.8472883120386572,True
736,0,0.6844287970740321,736,B,0.06693267565173759,0.8472883120386572,0.0961768439108298,0.9106873574872388,0.0961768439108298,0.8472883120386572,True
737,0,0.5531032906084574,737,B,0.06693267565173759,0.8472883120386572,0.0961768439108298,0.9106873574872388,0.0961768439108298,0.8472883120386572,True
738,1,0.7235631195957741,738,B,0.06693267565173759,0.8472883120386572,0.0961768439108298,0.9106873574872388,0.0961768439108298,0.8472883120386572,True
739,1,0.6106047412676934,739,B,0.06693267565173759,0.8472883120386572,0.0961768439108298,0.9106873574872388,0.0961768439108298,0.8472883120386572,True
740,1,0.5884610566450332,740,B,0.06693267565173759,0.8472883120386572,0.0961768439108298,0.9106873574872388,0.0961768439108298,0.8472883120386572,True
741,1,0.35176123241929563,741,B,0.06693267565173759,0.8472883120386572,0.0961768439108298,0.9106873574872388,0.0961768439108298,0.8472883120386572,True
742,0,0.45841558792768666,742,B,0.06693267565173759,0.8472883120386572,0.0961768439108298,0.9106873574872388,0.0961768439108298,0.8472883120386572,True
743,0,0.6974766968459998,743,B,0.06693267565173759,0.8472883120386572,0.0961768439108298,0.9106873574872388,0.0961768439108298,0.8472883120386572,True
744,0,0.6298273180424485,744,B,0.06693267565173759,0.8472883120386572,0.0961768439108298,0.9106873574872388,0.0961768439108298,0.8472883120386572,True
745,1,0.4646167923241172,745,B,0.06693267565173759,0.8472883120386572,0.0961768439108298,0.9106873574872388,0.0961768439108298,0.8472883120386572,True
746,1,0.8112942184913142,746,B,0.06693267565173759,0.8472883120386572,0.0961768439108298,0.9106873574872388,0.0961768439108298,0.8472883120386572,True
747,1,0.6726948255593992,747,B,0.06693267565173759,0.8472883120386572,0.0961768439108298,0.9106873574872388,0.0961768439108298,0.8472883120386572,True
748,1,0.6443347902870968,748,B,0.06693267565173759,0.8472883120386572,0.0961768439108298,0.9106873574872388,0.0961768439108298,0.8472883120386572,True
749,0,0.6552040244611894,749,B,0.06693267565173759,0.8472883120386572,0.0961768439108298,0.9106873574872388,0.0961768439108298,0.8472883120386572,True
750,0,0.4274408811605372,750,B,0.06693267565173759,0.8472883120386572,0.0961768439108298,0.9106873574872388,0.0961768439108298,0.8472883120386572,True
751,0,0.2529740061805763,751,B,0.06693267565173759,0.8472883120386572,0.0961768439108298,0.9106873574872388,0.0961768439108298,0.8472883120386572,True
752,1,0.3105022719447216,752,B,0.06693267565173759,0.8472883120386572,0.0961768439108298,0.9106873574872388,0.0961768439108298,0.8472883120386572,True
753,0,0.5672152262391937,753,B,0.06693267565173759,0.8472883120386572,0.0961768439108298,0.9106873574872388,0.0961768439108298,0.8472883120386572,True
754,1,0.295669413848962,754,B,0.06693267565173759,0.8472883120386572,0.0961768439108298,0.9106873574872388,0.0961768439108298,0.8472883120386572,True
755,0,0.15994212898905627,755,B,0.06693267565173759,0.8472883120386572,0.0961768439108298,0.9106873574872388,0.0961768439108298,0.8472883120386572,True
756,0,0.47132880600144295,756,B,0.06693267565173759,0.8472883120386572,0.0961768439108298,0.9106873574872388,0.0961768439108298,0.8472883120386572,True
757,0,0.16873689297162536,757,B,0.06693267565173759,0.8472883120386572,0.0961768439108298,0.9106873574872388,0.0961768439108298,0.8472883120386572,True
758,0,0.06693267565173759,758,B,0.06693267565173759,0.8472883120386572,0.0961768439108298,0.9106873574872388,0.0961768439108298,0.8472883120386572,False
759,1,0.6941855646512013,759,B,0.06693267565173759,0.8472883120386572,0.0961768439108298,0.9106873574872388,0.0961768439108298,0.8472883120386572,True
760,1,0.5999638659996686,760,B,0.06693267565173759,0.8472883120386572,0.0961768439108298,0.9106873574872388,0.0961768439108298,0.8472883120386572,True
761,0,0.38354222972946794,761,B,0.06693267565173759,0.8472883120386572,0.0961768439108298,0.9106873574872388,0.0961768439108298,0.8472883120386572,True
762,1,0.6349304624703311,762,B,0.06693267565173759,0.8472883120386572,0.0961768439108298,0.9106873574872388,0.0961768439108298,0.8472883120386572,True
763,1,0.7126929715986212,763,B,0.06693267565173759,0.8472883120386572,0.0961768439108298,0.9106873574872388,0.0961768439108298,0.8472883120386572,True
764,0,0.42513713169501827,764,B,0.06693267565173759,0.8472883120386572,0.0961768439108298,0.9106873574872388,0.0961768439108298,0.8472883120386572,True
765,1,0.8152297110677065,765,B,0.06693267565173759,0.8472883120386572,0.0961768439108298,0.9106873574872388,0.0961768439108298,0.8472883120386572,True
766,1,0.3744786849449107,766,B,0.06693267565173759,0.8472883120386572,0.0961768439108298,0.9106873574872388,0.0961768439108298,0.8472883120386572,True
767,1,0.9106873574872388,767,B,0.06693267565173759,0.8472883120386572,0.0961768439108298,0.9106873574872388,0.0961768439108298,0.8472883120386572,False
768,0,0.45580861162463004,768,B,0.06693267565173759,0.8472883120386572,0.0961768439108298,0.9106873574872388,0.0961768439108298,0.8472883120386572,True
769,0,0.14876463972230808,769,B,0.06693267565173759,0.8472883120386572,0.0961768439108298,0.9106873574872388,0.0961768439108298,0.8472883120386572,True
770,0,0.7939505404905335,770,B,0.06693267565173759,0.8472883120386572,0.0961768439108298,0.9106873574872388,0.0961768439108298,0.8472883120386572,True
771,0,0.6098745229938214,771,B,0.06693267565173759,0.8472883120386572,0.0961768439108298,0.9106873574872388,0.0961768439108298,0.8472883120386572,True
772,1,0.731999205546944,772,B,0.06693267565173759,0.8472883120386572,0.0961768439108298,0.9106873574872388,0.0961768439108298,0.8472883120386572,True
773,1,0.444044061834906,773,B,0.06693267565173759,0.8472883120386572,0.0961768439108298,0.9106873574872388,0.0961768439108298,0.8472883120386572,True
774,0,0.3467195604889106,774,B,0.06693267565173759,0.8472883120386572,0.0961768439108298,0.9106873574872388,0.0961768439108298,0.8472883120386572,True
775,1,0.6967299201842647,775,B,0.06693267565173759,0.8472883120386572,0.0961768439108298,0.9106873574872388,0.0961768439108298,0.8472883120386572,True
776,1,0.5304591792057287,776,B,0.06693267565173759,0.8472883120386572,0.0961768439108298,0.9106873574872388,0.0961768439108298,0.8472883120386572,True
777,1,0.7269363794918469,777,B,0.06693267565173759,0.8472883120386572,0.0961768439108298,0.9106873574872388,0.0961768439108298,0.8472883120386572,True
778,0,0.35623920593693903,778,B,0.06693267565173759,0.8472883120386572,0.0961768439108298,0.9106873574872388,0.0961768439108298,0.8472883120386572,True
779,0,0.44230788659528486,779,B,0.06693267565173759,0.8472883120386572,0.0961768439108298,0.9106873574872388,0.0961768439108298,0.8472883120386572,True
780,0,0.6689212843405742,780,B,0.06693267565173759,0.8472883120386572,0.0961768439108298,0.9106873574872388,0.0961768439108298,0.8472883120386572,True
781,0,0.2449063007211352,781,B,0.06693267565173759,0.8472883120386572,0.0961768439108298,0.9106873574872388,0.0961768439108298,0.8472883120386572,True
782,1,0.6589990137679135,782,B,0.06693267565173759,0.8472883120386572,0.0961768439108298,0.9106873574872388,0.0961768439108298,0.8472883120386572,True
783,1,0.2776318970086264,783,B,0.06693267565173759,0.8472883120386572,0.0961768439108298,0.9106873574872388,0.0961768439108298,0.8472883120386572,True
784,1,0.5225124063423606,784,B,0.06693267565173759,0.8472883120386572,0.0961768439108298,0.9106873574872388,0.0961768439108298,0.8472883120386572,True
785,0,0.25249700979862083,785,B,0.06693267565173759,0.8472883120386572,0.0961768439108298,0.9106873574872388,0.0961768439108298,0.8472883120386572,True
786,0,0.3443249855070804,786,B,0.06693267565173759,0.8472883120386572,0.0961768439108298,0.9106873574872388,0.0961768439108298,0.8472883120386572,True
787,1,0.5348531118173243,787,B,0.06693267565173759,0.8472883120386572,0.0961768439108298,0.9106873574872388,0.0961768439108298,0.8472883120386572,True
788,1,0.4105442871324662,788,B,0.06693267565173759,0.8472883120386572,0.0961768439108298,0.9106873574872388,0.0961768439108298,0.8472883120386572,True
789,0,0.6015027565741342,789,B,0.06693267565173759,0.8472883120386572,0.0961768439108298,0.9106873574872388,0.0961768439108298,0.8472883120386572,True
790,0,0.17237706845420445,790,B,0.06693267565173759,0.8472883120386572,0.0961768439108298,0.9106873574872388,0.0961768439108298,0.8472883120386572,True
791,0,0.5944612099993206,791,B,0.06693267565173759,0.8472883120386572,0.0961768439108298,0.9106873574872388,0.0961768439108298,0.8472883120386572,True
792,1,0.7163179902081473,792,B,0.06693267565173759,0.8472883120386572,0.0961768439108298,0.9106873574872388,0.0961768439108298,0.8472883120386572,True
793,0,0.4444708633696417,793,B,0.06693267565173759,0.8472883120386572,0.0961768439108298,0.9106873574872388,0.0961768439108298,0.8472883120386572,True
794,0,0.5687458653482673,794,B,0.06693267565173759,0.8472883120386572,0.0961768439108298,0.9106873574872388,0.0961768439108298,0.8472883120386572,True
795,0,0.5474156171886219,795,B,0.06693267565173759,0.8472883120386572,0.0961768439108298,0.9106873574872388,0.0961768439108298,0.8472883120386572,True
796,0,0.11528759428417507,796,B,0.06693267565173759,0.8472883120386572,0.0961768439108298,0.9106873574872388,0.0961768439108298,0.8472883120386572,True
797,1,0.42724965102870827,797,B,0.06693267565173759,0.8472883120386572,0.0961768439108298,0.9106873574872388,0.0961768439108298,0.8472883120386572,True
798,1,0.5517859499340526,798,B,0.06693267565173759,0.8472883120386572,0.0961768439108298,0.9106873574872388,0.0961768439108298,0.8472883120386572,True
799,0,0.651908186459967,799,B,0.06693267565173759,0.8472883120386572,0.0961768439108298,0.9106873574872388,0.0961768439108298,0.8472883120386572,True
800,1,0.7857264485699539,800,B,0.06693267565173759,0.8472883120386572,0.0961768439108298,0.9106873574872388,0.0961768439108298,0.8472883120386572,True
801,1,0.3625269391417007,801,B,0.06693267565173759,0.8472883120386572,0.0961768439108298,0.9106873574872388,0.0961768439108298,0.8472883120386572,True
802,0,0.5804443160598495,802,B,0.06693267565173759,0.8472883120386572,0.0961768439108298,0.9106873574872388,0.0961768439108298,0.8472883120386572,True
803,1,0.6855465538756628,803,B,0.06693267565173759,0.8472883120386572,0.0961768439108298,0.9106873574872388,0.0961768439108298,0.8472883120386572,True
804,1,0.5326138371763376,804,B,0.06693267565173759,0.8472883120386572,0.0961768439108298,0.9106873574872388,0.0961768439108298,0.8472883120386572,True
805,0,0.3551329172206044,805,B,0.06693267565173759,0.8472883120386572,0.0961768439108298,0.9106873574872388,0.0961768439108298,0.8472883120386572,True
806,1,0.3849896896177795,806,B,0.06693267565173759,0.8472883120386572,0.0961768439108298,0.9106873574872388,0.0961768439108298,0.8472883120386572,True
807,0,0.3637232621620043,807,B,0.06693267565173759,0.8472883120386572,0.0961768439108298,0.9106873574872388,0.0961768439108298,0.8472883120386572,True
808,0,0.540212938090085,808,B,0.06693267565173759,0.8472883120386572,0.0961768439108298,0.9106873574872388,0.0961768439108298,0.8472883120386572,True
809,0,0.40850911005111434,809,B,0.06693267565173759,0.8472883120386572,0.0961768439108298,0.9106873574872388,0.0961768439108298,0.8472883120386572,True
810,0,0.4111012270895434,810,B,0.06693267565173759,0.8472883120386572,0.0961768439108298,0.9106873574872388,0.0961768439108298,0.8472883120386572,True
811,0,0.4932844534107622,811,B,0.06693267565173759,0.8472883120386572,0.0961768439108298,0.9106873574872388,0.0961768439108298,0.8472883120386572,True
812,0,0.7010463833063812,812,B,0.06693267565173759,0.8472883120386572,0.0961768439108298,0.9106873574872388,0.0961768439108298,0.8472883120386572,True
813,0,0.11415464193992907,813,B,0.06693267565173759,0.8472883120386572,0.0961768439108298,0.9106873574872388,0.0961768439108298,0.8472883120386572,True
814,1,0.30095759326676713,814,B,0.06693267565173759,0.8472883120386572,0.0961768439108298,0.9106873574872388,0.0961768439108298,0.8472883120386572,True
815,1,0.11932877626778696,815,B,0.06693267565173759,0.8472883120386572,0.0961768439108298,0.9106873574872388,0.0961768439108298,0.8472883120386572,True
816,0,0.12683817224299113,816,B,0.06693267565173759,0.8472883120386572,0.0961768439108298,0.9106873574872388,0.0961768439108298,0.8472883120386572,True
817,0,0.48169124985098144,817,B,0.06693267565173759,0.8472883120386572,0.0961768439108298,0.9106873574872388,0.0961768439108298,0.8472883120386572,True
818,1,0.3284806258060311,818,B,0.06693267565173759,0.8472883120386572,0.0961768439108298,0.9106873574872388,0.0961768439108298,0.8472883120386572,True
819,0,0.1523666153530588,819,B,0.06693267565173759,0.8472883120386572,0.0961768439108298,0.9106873574872388,0.0961768439108298,0.8472883120386572,True
820,1,0.21079211128067699,820,B,0.06693267565173759,0.8472883120386572,0.0961768439108298,0.9106873574872388,0.0961768439108298,0.8472883120386572,True
821,0,0.34865386137301263,821,B,0.06693267565173759,0.8472883120386572,0.0961768439108298,0.9106873574872388,0.0961768439108298,0.8472883120386572,True
822,1,0.580266461198279,822,B,0.06693267565173759,0.8472883120386572,0.0961768439108298,0.9106873574872388,0.0961768439108298,0.8472883120386572,True
823,1,0.6684927525256288,823,B,0.06693267565173759,0.8472883120386572,0.0961768439108298,0.9106873574872388,0.0961768439108298,0.8472883120386572,True
824,0,0.2783918114949594,824,B,0.06693267565173759,0.8472883120386572,0.0961768439108298,0.9106873574872388,0.0961768439108298,0.8472883120386572,True
825,0,0.4673213225958008,825,B,0.06693267565173759,0.8472883120386572,0.0961768439108298,0.9106873574872388,0.0961768439108298,0.8472883120386572,True
826,1,0.696391805178011,826,B,0.06693267565173759,0.8472883120386572,0.0961768439108298,0.9106873574872388,0.0961768439108298,0.8472883120386572,True
827,0,0.28725154923133156,827,B,0.06693267565173759,0.8472883120386572,0.0961768439108298,0.9106873574872388,0.0961768439108298,0.8472883120386572,True
828,0,0.38173390920752387,828,B,0.06693267565173759,0.8472883120386572,0.0961768439108298,0.9106873574872388,0.0961768439108298,0.8472883120386572,True
829,0,0.1306583549744778,829,B,0.06693267565173759,0.8472883120386572,0.0961768439108298,0.9106873574872388,0.0961768439108298,0.8472883120386572,True
830,1,0.2874462980051567,830,B,0.06693267565173759,0.8472883120386572,0.0961768439108298,0.9106873574872388,0.0961768439108298,0.8472883120386572,True
831,0,0.3033854751744457,831,B,0.06693267565173759,0.8472883120386572,0.0961768439108298,0.9106873574872388,0.0961768439108298,0.8472883120386572,True
832,0,0.5250426844662796,832,B,0.06693267565173759,0.8472883120386572,0.0961768439108298,0.9106873574872388,0.0961768439108298,0.8472883120386572,True
833,1,0.8173428930164797,833,B,0.06693267565173759,0.8472883120386572,0.0961768439108298,0.9106873574872388,0.0961768439108298,0.8472883120386572,True
834,0,0.7701214692579497,834,B,0.06693267565173759,0.8472883120386572,0.0961768439108298,0.9106873574872388,0.0961768439108298,0.8472883120386572,True
835,1,0.4455681979408708,835,B,0.06693267565173759,0.8472883120386572,0.0961768439108298,0.9106873574872388,0.0961768439108298,0.8472883120386572,True
836,0,0.5539140084666133,836,B,0.06693267565173759,0.8472883120386572,0.0961768439108298,0.9106873574872388,0.0961768439108298,0.8472883120386572,True
837,1,0.7987701623501192,837,B,0.06693267565173759,0.8472883120386572,0.0961768439108298,0.9106873574872388,0.0961768439108298,0.8472883120386572,True
838,1,0.8092609096671494,838,B,0.06693267565173759,0.8472883120386572,0.0961768439108298,0.9106873574872388,0.0961768439108298,0.8472883120386572,True
839,1,0.7839777604255665,839,B,0.06693267565173759,0.8472883120386572,0.0961768439108298,0.9106873574872388,0.0961768439108298,0.8472883120386572,True
840,0,0.5054853819593087,840,B,0.06693267565173759,0.8472883120386572,0.0961768439108298,0.9106873574872388,0.0961768439108298,0.8472883120386572,True
841,1,0.6913452326083974,841,B,0.06693267565173759,0.8472883120386572,0.0961768439108298,0.9106873574872388,0.0961768439108298,0.8472883120386572,True
842,1,0.49113240423784665,842,B,0.06693267565173759,0.8472883120386572,0.0961768439108298,0.9106873574872388,0.0961768439108298,0.8472883120386572,True
843,0,0.4373000419196678,843,B,0.06693267565173759,0.8472883120386572,0.0961768439108298,0.9106873574872388,0.0961768439108298,0.8472883120386572,True
844,0,0.5477768271651374,844,B,0.06693267565173759,0.8472883120386572,0.0961768439108298,0.9106873574872388,0.0961768439108298,0.8472883120386572,True
845,1,0.5208339295491903,845,B,0.06693267565173759,0.8472883120386572,0.0961768439108298,0.9106873574872388,0.0961768439108298,0.8472883120386572,True
846,1,0.7040822672059021,846,B,0.06693267565173759,0.8472883120386572,0.0961768439108298,0.9106873574872388,0.0961768439108298,0.8472883120386572,True
847,1,0.5843615247490298,847,B,0.06693267565173759,0.8472883120386572,0.0961768439108298,0.9106873574872388,0.0961768439108298,0.8472883120386572,True
848,0,0.5259014174765637,848,B,0.06693267565173759,0.8472883120386572,0.0961768439108298,0.9106873574872388,0.0961768439108298,0.8472883120386572,True
849,1,0.5432566503190126,849,B,0.06693267565173759,0.8472883120386572,0.0961768439108298,0.9106873574872388,0.0961768439108298,0.8472883120386572,True
850,0,0.1993379380629568,850,B,0.06693267565173759,0.8472883120386572,0.0961768439108298,0.9106873574872388,0.0961768439108298,0.8472883120386572,True
851,0,0.21853094917930269,851,B,0.06693267565173759,0.8472883120386572,0.0961768439108298,0.9106873574872388,0.0961768439108298,0.8472883120386572,True
852,1,0.7539089373545002,852,B,0.06693267565173759,0.8472883120386572,0.0961768439108298,0.9106873574872388,0.0961768439108298,0.8472883120386572,True
853,0,0.5666256846823567,853,B,0.06693267565173759,0.8472883120386572,0.0961768439108298,0.9106873574872388,0.0961768439108298,0.8472883120386572,True
854,0,0.12447699793703232,854,B,0.06693267565173759,0.8472883120386572,0.0961768439108298,0.9106873574872388,0.0961768439108298,0.8472883120386572,True
855,0,0.6001317643480607,855,B,0.06693267565173759,0.8472883120386572,0.0961768439108298,0.9106873574872388,0.0961768439108298,0.8472883120386572,True
856,1,0.3114781616379303,856,B,0.06693267565173759,0.8472883120386572,0.0961768439108298,0.9106873574872388,0.0961768439108298,0.8472883120386572,True
857,1,0.7183239042186339,857,B,0.06693267565173759,0.8472883120386572,0.0961768439108298,0.9106873574872388,0.0961768439108298,0.8472883120386572,True
858,0,0.5008028452036869,858,B,0.06693267565173759,0.8472883120386572,0.0961768439108298,0.9106873574872388,0.0961768439108298,0.8472883120386572,True
859,0,0.16503740371835451,859,B,0.06693267565173759,0.8472883120386572,0.0961768439108298,0.9106873574872388,0.0961768439108298,0.8472883120386572,True
860,1,0.6010625543436455,860,B,0.06693267565173759,0.8472883120386572,0.0961768439108298,0.9106873574872388,0.0961768439108298,0.8472883120386572,True
861,0,0.4251726412293869,861,B,0.06693267565173759,0.8472883120386572,0.0961768439108298,0.9106873574872388,0.0961768439108298,0.8472883120386572,True
862,0,0.40065430521645673,862,B,0.06693267565173759,0.8472883120386572,0.0961768439108298,0.9106873574872388,0.0961768439108298,0.8472883120386572,True
863,0,0.499157054605996,863,B,0.06693267565173759,0.8472883120386572,0.0961768439108298,0.9106873574872388,0.0961768439108298,0.8472883120386572,True
864,1,0.7837701849686146,864,B,0.06693267565173759,0.8472883120386572,0.0961768439108298,0.9106873574872388,0.0961768439108298,0.8472883120386572,True
865,1,0.6671617341197067,865,B,0.06693267565173759,0.8472883120386572,0.0961768439108298,0.9106873574872388,0.0961768439108298,0.8472883120386572,True
866,1,0.30538965641006616,866,B,0.06693267565173759,0.8472883120386572,0.0961768439108298,0.9106873574872388,0.0961768439108298,0.8472883120386572,True
867,1,0.527413166801791,867,B,0.06693267565173759,0.8472883120386572,0.0961768439108298,0.9106873574872388,0.0961768439108298,0.8472883120386572,True
868,1,0.5737412502534062,868,B,0.06693267565173759,0.8472883120386572,0.0961768439108298,0.9106873574872388,0.0961768439108298,0.8472883120386572,True
869,1,0.4580226839083936,869,B,0.06693267565173759,0.8472883120386572,0.0961768439108298,0.9106873574872388,0.0961768439108298,0.8472883120386572,True
870,0,0.5283240006610453,870,B,0.06693267565173759,0.8472883120386572,0.0961768439108298,0.9106873574872388,0.0961768439108298,0.8472883120386572,True
871,0,0.38825775702739745,871,B,0.06693267565173759,0.8472883120386572,0.0961768439108298,0.9106873574872388,0.0961768439108298,0.8472883120386572,True
872,0,0.5513633661988074,872,B,0.06693267565173759,0.8472883120386572,0.0961768439108298,0.9106873574872388,0.0961768439108298,0.8472883120386572,True
873,0,0.4966016283816407,873,B,0.06693267565173759,0.8472883120386572,0.0961768439108298,0.9106873574872388,0.0961768439108298,0.8472883120386572,True
874,0,0.40635764668730007,874,B,0.06693267565173759,0.8472883120386572,0.0961768439108298,0.9106873574872388,0.0961768439108298,0.8472883120386572,True
875,0,0.4279256719558885,875,B,0.06693267565173759,0.8472883120386572,0.0961768439108298,0.9106873574872388,0.0961768439108298,0.8472883120386572,True
876,1,0.3227543224390175,876,B,0.06693267565173759,0.8472883120386572,0.0961768439108298,0.9106873574872388,0.0961768439108298,0.8472883120386572,True
877,1,0.7550498595853412,877,B,0.06693267565173759,0.8472883120386572,0.0961768439108298,0.9106873574872388,0.0961768439108298,0.8472883120386572,True
878,1,0.5753833961150591,878,B,0.06693267565173759,0.8472883120386572,0.0961768439108298,0.9106873574872388,0.0961768439108298,0.8472883120386572,True
879,0,0.38749252075620233,879,B,0.06693267565173759,0.8472883120386572,0.0961768439108298,0.9106873574872388,0.0961768439108298,0.8472883120386572,True
880,1,0.6547222894266357,880,B,0.06693267565173759,0.8472883120386572,0.0961768439108298,0.9106873574872388,0.0961768439108298,0.8472883120386572,True
881,0,0.6049316281638114,881,B,0.06693267565173759,0.8472883120386572,0.0961768439108298,0.9106873574872388,0.0961768439108298,0.8472883120386572,True
882,0,0.4990757571088195,882,B,0.06693267565173759,0.8472883120386572,0.0961768439108298,0.9106873574872388,0.0961768439108298,0.8472883120386572,True
883,1,0.30906329624125817,883,B,0.06693267565173759,0.8472883120386572,0.0961768439108298,0.9106873574872388,0.0961768439108298,0.8472883120386572,True
884,1,0.6615498805392208,884,B,0.06693267565173759,0.8472883120386572,0.0961768439108298,0.9106873574872388,0.0961768439108298,0.8472883120386572,True
885,1,0.5107226246790736,885,B,0.06693267565173759,0.8472883120386572,0.0961768439108298,0.9106873574872388,0.0961768439108298,0.8472883120386572,True
886,0,0.19767642867377244,886,B,0.06693267565173759,0.8472883120386572,0.0961768439108298,0.9106873574872388,0.0961768439108298,0.8472883120386572,True
887,0,0.21952748170360312,887,B,0.06693267565173759,0.8472883120386572,0.0961768439108298,0.9106873574872388,0.0961768439108298,0.8472883120386572,True
888,0,0.28066100595210997,888,B,0.06693267565173759,0.8472883120386572,0.0961768439108298,0.9106873574872388,0.0961768439108298,0.8472883120386572,True
889,1,0.4774094930622053,889,B,0.06693267565173759,0.8472883120386572,0.0961768439108298,0.9106873574872388,0.0961768439108298,0.8472883120386572,True
890,0,0.5263850682581205,890,B,0.06693267565173759,0.8472883120386572,0.0961768439108298,0.9106873574872388,0.0961768439108298,0.8472883120386572,True
891,0,0.5905773453775581,891,B,0.06693267565173759,0.8472883120386572,0.0961768439108298,0.9106873574872388,0.0961768439108298,0.8472883120386572,True
892,1,0.7983356669745518,892,B,0.06693267565173759,0.8472883120386572,0.0961768439108298,0.9106873574872388,0.0961768439108298,0.8472883120386572,True
893,1,0.5792008952566438,893,B,0.06693267565173759,0.8472883120386572,0.0961768439108298,0.9106873574872388,0.0961768439108298,0.8472883120386572,True
894,0,0.30112358034809356,894,B,0.06693267565173759,0.8472883120386572,0.0961768439108298,0.9106873574872388,0.0961768439108298,0.8472883120386572,True
895,0,0.3069711063139119,895,B,0.06693267565173759,0.8472883120386572,0.0961768439108298,0.9106873574872388,0.0961768439108298,0.8472883120386572,True
896,1,0.3896490396936994,896,B,0.06693267565173759,0.8472883120386572,0.0961768439108298,0.9106873574872388,0.0961768439108298,0.8472883120386572,True
897,0,0.1117463121571915,897,B,0.06693267565173759,0.8472883120386572,0.0961768439108298,0.9106873574872388,0.0961768439108298,0.8472883120386572,True
898,1,0.2685218460495933,898,B,0.06693267565173759,0.8472883120386572,0.0961768439108298,0.9106873574872388,0.0961768439108298,0.8472883120386572,True
899,0,0.6087273696430927,899,B,0.06693267565173759,0.8472883120386572,0.0961768439108298,0.9106873574872388,0.0961768439108298,0.8472883120386572,True
900,0,0.28924908069554767,900,B,0.06693267565173759,0.8472883120386572,0.0961768439108298,0.9106873574872388,0.0961768439108298,0.8472883120386572,True
901,0,0.13371977029252213,901,B,0.06693267565173759,0.8472883120386572,0.0961768439108298,0.9106873574872388,0.0961768439108298,0.8472883120386572,True
902,0,0.31581177695262974,902,B,0.06693267565173759,0.8472883120386572,0.0961768439108298,0.9106873574872388,0.0961768439108298,0.8472883120386572,True
903,0,0.32696618472979827,903,B,0.06693267565173759,0.8472883120386572,0.0961768439108298,0.9106873574872388,0.0961768439108298,0.8472883120386572,True
904,1,0.4141954173325403,904,B,0.06693267565173759,0.8472883120386572,0.0961768439108298,0.9106873574872388,0.0961768439108298,0.8472883120386572,True
905,1,0.72165577604325,905,B,0.06693267565173759,0.8472883120386572,0.0961768439108298,0.9106873574872388,0.0961768439108298,0.8472883120386572,True
906,1,0.39130764190631256,906,B,0.06693267565173759,0.8472883120386572,0.0961768439108298,0.9106873574872388,0.0961768439108298,0.8472883120386572,True
907,0,0.5831768542504029,907,B,0.06693267565173759,0.8472883120386572,0.0961768439108298,0.9106873574872388,0.0961768439108298,0.8472883120386572,True
908,1,0.5731675995275404,908,B,0.06693267565173759,0.8472883120386572,0.0961768439108298,0.9106873574872388,0.0961768439108298,0.8472883120386572,True
909,0,0.43762951369182157,909,B,0.06693267565173759,0.8472883120386572,0.0961768439108298,0.9106873574872388,0.0961768439108298,0.8472883120386572,True
910,1,0.4525923073472139,910,B,0.06693267565173759,0.8472883120386572,0.0961768439108298,0.9106873574872388,0.0961768439108298,0.8472883120386572,True
911,1,0.6119590636761403,911,B,0.06693267565173759,0.8472883120386572,0.0961768439108298,0.9106873574872388,0.0961768439108298,0.8472883120386572,True
912,0,0.4780336121293953,912,B,0.06693267565173759,0.8472883120386572,0.0961768439108298,0.9106873574872388,0.0961768439108298,0.8472883120386572,True
913,1,0.6071725256630958,913,B,0.06693267565173759,0.8472883120386572,0.0961768439108298,0.9106873574872388,0.0961768439108298,0.8472883120386572,True
914,1,0.6773020909090768,914,B,0.06693267565173759,0.8472883120386572,0.0961768439108298,0.9106873574872388,0.0961768439108298,0.8472883120386572,True
915,1,0.791398201555313,915,B,0.06693267565173759,0.8472883120386572,0.0961768439108298,0.9106873574872388,0.0961768439108298,0.8472883120386572,True
916,1,0.46092867882727173,916,B,0.06693267565173759,0.8472883120386572,0.0961768439108298,0.9106873574872388,0.0961768439108298,0.8472883120386572,True
917,0,0.17672508361190925,917,B,0.06693267565173759,0.8472883120386572,0.0961768439108298,0.9106873574872388,0.0961768439108298,0.8472883120386572,True
918,1,0.556231749407867,918,B,0.06693267565173759,0.8472883120386572,0.0961768439108298,0.9106873574872388,0.0961768439108298,0.8472883120386572,True
919,0,0.4938456226286498,919,B,0.06693267565173759,0.8472883120386572,0.0961768439108298,0.9106873574872388,0.0961768439108298,0.8472883120386572,True
920,1,0.4772536292277536,920,B,0.06693267565173759,0.8472883120386572,0.0961768439108298,0.9106873574872388,0.0961768439108298,0.8472883120386572,True
921,0,0.7157570165658984,921,B,0.06693267565173759,0.8472883120386572,0.0961768439108298,0.9106873574872388,0.0961768439108298,0.8472883120386572,True
922,0,0.3627652092376556,922,B,0.06693267565173759,0.8472883120386572,0.0961768439108298,0.9106873574872388,0.0961768439108298,0.8472883120386572,True
923,0,0.4732794368879872,923,B,0.06693267565173759,0.8472883120386572,0.0961768439108298,0.9106873574872388,0.0961768439108298,0.8472883120386572,True
924,1,0.47800197243352205,924,B,0.06693267565173759,0.8472883120386572,0.0961768439108298,0.9106873574872388,0.0961768439108298,0.8472883120386572,True
925,0,0.6033513961957254,925,B,0.06693267565173759,0.8472883120386572,0.0961768439108298,0.9106873574872388,0.0961768439108298,0.8472883120386572,True
926,1,0.5814814172063009,926,B,0.06693267565173759,0.8472883120386572,0.0961768439108298,0.9106873574872388,0.0961768439108298,0.8472883120386572,True
927,0,0.5926484557659313,927,B,0.06693267565173759,0.8472883120386572,0.0961768439108298,0.9106873574872388,0.0961768439108298,0.8472883120386572,True
928,1,0.539847531958233,928,B,0.06693267565173759,0.8472883120386572,0.0961768439108298,0.9106873574872388,0.0961768439108298,0.8472883120386572,True
929,1,0.43648981437975587,929,B,0.06693267565173759,0.8472883120386572,0.0961768439108298,0.9106873574872388,0.0961768439108298,0.8472883120386572,True
930,0,0.36875535491995365,930,B,0.06693267565173759,0.8472883120386572,0.0961768439108298,0.9106873574872388,0.0961768439108298,0.8472883120386572,True
931,1,0.36755413951338156,931,B,0.06693267565173759,0.8472883120386572,0.0961768439108298,0.9106873574872388,0.0961768439108298,0.8472883120386572,True
932,0,0.36423692082205067,932,B,0.06693267565173759,0.8472883120386572,0.0961768439108298,0.9106873574872388,0.0961768439108298,0.8472883120386572,True
933,0,0.48793043919854595,933,B,0.06693267565173759,0.8472883120386572,0.0961768439108298,0.9106873574872388,0.0961768439108298,0.8472883120386572,True
934,1,0.8831933072787735,934,B,0.06693267565173759,0.8472883120386572,0.0961768439108298,0.9106873574872388,0.0961768439108298,0.8472883120386572,False
935,1,0.5787817047998324,935,B,0.06693267565173759,0.8472883120386572,0.0961768439108298,0.9106873574872388,0.0961768439108298,0.8472883120386572,True
936,0,0.6260212211049665,936,B,0.06693267565173759,0.8472883120386572,0.0961768439108298,0.9106873574872388,0.0961768439108298,0.8472883120386572,True
937,0,0.30355039970403036,937,B,0.06693267565173759,0.8472883120386572,0.0961768439108298,0.9106873574872388,0.0961768439108298,0.8472883120386572,True
938,0,0.16124844574165587,938,B,0.06693267565173759,0.8472883120386572,0.0961768439108298,0.9106873574872388,0.0961768439108298,0.8472883120386572,True
939,0,0.40530365612698827,939,B,0.06693267565173759,0.8472883120386572,0.0961768439108298,0.9106873574872388,0.0961768439108298,0.8472883120386572,True
940,0,0.4105760043151208,940,B,0.06693267565173759,0.8472883120386572,0.0961768439108298,0.9106873574872388,0.0961768439108298,0.8472883120386572,True
941,0,0.6591172887003144,941,B,0.06693267565173759,0.8472883120386572,0.0961768439108298,0.9106873574872388,0.0961768439108298,0.8472883120386572,True
942,1,0.701123017694167,942,B,0.06693267565173759,0.8472883120386572,0.0961768439108298,0.9106873574872388,0.0961768439108298,0.8472883120386572,True
943,0,0.10856427401204737,943,B,0.06693267565173759,0.8472883120386572,0.0961768439108298,0.9106873574872388,0.0961768439108298,0.8472883120386572,True
944,0,0.13696482646026173,944,B,0.06693267565173759,0.8472883120386572,0.0961768439108298,0.9106873574872388,0.0961768439108298,0.8472883120386572,True
945,0,0.43699668878066167,945,B,0.06693267565173759,0.8472883120386572,0.0961768439108298,0.9106873574872388,0.0961768439108298,0.8472883120386572,True
946,1,0.4757888175762158,946,B,0.06693267565173759,0.8472883120386572,0.0961768439108298,0.9106873574872388,0.0961768439108298,0.8472883120386572,True
947,0,0.28253229508042654,947,B,0.06693267565173759,0.8472883120386572,0.0961768439108298,0.9106873574872388,0.0961768439108298,0.8472883120386572,True
948,1,0.5351508019082998,948,B,0.06693267565173759,0.8472883120386572,0.0961768439108298,0.9106873574872388,0.0961768439108298,0.8472883120386572,True
949,0,0.3138914484417266,949,B,0.06693267565173759,0.8472883120386572,0.0961768439108298,0.9106873574872388,0.0961768439108298,0.8472883120386572,True
950,0,0.4878716962235176,950,B,0.06693267565173759,0.8472883120386572,0.0961768439108298,0.9106873574872388,0.0961768439108298,0.8472883120386572,True
951,0,0.5698813270546742,951,B,0.06693267565173759,0.8472883120386572,0.0961768439108298,0.9106873574872388,0.0961768439108298,0.8472883120386572,True
952,1,0.5010644300887139,952,B,0.06693267565173759,0.8472883120386572,0.0961768439108298,0.9106873574872388,0.0961768439108298,0.8472883120386572,True
953,0,0.15107176241393425,953,B,0.06693267565173759,0.8472883120386572,0.0961768439108298,0.9106873574872388,0.0961768439108298,0.8472883120386572,True
954,0,0.7273040553766383,954,B,0.06693267565173759,0.8472883120386572,0.0961768439108298,0.9106873574872388,0.0961768439108298,0.8472883120386572,True
955,0,0.26253784734521496,955,B,0.06693267565173759,0.8472883120386572,0.0961768439108298,0.9106873574872388,0.0961768439108298,0.8472883120386572,True
956,0,0.4925032069913277,956,B,0.06693267565173759,0.8472883120386572,0.0961768439108298,0.9106873574872388,0.0961768439108298,0.8472883120386572,True
957,1,0.50415911350197,957,B,0.06693267565173759,0.8472883120386572,0.0961768439108298,0.9106873574872388,0.0961768439108298,0.8472883120386572,True
958,0,0.22279960680403055,958,B,0.06693267565173759,0.8472883120386572,0.0961768439108298,0.9106873574872388,0.0961768439108298,0.8472883120386572,True
959,0,0.4818923406151186,959,B,0.06693267565173759,0.8472883120386572,0.0961768439108298,0.9106873574872388,0.0961768439108298,0.8472883120386572,True
960,0,0.6430212663124635,960,B,0.06693267565173759,0.8472883120386572,0.0961768439108298,0.9106873574872388,0.0961768439108298,0.8472883120386572,True
961,0,0.3585858247902056,961,B,0.06693267565173759,0.8472883120386572,0.0961768439108298,0.9106873574872388,0.0961768439108298,0.8472883120386572,True
962,0,0.41057391488112394,962,B,0.06693267565173759,0.8472883120386572,0.0961768439108298,0.9106873574872388,0.0961768439108298,0.8472883120386572,True
963,0,0.36251980299932707,963,B,0.06693267565173759,0.8472883120386572,0.0961768439108298,0.9106873574872388,0.0961768439108298,0.8472883120386572,True
964,0,0.21951610003863334,964,B,0.06693267565173759,0.8472883120386572,0.0961768439108298,0.9106873574872388,0.0961768439108298,0.8472883120386572,True
965,0,0.42007622840237885,965,B,0.06693267565173759,0.8472883120386572,0.0961768439108298,0.9106873574872388,0.0961768439108298,0.8472883120386572,True
966,0,0.2973511264714242,966,B,0.06693267565173759,0.8472883120386572,0.0961768439108298,0.9106873574872388,0.0961768439108298,0.8472883120386572,True
967,0,0.31002848392332444,967,B,0.06693267565173759,0.8472883120386572,0.0961768439108298,0.9106873574872388,0.0961768439108298,0.8472883120386572,True
968,1,0.45412113713252317,968,B,0.06693267565173759,0.8472883120386572,0.0961768439108298,0.9106873574872388,0.0961768439108298,0.8472883120386572,True
969,1,0.5680213899272479,969,B,0.06693267565173759,0.8472883120386572,0.0961768439108298,0.9106873574872388,0.0961768439108298,0.8472883120386572,True
970,1,0.41335617663979185,970,B,0.06693267565173759,0.8472883120386572,0.0961768439108298,0.9106873574872388,0.0961768439108298,0.8472883120386572,True
971,0,0.6703010622867933,971,B,0.06693267565173759,0.8472883120386572,0.0961768439108298,0.9106873574872388,0.0961768439108298,0.8472883120386572,True
972,1,0.6438156482464291,972,B,0.06693267565173759,0.8472883120386572,0.0961768439108298,0.9106873574872388,0.0961768439108298,0.8472883120386572,True
973,1,0.6766325504815283,973,B,0.06693267565173759,0.8472883120386572,0.0961768439108298,0.9106873574872388,0.0961768439108298,0.8472883120386572,True
974,1,0.5739648382602803,974,B,0.06693267565173759,0.8472883120386572,0.0961768439108298,0.9106873574872388,0.0961768439108298,0.8472883120386572,True
975,0,0.27212018192863485,975,B,0.06693267565173759,0.8472883120386572,0.0961768439108298,0.9106873574872388,0.0961768439108298,0.8472883120386572,True
976,1,0.18246682735575817,976,B,0.06693267565173759,0.8472883120386572,0.0961768439108298,0.9106873574872388,0.0961768439108298,0.8472883120386572,True
977,0,0.11610488316474488,977,B,0.06693267565173759,0.8472883120386572,0.0961768439108298,0.9106873574872388,0.0961768439108298,0.8472883120386572,True
978,0,0.4242162536370131,978,B,0.06693267565173759,0.8472883120386572,0.0961768439108298,0.9106873574872388,0.0961768439108298,0.8472883120386572,True
979,1,0.3401467139460099,979,B,0.06693267565173759,0.8472883120386572,0.0961768439108298,0.9106873574872388,0.0961768439108298,0.8472883120386572,True
980,1,0.6946549805538701,980,B,0.06693267565173759,0.8472883120386572,0.0961768439108298,0.9106873574872388,0.0961768439108298,0.8472883120386572,True
981,1,0.5750011502568542,981,B,0.06693267565173759,0.8472883120386572,0.0961768439108298,0.9106873574872388,0.0961768439108298,0.8472883120386572,True
982,1,0.38583490569447515,982,B,0.06693267565173759,0.8472883120386572,0.0961768439108298,0.9106873574872388,0.0961768439108298,0.8472883120386572,True
983,1,0.45661859734813126,983,B,0.06693267565173759,0.8472883120386572,0.0961768439108298,0.9106873574872388,0.0961768439108298,0.8472883120386572,True
984,0,0.7492571875847078,984,B,0.06693267565173759,0.8472883120386572,0.0961768439108298,0.9106873574872388,0.0961768439108298,0.8472883120386572,True
985,0,0.8159574286444456,985,B,0.06693267565173759,0.8472883120386572,0.0961768439108298,0.9106873574872388,0.0961768439108298,0.8472883120386572,True
986,0,0.5703712579000186,986,B,0.06693267565173759,0.8472883120386572,0.0961768439108298,0.9106873574872388,0.0961768439108298,0.8472883120386572,True
987,1,0.7999694045699954,987,B,0.06693267565173759,0.8472883120386572,0.0961768439108298,0.9106873574872388,0.0961768439108298,0.8472883120386572,True
988,1,0.711728709220937,988,B,0.06693267565173759,0.8472883120386572,0.0961768439108298,0.9106873574872388,0.0961768439108298,0.8472883120386572,True
989,0,0.11381885885921184,989,B,0.06693267565173759,0.8472883120386572,0.0961768439108298,0.9106873574872388,0.0961768439108298,0.8472883120386572,True
990,0,0.7262693871760167,990,B,0.06693267565173759,0.8472883120386572,0.0961768439108298,0.9106873574872388,0.0961768439108298,0.8472883120386572,True
991,1,0.45571698274670747,991,B,0.06693267565173759,0.8472883120386572,0.0961768439108298,0.9106873574872388,0.0961768439108298,0.8472883120386572,True
992,1,0.5963250474072744,992,B,0.06693267565173759,0.8472883120386572,0.0961768439108298,0.9106873574872388,0.0961768439108298,0.8472883120386572,True
993,1,0.7242461723519482,993,B,0.06693267565173759,0.8472883120386572,0.0961768439108298,0.9106873574872388,0.0961768439108298,0.8472883120386572,True
994,1,0.5808904217893629,994,B,0.06693267565173759,0.8472883120386572,0.0961768439108298,0.9106873574872388,0.0961768439108298,0.8472883120386572,True
995,0,0.3327439941747243,995,B,0.06693267565173759,0.8472883120386572,0.0961768439108298,0.9106873574872388,0.0961768439108298,0.8472883120386572,True
996,1,0.603338604691908,996,B,0.06693267565173759,0.8472883120386572,0.0961768439108298,0.9106873574872388,0.0961768439108298,0.8472883120386572,True
997,0,0.44966258062354636,997,B,0.06693267565173759,0.8472883120386572,0.0961768439108298,0.9106873574872388,0.0961768439108298,0.8472883120386572,True
998,0,0.565817324446395,998,B,0.06693267565173759,0.8472883120386572,0.0961768439108298,0.9106873574872388,0.0961768439108298,0.8472883120386572,True
999,0,0.16873617711874955,999,B,0.06693267565173759,0.8472883120386572,0.0961768439108298,0.9106873574872388,0.0961768439108298,0.8472883120386572,True
0,1,0.42437186863903475,0,C,0.07972187563860159,0.8865057346904847,0.1856906588267953,0.887981791154007,0.1856906588267953,0.8865057346904847,True
1,0,0.39222066336645833,1,C,0.07972187563860159,0.8865057346904847,0.1856906588267953,0.887981791154007,0.1856906588267953,0.8865057346904847,True
2,1,0.3663019905637498,2,C,0.07972187563860159,0.8865057346904847,0.1856906588267953,0.887981791154007,0.1856906588267953,0.8865057346904847,True
3,1,0.8298934081552656,3,C,0.07972187563860159,0.8865057346904847,0.1856906588267953,0.887981791154007,0.1856906588267953,0.8865057346904847,True
4,1,0.6795474719337933,4,C,0.07972187563860159,0.8865057346904847,0.1856906588267953,0.887981791154007,0.1856906588267953,0.8865057346904847,True
5,1,0.3651316389224781,5,C,0.07972187563860159,0.8865057346904847,0.1856906588267953,0.887981791154007,0.1856906588267953,0.8865057346904847,True
6,0,0.5265792409898706,6,C,0.07972187563860159,0.8865057346904847,0.1856906588267953,0.887981791154007,0.1856906588267953,0.8865057346904847,True
7,0,0.46073489741186874,7,C,0.07972187563860159,0.8865057346904847,0.1856906588267953,0.887981791154007,0.1856906588267953,0.8865057346904847,True
8,1,0.49681666895257975,8,C,0.07972187563860159,0.8865057346904847,0.1856906588267953,0.887981791154007,0.1856906588267953,0.8865057346904847,True
9,1,0.5529404013145361,9,C,0.07972187563860159,0.8865057346904847,0.1856906588267953,0.887981791154007,0.1856906588267953,0.8865057346904847,True
10,1,0.4874237558029567,10,C,0.07972187563860159,0.8865057346904847,0.1856906588267953,0.887981791154007,0.1856906588267953,0.8865057346904847,True
11,1,0.7619738601845059,11,C,0.07972187563860159,0.8865057346904847,0.1856906588267953,0.887981791154007,0.1856906588267953,0.8865057346904847,True
12,0,0.5397317636172008,12,C,0.07972187563860159,0.8865057346904847,0.1856906588267953,0.887981791154007,0.1856906588267953,0.8865057346904847,True
13,1,0.6304301627905075,13,C,0.07972187563860159,0.8865057346904847,0.1856906588267953,0.887981791154007,0.1856906588267953,0.8865057346904847,True
14,1,0.48263152288853584,14,C,0.07972187563860159,0.8865057346904847,0.1856906588267953,0.887981791154007,0.1856906588267953,0.8865057346904847,True
15,1,0.3733422495414521,15,C,0.07972187563860159,0.8865057346904847,0.1856906588267953,0.887981791154007,0.1856906588267953,0.8865057346904847,True
16,0,0.5968263798235661,16,C,0.07972187563860159,0.8865057346904847,0.1856906588267953,0.887981791154007,0.1856906588267953,0.8865057346904847,True
17,1,0.41917688522721896,17,C,0.07972187563860159,0.8865057346904847,0.1856906588267953,0.887981791154007,0.1856906588267953,0.8865057346904847,True
18,1,0.31733332922540813,18,C,0.07972187563860159,0.8865057346904847,0.1856906588267953,0.887981791154007,0.1856906588267953,0.8865057346904847,True
19,0,0.29848853833226163,19,C,0.07972187563860159,0.8865057346904847,0.1856906588267953,0.887981791154007,0.1856906588267953,0.8865057346904847,True
20,0,0.5783051586662575,20,C,0.07972187563860159,0.8865057346904847,0.1856906588267953,0.887981791154007,0.1856906588267953,0.8865057346904847,True
21,1,0.47701284264248445,21,C,0.07972187563860159,0.8865057346904847,0.1856906588267953,0.887981791154007,0.1856906588267953,0.8865057346904847,True
22,0,0.45675576451150074,22,C,0.07972187563860159,0.8865057346904847,0.1856906588267953,0.887981791154007,0.1856906588267953,0.8865057346904847,True
23,0,0.41371874461720926,23,C,0.07972187563860159,0.8865057346904847,0.1856906588267953,0.887981791154007,0.1856906588267953,0.8865057346904847,True
24,1,0.7304342080947269,24,C,0.07972187563860159,0.8865057346904847,0.1856906588267953,0.887981791154007,0.1856906588267953,0.8865057346904847,True
25,0,0.21319856264697215,25,C,0.07972187563860159,0.8865057346904847,0.1856906588267953,0.887981791154007,0.1856906588267953,0.8865057346904847,True
26,1,0.5512870131490505,26,C,0.07972187563860159,0.8865057346904847,0.1856906588267953,0.887981791154007,0.1856906588267953,0.8865057346904847,True
27,0,0.4038162219107436,27,C,0.07972187563860159,0.8865057346904847,0.1856906588267953,0.887981791154007,0.1856906588267953,0.8865057346904847,True
28,1,0.4538991142824589,28,C,0.07972187563860159,0.8865057346904847,0.1856906588267953,0.887981791154007,0.1856906588267953,0.8865057346904847,True
29,0,0.40578794435200277,29,C,0.07972187563860159,0.8865057346904847,0.1856906588267953,0.887981791154007,0.1856906588267953,0.8865057346904847,True
30,1,0.6873804904828229,30,C,0.07972187563860159,0.8865057346904847,0.1856906588267953,0.887981791154007,0.1856906588267953,0.8865057346904847,True
31,1,0.4815356036004339,31,C,0.07972187563860159,0.8865057346904847,0.1856906588267953,0.887981791154007,0.1856906588267953,0.8865057346904847,True
32,1,0.6678873204640581,32,C,0.07972187563860159,0.8865057346904847,0.1856906588267953,0.887981791154007,0.1856906588267953,0.8865057346904847,True
33,1,0.6599844905535253,33,C,0.07972187563860159,0.8865057346904847,0.1856906588267953,0.887981791154007,0.1856906588267953,0.8865057346904847,True
34,1,0.4213900250752744,34,C,0.07972187563860159,0.8865057346904847,0.1856906588267953,0.887981791154007,0.1856906588267953,0.8865057346904847,True
35,0,0.3502486521165319,35,C,0.07972187563860159,0.8865057346904847,0.1856906588267953,0.887981791154007,0.1856906588267953,0.8865057346904847,True
36,0,0.15605854767523117,36,C,0.07972187563860159,0.8865057346904847,0.1856906588267953,0.887981791154007,0.1856906588267953,0.8865057346904847,False
37,0,0.24619957067703058,37,C,0.07972187563860159,0.8865057346904847,0.1856906588267953,0.887981791154007,0.1856906588267953,0.8865057346904847,True
38,1,0.5374153492897358,38,C,0.07972187563860159,0.8865057346904847,0.1856906588267953,0.887981791154007,0.1856906588267953,0.8865057346904847,True
39,0,0.5826547782640594,39,C,0.07972187563860159,0.8865057346904847,0.1856906588267953,0.887981791154007,0.1856906588267953,0.8865057346904847,True
40,0,0.6256902924752464,40,C,0.07972187563860159,0.8865057346904847,0.1856906588267953,0.887981791154007,0.1856906588267953,0.8865057346904847,True
41,1,0.6839886601493296,41,C,0.07972187563860159,0.8865057346904847,0.1856906588267953,0.887981791154007,0.1856906588267953,0.8865057346904847,True
42,1,0.7578462230582259,42,C,0.07972187563860159,0.8865057346904847,0.1856906588267953,0.887981791154007,0.1856906588267953,0.8865057346904847,True
43,0,0.6491879355544555,43,C,0.07972187563860159,0.8865057346904847,0.1856906588267953,0.887981791154007,0.1856906588267953,0.8865057346904847,True
44,0,0.31190728468700313,44,C,0.07972187563860159,0.8865057346904847,0.1856906588267953,0.887981791154007,0.1856906588267953,0.8865057346904847,True
45,0,0.41268156465672895,45,C,0.07972187563860159,0.8865057346904847,0.1856906588267953,0.887981791154007,0.1856906588267953,0.8865057346904847,True
46,1,0.5668554896546605,46,C,0.07972187563860159,0.8865057346904847,0.1856906588267953,0.887981791154007,0.1856906588267953,0.8865057346904847,True
47,1,0.6870363897053718,47,C,0.07972187563860159,0.8865057346904847,0.1856906588267953,0.887981791154007,0.1856906588267953,0.8865057346904847,True
48,1,0.7032301682600163,48,C,0.07972187563860159,0.8865057346904847,0.1856906588267953,0.887981791154007,0.1856906588267953,0.8865057346904847,True
49,1,0.322507194263339,49,C,0.07972187563860159,0.8865057346904847,0.1856906588267953,0.887981791154007,0.1856906588267953,0.8865057346904847,True
50,1,0.6054387451313784,50,C,0.07972187563860159,0.8865057346904847,0.1856906588267953,0.887981791154007,0.1856906588267953,0.8865057346904847,True
51,0,0.5325184333835964,51,C,0.07972187563860159,0.8865057346904847,0.1856906588267953,0.887981791154007,0.1856906588267953,0.8865057346904847,True
52,0,0.3824282717445533,52,C,0.07972187563860159,0.8865057346904847,0.1856906588267953,0.887981791154007,0.1856906588267953,0.8865057346904847,True
53,0,0.37887522045768024,53,C,0.07972187563860159,0.8865057346904847,0.1856906588267953,0.887981791154007,0.1856906588267953,0.8865057346904847,True
54,1,0.6976661920498158,54,C,0.07972187563860159,0.8865057346904847,0.1856906588267953,0.887981791154007,0.1856906588267953,0.8865057346904847,True
55,0,0.5405236222421996,55,C,0.07972187563860159,0.8865057346904847,0.1856906588267953,0.887981791154007,0.1856906588267953,0.8865057346904847,True
56,0,0.44412805665421184,56,C,0.07972187563860159,0.8865057346904847,0.1856906588267953,0.887981791154007,0.1856906588267953,0.8865057346904847,True
57,1,0.5659175227007892,57,C,0.07972187563860159,0.8865057346904847,0.1856906588267953,0.887981791154007,0.1856906588267953,0.8865057346904847,True
58,1,0.5916151148361019,58,C,0.07972187563860159,0.8865057346904847,0.1856906588267953,0.887981791154007,0.1856906588267953,0.8865057346904847,True
59,0,0.5693038354374582,59,C,0.07972187563860159,0.8865057346904847,0.1856906588267953,0.887981791154007,0.1856906588267953,0.8865057346904847,True
60,1,0.5700706729231896,60,C,0.07972187563860159,0.8865057346904847,0.1856906588267953,0.887981791154007,0.1856906588267953,0.8865057346904847,True
61,1,0.5245742322139189,61,C,0.07972187563860159,0.8865057346904847,0.1856906588267953,0.887981791154007,0.1856906588267953,0.8865057346904847,True
62,0,0.41850402392030633,62,C,0.07972187563860159,0.8865057346904847,0.1856906588267953,0.887981791154007,0.1856906588267953,0.8865057346904847,True
63,0,0.32464104143627004,63,C,0.07972187563860159,0.8865057346904847,0.1856906588267953,0.887981791154007,0.1856906588267953,0.8865057346904847,True
64,1,0.5746200654277186,64,C,0.07972187563860159,0.8865057346904847,0.1856906588267953,0.887981791154007,0.1856906588267953,0.8865057346904847,True
65,1,0.5010166286489499,65,C,0.07972187563860159,0.8865057346904847,0.1856906588267953,0.887981791154007,0.1856906588267953,0.8865057346904847,True
66,1,0.6364650094971662,66,C,0.07972187563860159,0.8865057346904847,0.1856906588267953,0.887981791154007,0.1856906588267953,0.8865057346904847,True
67,1,0.6139248894042141,67,C,0.07972187563860159,0.8865057346904847,0.1856906588267953,0.887981791154007,0.1856906588267953,0.8865057346904847,True
68,0,0.5212990087404287,68,C,0.07972187563860159,0.8865057346904847,0.1856906588267953,0.887981791154007,0.1856906588267953,0.8865057346904847,True
69,0,0.7843347737847498,69,C,0.07972187563860159,0.8865057346904847,0.1856906588267953,0.887981791154007,0.1856906588267953,0.8865057346904847,True
70,1,0.5174602579377512,70,C,0.07972187563860159,0.8865057346904847,0.1856906588267953,0.887981791154007,0.1856906588267953,0.8865057346904847,True
71,1,0.6913701458154555,71,C,0.07972187563860159,0.8865057346904847,0.1856906588267953,0.887981791154007,0.1856906588267953,0.8865057346904847,True
72,1,0.676310868862415,72,C,0.07972187563860159,0.8865057346904847,0.1856906588267953,0.887981791154007,0.1856906588267953,0.8865057346904847,True
73,0,0.5302695510997981,73,C,0.07972187563860159,0.8865057346904847,0.1856906588267953,0.887981791154007,0.1856906588267953,0.8865057346904847,True
74,1,0.7149351236359905,74,C,0.07972187563860159,0.8865057346904847,0.1856906588267953,0.887981791154007,0.1856906588267953,0.8865057346904847,True
75,0,0.5846388504398232,75,C,0.07972187563860159,0.8865057346904847,0.1856906588267953,0.887981791154007,0.1856906588267953,0.8865057346904847,True
76,0,0.5204872506796631,76,C,0.07972187563860159,0.8865057346904847,0.1856906588267953,0.887981791154007,0.1856906588267953,0.8865057346904847,True
77,1,0.5147803614285793,77,C,0.07972187563860159,0.8865057346904847,0.1856906588267953,0.887981791154007,0.1856906588267953,0.8865057346904847,True
78,1,0.6323592039055147,78,C,0.07972187563860159,0.8865057346904847,0.1856906588267953,0.887981791154007,0.1856906588267953,0.8865057346904847,True
79,0,0.34589244224871574,79,C,0.07972187563860159,0.8865057346904847,0.1856906588267953,0.887981791154007,0.1856906588267953,0.8865057346904847,True
80,0,0.49074985899442214,80,C,0.07972187563860159,0.8865057346904847,0.1856906588267953,0.887981791154007,0.1856906588267953,0.8865057346904847,True
81,0,0.5624051022401685,81,C,0.07972187563860159,0.8865057346904847,0.1856906588267953,0.887981791154007,0.1856906588267953,0.8865057346904847,True
82,1,0.40698260225796123,82,C,0.07972187563860159,0.8865057346904847,0.1856906588267953,0.887981791154007,0.1856906588267953,0.8865057346904847,True
83,0,0.8106066041782293,83,C,0.07972187563860159,0.8865057346904847,0.1856906588267953,0.887981791154007,0.1856906588267953,0.8865057346904847,True
84,1,0.6648525856148767,84,C,0.07972187563860159,0.8865057346904847,0.1856906588267953,0.887981791154007,0.1856906588267953,0.8865057346904847,True
85,0,0.19327985471794618,85,C,0.07972187563860159,0.8865057346904847,0.1856906588267953,0.887981791154007,0.1856906588267953,0.8865057346904847,True
86,0,0.6151159621634735,86,C,0.07972187563860159,0.8865057346904847,0.1856906588267953,0.887981791154007,0.1856906588267953,0.8865057346904847,True
87,0,0.6171408125974602,87,C,0.07972187563860159,0.8865057346904847,0.1856906588267953,0.887981791154007,0.1856906588267953,0.8865057346904847,True
88,1,0.45943452694990355,88,C,0.07972187563860159,0.8865057346904847,0.1856906588267953,0.887981791154007,0.1856906588267953,0.8865057346904847,True
89,1,0.2965908783789805,89,C,0.07972187563860159,0.8865057346904847,0.1856906588267953,0.887981791154007,0.1856906588267953,0.8865057346904847,True
90,1,0.6934512609164228,90,C,0.07972187563860159,0.8865057346904847,0.1856906588267953,0.887981791154007,0.1856906588267953,0.8865057346904847,True
91,1,0.4741315238998851,91,C,0.07972187563860159,0.8865057346904847,0.1856906588267953,0.887981791154007,0.1856906588267953,0.8865057346904847,True
92,1,0.4033103081359303,92,C,0.07972187563860159,0.8865057346904847,0.1856906588267953,0.887981791154007,0.1856906588267953,0.8865057346904847,True
93,1,0.8443921878497158,93,C,0.07972187563860159,0.8865057346904847,0.1856906588267953,0.887981791154007,0.1856906588267953,0.8865057346904847,True
94,1,0.5189080536918981,94,C,0.07972187563860159,0.8865057346904847,0.1856906588267953,0.887981791154007,0.1856906588267953,0.8865057346904847,True
95,1,0.47763187039711696,95,C,0.07972187563860159,0.8865057346904847,0.1856906588267953,0.887981791154007,0.1856906588267953,0.8865057346904847,True
96,0,0.6673545550973913,96,C,0.07972187563860159,0.8865057346904847,0.1856906588267953,0.887981791154007,0.1856906588267953,0.8865057346904847,True
97,0,0.38918644146531506,97,C,0.07972187563860159,0.8865057346904847,0.1856906588267953,0.887981791154007,0.1856906588267953,0.8865057346904847,True
98,1,0.2526213112151531,98,C,0.07972187563860159,0.8865057346904847,0.1856906588267953,0.887981791154007,0.1856906588267953,0.8865057346904847,True
99,1,0.8238847623811114,99,C,0.07972187563860159,0.8865057346904847,0.1856906588267953,0.887981791154007,0.1856906588267953,0.8865057346904847,True
100,0,0.2520452483657015,100,C,0.07972187563860159,0.8865057346904847,0.1856906588267953,0.887981791154007,0.1856906588267953,0.8865057346904847,True
101,1,0.4103253054451206,101,C,0.07972187563860159,0.8865057346904847,0.1856906588267953,0.887981791154007,0.1856906588267953,0.8865057346904847,True
102,1,0.5113215521640405,102,C,0.07972187563860159,0.8865057346904847,0.1856906588267953,0.887981791154007,0.1856906588267953,0.8865057346904847,True
103,1,0.44655754588223334,103,C,0.07972187563860159,0.8865057346904847,0.1856906588267953,0.887981791154007,0.1856906588267953,0.8865057346904847,True
104,0,0.34577542624795066,104,C,0.07972187563860159,0.8865057346904847,0.1856906588267953,0.887981791154007,0.1856906588267953,0.8865057346904847,True
105,1,0.21462289077880317,105,C,0.07972187563860159,0.8865057346904847,0.1856906588267953,0.887981791154007,0.1856906588267953,0.8865057346904847,True
106,0,0.5420680821454488,106,C,0.07972187563860159,0.8865057346904847,0.1856906588267953,0.887981791154007,0.1856906588267953,0.8865057346904847,True
107,1,0.7334831600677085,107,C,0.07972187563860159,0.8865057346904847,0.1856906588267953,0.887981791154007,0.1856906588267953,0.8865057346904847,True
108,0,0.15844723723346804,108,C,0.07972187563860159,0.8865057346904847,0.1856906588267953,0.887981791154007,0.1856906588267953,0.8865057346904847,False
109,0,0.45147039108869297,109,C,0.07972187563860159,0.8865057346904847,0.1856906588267953,0.887981791154007,0.1856906588267953,0.8865057346904847,True
110,0,0.4308593737681139,110,C,0.07972187563860159,0.8865057346904847,0.1856906588267953,0.887981791154007,0.1856906588267953,0.8865057346904847,True
111,1,0.3444068475518273,111,C,0.07972187563860159,0.8865057346904847,0.1856906588267953,0.887981791154007,0.1856906588267953,0.8865057346904847,True
112,1,0.5082618572451174,112,C,0.07972187563860159,0.8865057346904847,0.1856906588267953,0.887981791154007,0.1856906588267953,0.8865057346904847,True
113,0,0.6397879780965596,113,C,0.07972187563860159,0.8865057346904847,0.1856906588267953,0.887981791154007,0.1856906588267953,0.8865057346904847,True
114,0,0.2767740552722975,114,C,0.07972187563860159,0.8865057346904847,0.1856906588267953,0.887981791154007,0.1856906588267953,0.8865057346904847,True
115,1,0.4812573381476227,115,C,0.07972187563860159,0.8865057346904847,0.1856906588267953,0.887981791154007,0.1856906588267953,0.8865057346904847,True
116,1,0.5718572660415898,116,C,0.07972187563860159,0.8865057346904847,0.1856906588267953,0.887981791154007,0.1856906588267953,0.8865057346904847,True
117,1,0.672786963601556,117,C,0.07972187563860159,0.8865057346904847,0.1856906588267953,0.887981791154007,0.1856906588267953,0.8865057346904847,True
118,0,0.5108208489569948,118,C,0.07972187563860159,0.8865057346904847,0.1856906588267953,0.887981791154007,0.1856906588267953,0.8865057346904847,True
119,0,0.3503923862399741,119,C,0.07972187563860159,0.8865057346904847,0.1856906588267953,0.887981791154007,0.1856906588267953,0.8865057346904847,True
120,1,0.6932049642592566,120,C,0.07972187563860159,0.8865057346904847,0.1856906588267953,0.887981791154007,0.1856906588267953,0.8865057346904847,True
121,1,0.49674597304241824,121,C,0.07972187563860159,0.8865057346904847,0.1856906588267953,0.887981791154007,0.1856906588267953,0.8865057346904847,True
122,0,0.45075069393616396,122,C,0.07972187563860159,0.8865057346904847,0.1856906588267953,0.887981791154007,0.1856906588267953,0.8865057346904847,True
123,1,0.6134840349813738,123,C,0.07972187563860159,0.8865057346904847,0.1856906588267953,0.887981791154007,0.1856906588267953,0.8865057346904847,True
124,1,0.5974724289140884,124,C,0.07972187563860159,0.8865057346904847,0.1856906588267953,0.887981791154007,0.1856906588267953,0.8865057346904847,True
125,1,0.5162155159647158,125,C,0.07972187563860159,0.8865057346904847,0.1856906588267953,0.887981791154007,0.1856906588267953,0.8865057346904847,True
126,0,0.48974201066323647,126,C,0.07972187563860159,0.8865057346904847,0.1856906588267953,0.887981791154007,0.1856906588267953,0.8865057346904847,True
127,1,0.7061324593311525,127,C,0.07972187563860159,0.8865057346904847,0.1856906588267953,0.887981791154007,0.1856906588267953,0.8865057346904847,True
128,1,0.4163172065606625,128,C,0.07972187563860159,0.8865057346904847,0.1856906588267953,0.887981791154007,0.1856906588267953,0.8865057346904847,True
129,0,0.40798644245936505,129,C,0.07972187563860159,0.8865057346904847,0.1856906588267953,0.887981791154007,0.1856906588267953,0.8865057346904847,True
130,1,0.7184275808263896,130,C,0.07972187563860159,0.8865057346904847,0.1856906588267953,0.887981791154007,0.1856906588267953,0.8865057346904847,True
131,1,0.5420144975678266,131,C,0.07972187563860159,0.8865057346904847,0.1856906588267953,0.887981791154007,0.1856906588267953,0.8865057346904847,True
132,1,0.61432677610271,132,C,0.07972187563860159,0.8865057346904847,0.1856906588267953,0.887981791154007,0.1856906588267953,0.8865057346904847,True
133,0,0.3822384280396657,133,C,0.07972187563860159,0.8865057346904847,0.1856906588267953,0.887981791154007,0.1856906588267953,0.8865057346904847,True
134,1,0.32217846865482713,134,C,0.07972187563860159,0.8865057346904847,0.1856906588267953,0.887981791154007,0.1856906588267953,0.8865057346904847,True
135,0,0.36419765286608574,135,C,0.07972187563860159,0.8865057346904847,0.1856906588267953,0.887981791154007,0.1856906588267953,0.8865057346904847,True
136,0,0.6818875311043012,136,C,0.07972187563860159,0.8865057346904847,0.1856906588267953,0.887981791154007,0.1856906588267953,0.8865057346904847,True
137,0,0.5510316192782936,137,C,0.07972187563860159,0.8865057346904847,0.1856906588267953,0.887981791154007,0.1856906588267953,0.8865057346904847,True
138,0,0.16066216040277612,138,C,0.07972187563860159,0.8865057346904847,0.1856906588267953,0.887981791154007,0.1856906588267953,0.8865057346904847,False
139,0,0.5810407097911386,139,C,0.07972187563860159,0.8865057346904847,0.1856906588267953,0.887981791154007,0.1856906588267953,0.8865057346904847,True
140,1,0.4620981555260578,140,C,0.07972187563860159,0.8865057346904847,0.1856906588267953,0.887981791154007,0.1856906588267953,0.8865057346904847,True
141,1,0.5778038774251069,141,C,0.07972187563860159,0.8865057346904847,0.1856906588267953,0.887981791154007,0.1856906588267953,0.8865057346904847,True
142,1,0.6208098587370927,142,C,0.07972187563860159,0.8865057346904847,0.1856906588267953,0.887981791154007,0.1856906588267953,0.8865057346904847,True
143,0,0.5335910174096623,143,C,0.07972187563860159,0.8865057346904847,0.1856906588267953,0.887981791154007,0.1856906588267953,0.8865057346904847,True
144,1,0.6079047657691308,144,C,0.07972187563860159,0.8865057346904847,0.1856906588267953,0.887981791154007,0.1856906588267953,0.8865057346904847,True
145,0,0.3654274830324045,145,C,0.07972187563860159,0.8865057346904847,0.1856906588267953,0.887981791154007,0.1856906588267953,0.8865057346904847,True
146,1,0.795373084855475,146,C,0.07972187563860159,0.8865057346904847,0.1856906588267953,0.887981791154007,0.1856906588267953,0.8865057346904847,True
147,0,0.3698810064986427,147,C,0.07972187563860159,0.8865057346904847,0.1856906588267953,0.887981791154007,0.1856906588267953,0.8865057346904847,True
148,1,0.42361849446572286,148,C,0.07972187563860159,0.8865057346904847,0.1856906588267953,0.887981791154007,0.1856906588267953,0.8865057346904847,True
149,1,0.5425925036926106,149,C,0.07972187563860159,0.8865057346904847,0.1856906588267953,0.887981791154007,0.1856906588267953,0.8865057346904847,True
150,0,0.5006068550343551,150,C,0.07972187563860159,0.8865057346904847,0.1856906588267953,0.887981791154007,0.1856906588267953,0.8865057346904847,True
151,0,0.4864636311729846,151,C,0.07972187563860159,0.8865057346904847,0.1856906588267953,0.887981791154007,0.1856906588267953,0.8865057346904847,True
152,1,0.7073619821685511,152,C,0.07972187563860159,0.8865057346904847,0.1856906588267953,0.887981791154007,0.1856906588267953,0.8865057346904847,True
153,0,0.4743123044894641,153,C,0.07972187563860159,0.8865057346904847,0.1856906588267953,0.887981791154007,0.1856906588267953,0.8865057346904847,True
154,0,0.47773147228634305,154,C,0.07972187563860159,0.8865057346904847,0.1856906588267953,0.887981791154007,0.1856906588267953,0.8865057346904847,True
155,1,0.5663030890851334,155,C,0.07972187563860159,0.8865057346904847,0.1856906588267953,0.887981791154007,0.1856906588267953,0.8865057346904847,True
156,0,0.4168969421156842,156,C,0.07972187563860159,0.8865057346904847,0.1856906588267953,0.887981791154007,0.1856906588267953,0.8865057346904847,True
157,1,0.38410283537074774,157,C,0.07972187563860159,0.8865057346904847,0.1856906588267953,0.887981791154007,0.1856906588267953,0.8865057346904847,True
158,1,0.6501213652552604,158,C,0.07972187563860159,0.8865057346904847,0.1856906588267953,0.887981791154007,0.1856906588267953,0.8865057346904847,True
159,1,0.430515868918828,159,C,0.07972187563860159,0.8865057346904847,0.1856906588267953,0.887981791154007,0.1856906588267953,0.8865057346904847,True
160,1,0.41766511557598646,160,C,0.07972187563860159,0.8865057346904847,0.1856906588267953,0.887981791154007,0.1856906588267953,0.8865057346904847,True
161,0,0.7641396942682106,161,C,0.07972187563860159,0.8865057346904847,0.1856906588267953,0.887981791154007,0.1856906588267953,0.8865057346904847,True
162,0,0.5897525548643191,162,C,0.07972187563860159,0.8865057346904847,0.1856906588267953,0.887981791154007,0.1856906588267953,0.8865057346904847,True
163,0,0.4250683619705249,163,C,0.07972187563860159,0.8865057346904847,0.1856906588267953,0.887981791154007,0.1856906588267953,0.8865057346904847,True
164,1,0.6658345776804891,164,C,0.07972187563860159,0.8865057346904847,0.1856906588267953,0.887981791154007,0.1856906588267953,0.8865057346904847,True
165,0,0.36884763977684204,165,C,0.07972187563860159,0.8865057346904847,0.1856906588267953,0.887981791154007,0.1856906588267953,0.8865057346904847,True
166,0,0.6628931379802477,166,C,0.07972187563860159,0.8865057346904847,0.1856906588267953,0.887981791154007,0.1856906588267953,0.8865057346904847,True
167,0,0.5585799272039406,167,C,0.07972187563860159,0.8865057346904847,0.1856906588267953,0.887981791154007,0.1856906588267953,0.8865057346904847,True
168,0,0.3199453719063108,168,C,0.07972187563860159,0.8865057346904847,0.1856906588267953,0.887981791154007,0.1856906588267953,0.8865057346904847,True
169,1,0.5485749613780898,169,C,0.07972187563860159,0.8865057346904847,0.1856906588267953,0.887981791154007,0.1856906588267953,0.8865057346904847,True
170,0,0.3066490724909947,170,C,0.07972187563860159,0.8865057346904847,0.1856906588267953,0.887981791154007,0.1856906588267953,0.8865057346904847,True
171,1,0.7014845725283586,171,C,0.07972187563860159,0.8865057346904847,0.1856906588267953,0.887981791154007,0.1856906588267953,0.8865057346904847,True
172,0,0.6194639522155576,172,C,0.07972187563860159,0.8865057346904847,0.1856906588267953,0.887981791154007,0.1856906588267953,0.8865057346904847,True
173,1,0.5007317797001297,173,C,0.07972187563860159,0.8865057346904847,0.1856906588267953,0.887981791154007,0.1856906588267953,0.8865057346904847,True
174,0,0.5556589565343885,174,C,0.07972187563860159,0.8865057346904847,0.1856906588267953,0.887981791154007,0.1856906588267953,0.8865057346904847,True
175,1,0.5849418011894357,175,C,0.07972187563860159,0.8865057346904847,0.1856906588267953,0.887981791154007,0.1856906588267953,0.8865057346904847,True
176,0,0.6877540224047515,176,C,0.07972187563860159,0.8865057346904847,0.1856906588267953,0.887981791154007,0.1856906588267953,0.8865057346904847,True
177,0,0.2860911597331893,177,C,0.07972187563860159,0.8865057346904847,0.1856906588267953,0.887981791154007,0.1856906588267953,0.8865057346904847,True
178,1,0.681784832893302,178,C,0.07972187563860159,0.8865057346904847,0.1856906588267953,0.887981791154007,0.1856906588267953,0.8865057346904847,True
179,0,0.4554356848674256,179,C,0.07972187563860159,0.8865057346904847,0.1856906588267953,0.887981791154007,0.1856906588267953,0.8865057346904847,True
180,0,0.5516424888412248,180,C,0.07972187563860159,0.8865057346904847,0.1856906588267953,0.887981791154007,0.1856906588267953,0.8865057346904847,True
181,0,0.5398253253545836,181,C,0.07972187563860159,0.8865057346904847,0.1856906588267953,0.887981791154007,0.1856906588267953,0.8865057346904847,True
182,1,0.3458729958977382,182,C,0.07972187563860159,0.8865057346904847,0.1856906588267953,0.887981791154007,0.1856906588267953,0.8865057346904847,True
183,1,0.6135458488087546,183,C,0.07972187563860159,0.8865057346904847,0.1856906588267953,0.887981791154007,0.1856906588267953,0.8865057346904847,True
184,1,0.6322864173366239,184,C,0.07972187563860159,0.8865057346904847,0.1856906588267953,0.887981791154007,0.1856906588267953,0.8865057346904847,True
185,0,0.33690683577393526,185,C,0.07972187563860159,0.8865057346904847,0.1856906588267953,0.887981791154007,0.1856906588267953,0.8865057346904847,True
186,0,0.34460911838039204,186,C,0.07972187563860159,0.8865057346904847,0.1856906588267953,0.887981791154007,0.1856906588267953,0.8865057346904847,True
187,0,0.6323550466983834,187,C,0.07972187563860159,0.8865057346904847,0.1856906588267953,0.887981791154007,0.1856906588267953,0.8865057346904847,True
188,1,0.33187951461348425,188,C,0.07972187563860159,0.8865057346904847,0.1856906588267953,0.887981791154007,0.1856906588267953,0.8865057346904847,True
189,0,0.5527710628602636,189,C,0.07972187563860159,0.8865057346904847,0.1856906588267953,0.887981791154007,0.1856906588267953,0.8865057346904847,True
190,0,0.46668470092440906,190,C,0.07972187563860159,0.8865057346904847,0.1856906588267953,0.887981791154007,0.1856906588267953,0.8865057346904847,True
191,1,0.49045082054116246,191,C,0.07972187563860159,0.8865057346904847,0.1856906588267953,0.887981791154007,0.1856906588267953,0.8865057346904847,True
192,1,0.5389193863499294,192,C,0.07972187563860159,0.8865057346904847,0.1856906588267953,0.887981791154007,0.1856906588267953,0.8865057346904847,True
193,0,0.3512190204509928,193,C,0.07972187563860159,0.8865057346904847,0.1856906588267953,0.887981791154007,0.1856906588267953,0.8865057346904847,True
194,0,0.6347795266231792,194,C,0.07972187563860159,0.8865057346904847,0.1856906588267953,0.887981791154007,0.1856906588267953,0.8865057346904847,True
195,1,0.48324516375827237,195,C,0.07972187563860159,0.8865057346904847,0.1856906588267953,0.887981791154007,0.1856906588267953,0.8865057346904847,True
196,0,0.3963834880288137,196,C,0.07972187563860159,0.8865057346904847,0.1856906588267953,0.887981791154007,0.1856906588267953,0.8865057346904847,True
197,1,0.5331764592685229,197,C,0.07972187563860159,0.8865057346904847,0.1856906588267953,0.887981791154007,0.1856906588267953,0.8865057346904847,True
198,1,0.31576987737487694,198,C,0.07972187563860159,0.8865057346904847,0.1856906588267953,0.887981791154007,0.1856906588267953,0.8865057346904847,True
199,0,0.30103428054656783,199,C,0.07972187563860159,0.8865057346904847,0.1856906588267953,0.887981791154007,0.1856906588267953,0.8865057346904847,True
200,1,0.4526089528033573,200,C,0.07972187563860159,0.8865057346904847,0.1856906588267953,0.887981791154007,0.1856906588267953,0.8865057346904847,True
201,0,0.2927507925889011,201,C,0.07972187563860159,0.8865057346904847,0.1856906588267953,0.887981791154007,0.1856906588267953,0.8865057346904847,True
202,1,0.6525155887952657,202,C,0.07972187563860159,0.8865057346904847,0.1856906588267953,0.887981791154007,0.1856906588267953,0.8865057346904847,True
203,1,0.6015197194900249,203,C,0.07972187563860159,0.8865057346904847,0.1856906588267953,0.887981791154007,0.1856906588267953,0.8865057346904847,True
204,1,0.6533288460655071,204,C,0.07972187563860159,0.8865057346904847,0.1856906588267953,0.887981791154007,0.1856906588267953,0.8865057346904847,True
205,1,0.3686946708260308,205,C,0.07972187563860159,0.8865057346904847,0.1856906588267953,0.887981791154007,0.1856906588267953,0.8865057346904847,True
206,0,0.4248643111765053,206,C,0.07972187563860159,0.8865057346904847,0.1856906588267953,0.887981791154007,0.1856906588267953,0.8865057346904847,True
207,1,0.3530052810346332,207,C,0.07972187563860159,0.8865057346904847,0.1856906588267953,0.887981791154007,0.1856906588267953,0.8865057346904847,True
208,1,0.48047229099032795,208,C,0.07972187563860159,0.8865057346904847,0.1856906588267953,0.887981791154007,0.1856906588267953,0.8865057346904847,True
209,1,0.5425520755861121,209,C,0.07972187563860159,0.8865057346904847,0.1856906588267953,0.887981791154007,0.1856906588267953,0.8865057346904847,True
210,1,0.5742360197608523,210,C,0.07972187563860159,0.8865057346904847,0.1856906588267953,0.887981791154007,0.1856906588267953,0.8865057346904847,True
211,0,0.34163964918719825,211,C,0.07972187563860159,0.8865057346904847,0.1856906588267953,0.887981791154007,0.1856906588267953,0.8865057346904847,True
212,0,0.597474921435164,212,C,0.07972187563860159,0.8865057346904847,0.1856906588267953,0.887981791154007,0.1856906588267953,0.8865057346904847,True
213,1,0.7134995327996912,213,C,0.07972187563860159,0.8865057346904847,0.1856906588267953,0.887981791154007,0.1856906588267953,0.8865057346904847,True
214,1,0.540069611633747,214,C,0.07972187563860159,0.8865057346904847,0.1856906588267953,0.887981791154007,0.1856906588267953,0.8865057346904847,True
215,1,0.5570411317117359,215,C,0.07972187563860159,0.8865057346904847,0.1856906588267953,0.887981791154007,0.1856906588267953,0.8865057346904847,True
216,0,0.5443137398172163,216,C,0.07972187563860159,0.8865057346904847,0.1856906588267953,0.887981791154007,0.1856906588267953,0.8865057346904847,True
217,1,0.5625324884553301,217,C,0.07972187563860159,0.8865057346904847,0.1856906588267953,0.887981791154007,0.1856906588267953,0.8865057346904847,True
218,0,0.19942650951116922,218,C,0.07972187563860159,0.8865057346904847,0.1856906588267953,0.887981791154007,0.1856906588267953,0.8865057346904847,True
219,0,0.699428082345004,219,C,0.07972187563860159,0.8865057346904847,0.1856906588267953,0.887981791154007,0.1856906588267953,0.8865057346904847,True
220,1,0.34907858959526517,220,C,0.07972187563860159,0.8865057346904847,0.1856906588267953,0.887981791154007,0.1856906588267953,0.8865057346904847,True
221,1,0.5599087302221034,221,C,0.07972187563860159,0.8865057346904847,0.1856906588267953,0.887981791154007,0.1856906588267953,0.8865057346904847,True
222,0,0.5740250241984064,222,C,0.07972187563860159,0.8865057346904847,0.1856906588267953,0.887981791154007,0.1856906588267953,0.8865057346904847,True
223,0,0.41437403789637,223,C,0.07972187563860159,0.8865057346904847,0.1856906588267953,0.887981791154007,0.1856906588267953,0.8865057346904847,True
224,1,0.21313333960471667,224,C,0.07972187563860159,0.8865057346904847,0.1856906588267953,0.887981791154007,0.1856906588267953,0.8865057346904847,True
225,0,0.1638228767935379,225,C,0.07972187563860159,0.8865057346904847,0.1856906588267953,0.887981791154007,0.1856906588267953,0.8865057346904847,False
226,0,0.5821040113242367,226,C,0.07972187563860159,0.8865057346904847,0.1856906588267953,0.887981791154007,0.1856906588267953,0.8865057346904847,True
227,1,0.593120710034316,227,C,0.07972187563860159,0.8865057346904847,0.1856906588267953,0.887981791154007,0.1856906588267953,0.8865057346904847,True
228,0,0.3751765994323589,228,C,0.07972187563860159,0.8865057346904847,0.1856906588267953,0.887981791154007,0.1856906588267953,0.8865057346904847,True
229,0,0.6076854770068935,229,C,0.07972187563860159,0.8865057346904847,0.1856906588267953,0.887981791154007,0.1856906588267953,0.8865057346904847,True
230,0,0.5067174681187453,230,C,0.07972187563860159,0.8865057346904847,0.1856906588267953,0.887981791154007,0.1856906588267953,0.8865057346904847,True
231,1,0.5800133249158971,231,C,0.07972187563860159,0.8865057346904847,0.1856906588267953,0.887981791154007,0.1856906588267953,0.8865057346904847,True
232,0,0.5176872577510078,232,C,0.07972187563860159,0.8865057346904847,0.1856906588267953,0.887981791154007,0.1856906588267953,0.8865057346904847,True
233,1,0.38627585090580946,233,C,0.07972187563860159,0.8865057346904847,0.1856906588267953,0.887981791154007,0.1856906588267953,0.8865057346904847,True
234,1,0.529501544268559,234,C,0.07972187563860159,0.8865057346904847,0.1856906588267953,0.887981791154007,0.1856906588267953,0.8865057346904847,True
235,1,0.7797686831262711,235,C,0.07972187563860159,0.8865057346904847,0.1856906588267953,0.887981791154007,0.1856906588267953,0.8865057346904847,True
236,0,0.6437654385166133,236,C,0.07972187563860159,0.8865057346904847,0.1856906588267953,0.887981791154007,0.1856906588267953,0.8865057346904847,True
237,1,0.48977068830814147,237,C,0.07972187563860159,0.8865057346904847,0.1856906588267953,0.887981791154007,0.1856906588267953,0.8865057346904847,True
238,1,0.6618435302093787,238,C,0.07972187563860159,0.8865057346904847,0.1856906588267953,0.887981791154007,0.1856906588267953,0.8865057346904847,True
239,1,0.42659719205693286,239,C,0.07972187563860159,0.8865057346904847,0.1856906588267953,0.887981791154007,0.1856906588267953,0.8865057346904847,True
240,0,0.6625593684240323,240,C,0.07972187563860159,0.8865057346904847,0.1856906588267953,0.887981791154007,0.1856906588267953,0.8865057346904847,True
241,0,0.5421512594399502,241,C,0.07972187563860159,0.8865057346904847,0.1856906588267953,0.887981791154007,0.1856906588267953,0.8865057346904847,True
242,0,0.7399496747075857,242,C,0.07972187563860159,0.8865057346904847,0.1856906588267953,0.887981791154007,0.1856906588267953,0.8865057346904847,True
243,1,0.6016385587150267,243,C,0.07972187563860159,0.8865057346904847,0.1856906588267953,0.887981791154007,0.1856906588267953,0.8865057346904847,True
244,0,0.6207086134925542,244,C,0.07972187563860159,0.8865057346904847,0.1856906588267953,0.887981791154007,0.1856906588267953,0.8865057346904847,True
245,1,0.7180840460882449,245,C,0.07972187563860159,0.8865057346904847,0.1856906588267953,0.887981791154007,0.1856906588267953,0.8865057346904847,True
246,0,0.6309338470858005,246,C,0.07972187563860159,0.8865057346904847,0.1856906588267953,0.887981791154007,0.1856906588267953,0.8865057346904847,True
247,0,0.4431945228117035,247,C,0.07972187563860159,0.8865057346904847,0.1856906588267953,0.887981791154007,0.1856906588267953,0.8865057346904847,True
248,1,0.6576810122138365,248,C,0.07972187563860159,0.8865057346904847,0.1856906588267953,0.887981791154007,0.1856906588267953,0.8865057346904847,True
249,0,0.37674802615046815,249,C,0.07972187563860159,0.8865057346904847,0.1856906588267953,0.887981791154007,0.1856906588267953,0.8865057346904847,True
250,0,0.6697151531310317,250,C,0.07972187563860159,0.8865057346904847,0.1856906588267953,0.887981791154007,0.1856906588267953,0.8865057346904847,True
251,1,0.6123685710256574,251,C,0.07972187563860159,0.8865057346904847,0.1856906588267953,0.887981791154007,0.1856906588267953,0.8865057346904847,True
252,0,0.6007448574991203,252,C,0.07972187563860159,0.8865057346904847,0.1856906588267953,0.887981791154007,0.1856906588267953,0.8865057346904847,True
253,0,0.5214049856057575,253,C,0.07972187563860159,0.8865057346904847,0.1856906588267953,0.887981791154007,0.1856906588267953,0.8865057346904847,True
254,1,0.4108197617330556,254,C,0.07972187563860159,0.8865057346904847,0.1856906588267953,0.887981791154007,0.1856906588267953,0.8865057346904847,True
255,1,0.49483905621986946,255,C,0.07972187563860159,0.8865057346904847,0.1856906588267953,0.887981791154007,0.1856906588267953,0.8865057346904847,True
256,1,0.49498261921815223,256,C,0.07972187563860159,0.8865057346904847,0.1856906588267953,0.887981791154007,0.1856906588267953,0.8865057346904847,True
257,0,0.6080308066781873,257,C,0.07972187563860159,0.8865057346904847,0.1856906588267953,0.887981791154007,0.1856906588267953,0.8865057346904847,True
258,0,0.43163923386129754,258,C,0.07972187563860159,0.8865057346904847,0.1856906588267953,0.887981791154007,0.1856906588267953,0.8865057346904847,True
259,0,0.718976149541202,259,C,0.07972187563860159,0.8865057346904847,0.1856906588267953,0.887981791154007,0.1856906588267953,0.8865057346904847,True
260,0,0.5232494852200538,260,C,0.07972187563860159,0.8865057346904847,0.1856906588267953,0.887981791154007,0.1856906588267953,0.8865057346904847,True
261,1,0.4353176504664486,261,C,0.07972187563860159,0.8865057346904847,0.1856906588267953,0.887981791154007,0.1856906588267953,0.8865057346904847,True
262,0,0.4619169531988673,262,C,0.07972187563860159,0.8865057346904847,0.1856906588267953,0.887981791154007,0.1856906588267953,0.8865057346904847,True
263,1,0.5263003718340432,263,C,0.07972187563860159,0.8865057346904847,0.1856906588267953,0.887981791154007,0.1856906588267953,0.8865057346904847,True
264,0,0.7053537549205482,264,C,0.07972187563860159,0.8865057346904847,0.1856906588267953,0.887981791154007,0.1856906588267953,0.8865057346904847,True
265,0,0.3837043729180023,265,C,0.07972187563860159,0.8865057346904847,0.1856906588267953,0.887981791154007,0.1856906588267953,0.8865057346904847,True
266,1,0.6539050210635963,266,C,0.07972187563860159,0.8865057346904847,0.1856906588267953,0.887981791154007,0.1856906588267953,0.8865057346904847,True
267,0,0.2782921973571537,267,C,0.07972187563860159,0.8865057346904847,0.1856906588267953,0.887981791154007,0.1856906588267953,0.8865057346904847,True
268,1,0.48891695013677916,268,C,0.07972187563860159,0.8865057346904847,0.1856906588267953,0.887981791154007,0.1856906588267953,0.8865057346904847,True
269,1,0.7203722826829676,269,C,0.07972187563860159,0.8865057346904847,0.1856906588267953,0.887981791154007,0.1856906588267953,0.8865057346904847,True
270,0,0.6925284497930886,270,C,0.07972187563860159,0.8865057346904847,0.1856906588267953,0.887981791154007,0.1856906588267953,0.8865057346904847,True
271,1,0.5677932879927454,271,C,0.07972187563860159,0.8865057346904847,0.1856906588267953,0.887981791154007,0.1856906588267953,0.8865057346904847,True
272,1,0.5034021660546742,272,C,0.07972187563860159,0.8865057346904847,0.1856906588267953,0.887981791154007,0.1856906588267953,0.8865057346904847,True
273,0,0.2824839351870626,273,C,0.07972187563860159,0.8865057346904847,0.1856906588267953,0.887981791154007,0.1856906588267953,0.8865057346904847,True
274,0,0.6345784658239805,274,C,0.07972187563860159,0.8865057346904847,0.1856906588267953,0.887981791154007,0.1856906588267953,0.8865057346904847,True
275,1,0.35826345037374907,275,C,0.07972187563860159,0.8865057346904847,0.1856906588267953,0.887981791154007,0.1856906588267953,0.8865057346904847,True
276,1,0.7918355964993434,276,C,0.07972187563860159,0.8865057346904847,0.1856906588267953,0.887981791154007,0.1856906588267953,0.8865057346904847,True
277,1,0.5749830403098661,277,C,0.07972187563860159,0.8865057346904847,0.1856906588267953,0.887981791154007,0.1856906588267953,0.8865057346904847,True
278,1,0.6069404698912068,278,C,0.07972187563860159,0.8865057346904847,0.1856906588267953,0.887981791154007,0.1856906588267953,0.8865057346904847,True
279,0,0.3951509406163523,279,C,0.07972187563860159,0.8865057346904847,0.1856906588267953,0.887981791154007,0.1856906588267953,0.8865057346904847,True
280,1,0.5789452999427833,280,C,0.07972187563860159,0.8865057346904847,0.1856906588267953,0.887981791154007,0.1856906588267953,0.8865057346904847,True
281,1,0.28429050183764004,281,C,0.07972187563860159,0.8865057346904847,0.1856906588267953,0.887981791154007,0.1856906588267953,0.8865057346904847,True
282,1,0.6768692211530459,282,C,0.07972187563860159,0.8865057346904847,0.1856906588267953,0.887981791154007,0.1856906588267953,0.8865057346904847,True
283,0,0.4422474745368211,283,C,0.07972187563860159,0.8865057346904847,0.1856906588267953,0.887981791154007,0.1856906588267953,0.8865057346904847,True
284,1,0.25368684140804904,284,C,0.07972187563860159,0.8865057346904847,0.1856906588267953,0.887981791154007,0.1856906588267953,0.8865057346904847,True
285,1,0.47670345165217065,285,C,0.07972187563860159,0.8865057346904847,0.1856906588267953,0.887981791154007,0.1856906588267953,0.8865057346904847,True
286,0,0.41136443979966164,286,C,0.07972187563860159,0.8865057346904847,0.1856906588267953,0.887981791154007,0.1856906588267953,0.8865057346904847,True
287,0,0.3753787242325971,287,C,0.07972187563860159,0.8865057346904847,0.1856906588267953,0.887981791154007,0.1856906588267953,0.8865057346904847,True
288,1,0.29304672314079316,288,C,0.07972187563860159,0.8865057346904847,0.1856906588267953,0.887981791154007,0.1856906588267953,0.8865057346904847,True
289,0,0.19320237967748485,289,C,0.07972187563860159,0.8865057346904847,0.1856906588267953,0.887981791154007,0.1856906588267953,0.8865057346904847,True
290,1,0.4684142801712773,290,C,0.07972187563860159,0.8865057346904847,0.1856906588267953,0.887981791154007,0.1856906588267953,0.8865057346904847,True
291,1,0.5758472216841332,291,C,0.07972187563860159,0.8865057346904847,0.1856906588267953,0.887981791154007,0.1856906588267953,0.8865057346904847,True
292,0,0.7216145046077405,292,C,0.07972187563860159,0.8865057346904847,0.1856906588267953,0.887981791154007,0.1856906588267953,0.8865057346904847,True
293,0,0.4498461180725678,293,C,0.07972187563860159,0.8865057346904847,0.1856906588267953,0.887981791154007,0.1856906588267953,0.8865057346904847,True
294,1,0.49757895897410226,294,C,0.07972187563860159,0.8865057346904847,0.1856906588267953,0.887981791154007,0.1856906588267953,0.8865057346904847,True
295,1,0.6760868829472797,295,C,0.07972187563860159,0.8865057346904847,0.1856906588267953,0.887981791154007,0.1856906588267953,0.8865057346904847,True
296,1,0.45371435856461445,296,C,0.07972187563860159,0.8865057346904847,0.1856906588267953,0.887981791154007,0.1856906588267953,0.8865057346904847,True
297,0,0.4900444275248429,297,C,0.07972187563860159,0.8865057346904847,0.1856906588267953,0.887981791154007,0.1856906588267953,0.8865057346904847,True
298,0,0.29697791230039333,298,C,0.07972187563860159,0.8865057346904847,0.1856906588267953,0.887981791154007,0.1856906588267953,0.8865057346904847,True
299,0,0.19509223409052162,299,C,0.07972187563860159,0.8865057346904847,0.1856906588267953,0.887981791154007,0.1856906588267953,0.8865057346904847,True
300,1,0.45773565311275966,300,C,0.07972187563860159,0.8865057346904847,0.1856906588267953,0.887981791154007,0.1856906588267953,0.8865057346904847,True
301,0,0.25038751252657704,301,C,0.07972187563860159,0.8865057346904847,0.1856906588267953,0.887981791154007,0.1856906588267953,0.8865057346904847,True
302,1,0.22969456828294169,302,C,0.07972187563860159,0.8865057346904847,0.1856906588267953,0.887981791154007,0.1856906588267953,0.8865057346904847,True
303,0,0.6234871053438804,303,C,0.07972187563860159,0.8865057346904847,0.1856906588267953,0.887981791154007,0.1856906588267953,0.8865057346904847,True
304,1,0.7475527867080969,304,C,0.07972187563860159,0.8865057346904847,0.1856906588267953,0.887981791154007,0.1856906588267953,0.8865057346904847,True
305,0,0.2411882332620182,305,C,0.07972187563860159,0.8865057346904847,0.1856906588267953,0.887981791154007,0.1856906588267953,0.8865057346904847,True
306,0,0.49188817339162755,306,C,0.07972187563860159,0.8865057346904847,0.1856906588267953,0.887981791154007,0.1856906588267953,0.8865057346904847,True
307,1,0.7472128086818335,307,C,0.07972187563860159,0.8865057346904847,0.1856906588267953,0.887981791154007,0.1856906588267953,0.8865057346904847,True
308,1,0.6229946927193166,308,C,0.07972187563860159,0.8865057346904847,0.1856906588267953,0.887981791154007,0.1856906588267953,0.8865057346904847,True
309,1,0.347328017545009,309,C,0.07972187563860159,0.8865057346904847,0.1856906588267953,0.887981791154007,0.1856906588267953,0.8865057346904847,True
310,0,0.49868809843545137,310,C,0.07972187563860159,0.8865057346904847,0.1856906588267953,0.887981791154007,0.1856906588267953,0.8865057346904847,True
311,0,0.5760914466955858,311,C,0.07972187563860159,0.8865057346904847,0.1856906588267953,0.887981791154007,0.1856906588267953,0.8865057346904847,True
312,1,0.4712264101653376,312,C,0.07972187563860159,0.8865057346904847,0.1856906588267953,0.887981791154007,0.1856906588267953,0.8865057346904847,True
313,1,0.5534802411103137,313,C,0.07972187563860159,0.8865057346904847,0.1856906588267953,0.887981791154007,0.1856906588267953,0.8865057346904847,True
314,0,0.37007817714548885,314,C,0.07972187563860159,0.8865057346904847,0.1856906588267953,0.887981791154007,0.1856906588267953,0.8865057346904847,True
315,0,0.5625894995040338,315,C,0.07972187563860159,0.8865057346904847,0.1856906588267953,0.887981791154007,0.1856906588267953,0.8865057346904847,True
316,1,0.7172034969060754,316,C,0.07972187563860159,0.8865057346904847,0.1856906588267953,0.887981791154007,0.1856906588267953,0.8865057346904847,True
317,1,0.6992306920659894,317,C,0.07972187563860159,0.8865057346904847,0.1856906588267953,0.887981791154007,0.1856906588267953,0.8865057346904847,True
318,1,0.2941354017817737,318,C,0.07972187563860159,0.8865057346904847,0.1856906588267953,0.887981791154007,0.1856906588267953,0.8865057346904847,True
319,0,0.8865057346904847,319,C,0.07972187563860159,0.8865057346904847,0.1856906588267953,0.887981791154007,0.1856906588267953,0.8865057346904847,True
320,1,0.6123913569853245,320,C,0.07972187563860159,0.8865057346904847,0.1856906588267953,0.887981791154007,0.1856906588267953,0.8865057346904847,True
321,1,0.5311783994416825,321,C,0.07972187563860159,0.8865057346904847,0.1856906588267953,0.887981791154007,0.1856906588267953,0.8865057346904847,True
322,0,0.36297285233332754,322,C,0.07972187563860159,0.8865057346904847,0.1856906588267953,0.887981791154007,0.1856906588267953,0.8865057346904847,True
323,1,0.5938280884073524,323,C,0.07972187563860159,0.8865057346904847,0.1856906588267953,0.887981791154007,0.1856906588267953,0.8865057346904847,True
324,1,0.5949553376283079,324,C,0.07972187563860159,0.8865057346904847,0.1856906588267953,0.887981791154007,0.1856906588267953,0.8865057346904847,True
325,1,0.6471623292270983,325,C,0.07972187563860159,0.8865057346904847,0.1856906588267953,0.887981791154007,0.1856906588267953,0.8865057346904847,True
326,0,0.3060786989496251,326,C,0.07972187563860159,0.8865057346904847,0.1856906588267953,0.887981791154007,0.1856906588267953,0.8865057346904847,True
327,0,0.23903950205731334,327,C,0.07972187563860159,0.8865057346904847,0.1856906588267953,0.887981791154007,0.1856906588267953,0.8865057346904847,True
328,0,0.37885528101356547,328,C,0.07972187563860159,0.8865057346904847,0.1856906588267953,0.887981791154007,0.1856906588267953,0.8865057346904847,True
329,0,0.3179850095777828,329,C,0.07972187563860159,0.8865057346904847,0.1856906588267953,0.887981791154007,0.1856906588267953,0.8865057346904847,True
330,0,0.7447388784959623,330,C,0.07972187563860159,0.8865057346904847,0.1856906588267953,0.887981791154007,0.1856906588267953,0.8865057346904847,True
331,1,0.5738658906998342,331,C,0.07972187563860159,0.8865057346904847,0.1856906588267953,0.887981791154007,0.1856906588267953,0.8865057346904847,True
332,0,0.3164196393494806,332,C,0.07972187563860159,0.8865057346904847,0.1856906588267953,0.887981791154007,0.1856906588267953,0.8865057346904847,True
333,0,0.492334920673912,333,C,0.07972187563860159,0.8865057346904847,0.1856906588267953,0.887981791154007,0.1856906588267953,0.8865057346904847,True
334,1,0.3225217625904462,334,C,0.07972187563860159,0.8865057346904847,0.1856906588267953,0.887981791154007,0.1856906588267953,0.8865057346904847,True
335,0,0.41992837985969883,335,C,0.07972187563860159,0.8865057346904847,0.1856906588267953,0.887981791154007,0.1856906588267953,0.8865057346904847,True
336,0,0.30005353424091924,336,C,0.07972187563860159,0.8865057346904847,0.1856906588267953,0.887981791154007,0.1856906588267953,0.8865057346904847,True
337,0,0.21793630801160602,337,C,0.07972187563860159,0.8865057346904847,0.1856906588267953,0.887981791154007,0.1856906588267953,0.8865057346904847,True
338,1,0.7483670912358229,338,C,0.07972187563860159,0.8865057346904847,0.1856906588267953,0.887981791154007,0.1856906588267953,0.8865057346904847,True
339,1,0.45613531909507304,339,C,0.07972187563860159,0.8865057346904847,0.1856906588267953,0.887981791154007,0.1856906588267953,0.8865057346904847,True
340,0,0.391962847855743,340,C,0.07972187563860159,0.8865057346904847,0.1856906588267953,0.887981791154007,0.1856906588267953,0.8865057346904847,True
341,1,0.5557229112882326,341,C,0.07972187563860159,0.8865057346904847,0.1856906588267953,0.887981791154007,0.1856906588267953,0.8865057346904847,True
342,1,0.2718382317529479,342,C,0.07972187563860159,0.8865057346904847,0.1856906588267953,0.887981791154007,0.1856906588267953,0.8865057346904847,True
343,0,0.2665200948033284,343,C,0.07972187563860159,0.8865057346904847,0.1856906588267953,0.887981791154007,0.1856906588267953,0.8865057346904847,True
344,0,0.2955441952103105,344,C,0.07972187563860159,0.8865057346904847,0.1856906588267953,0.887981791154007,0.1856906588267953,0.8865057346904847,True
345,0,0.6449053131042058,345,C,0.07972187563860159,0.8865057346904847,0.1856906588267953,0.887981791154007,0.1856906588267953,0.8865057346904847,True
346,1,0.4805405586284693,346,C,0.07972187563860159,0.8865057346904847,0.1856906588267953,0.887981791154007,0.1856906588267953,0.8865057346904847,True
347,1,0.5940181565291233,347,C,0.07972187563860159,0.8865057346904847,0.1856906588267953,0.887981791154007,0.1856906588267953,0.8865057346904847,True
348,0,0.23579901044724866,348,C,0.07972187563860159,0.8865057346904847,0.1856906588267953,0.887981791154007,0.1856906588267953,0.8865057346904847,True
349,0,0.5239913457984002,349,C,0.07972187563860159,0.8865057346904847,0.1856906588267953,0.887981791154007,0.1856906588267953,0.8865057346904847,True
350,1,0.7962240137123586,350,C,0.07972187563860159,0.8865057346904847,0.1856906588267953,0.887981791154007,0.1856906588267953,0.8865057346904847,True
351,1,0.30693031580731367,351,C,0.07972187563860159,0.8865057346904847,0.1856906588267953,0.887981791154007,0.1856906588267953,0.8865057346904847,True
352,1,0.5716325607975411,352,C,0.07972187563860159,0.8865057346904847,0.1856906588267953,0.887981791154007,0.1856906588267953,0.8865057346904847,True
353,1,0.3091544773092921,353,C,0.07972187563860159,0.8865057346904847,0.1856906588267953,0.887981791154007,0.1856906588267953,0.8865057346904847,True
354,0,0.477608216832101,354,C,0.07972187563860159,0.8865057346904847,0.1856906588267953,0.887981791154007,0.1856906588267953,0.8865057346904847,True
355,1,0.7751088662314233,355,C,0.07972187563860159,0.8865057346904847,0.1856906588267953,0.887981791154007,0.1856906588267953,0.8865057346904847,True
356,1,0.29132317688145826,356,C,0.07972187563860159,0.8865057346904847,0.1856906588267953,0.887981791154007,0.1856906588267953,0.8865057346904847,True
357,0,0.33996700316510503,357,C,0.07972187563860159,0.8865057346904847,0.1856906588267953,0.887981791154007,0.1856906588267953,0.8865057346904847,True
358,1,0.627162057393155,358,C,0.07972187563860159,0.8865057346904847,0.1856906588267953,0.887981791154007,0.1856906588267953,0.8865057346904847,True
359,0,0.4539356498834634,359,C,0.07972187563860159,0.8865057346904847,0.1856906588267953,0.887981791154007,0.1856906588267953,0.8865057346904847,True
360,1,0.775601185531106,360,C,0.07972187563860159,0.8865057346904847,0.1856906588267953,0.887981791154007,0.1856906588267953,0.8865057346904847,True
361,0,0.4761886141647463,361,C,0.07972187563860159,0.8865057346904847,0.1856906588267953,0.887981791154007,0.1856906588267953,0.8865057346904847,True
362,1,0.5796732824633108,362,C,0.07972187563860159,0.8865057346904847,0.1856906588267953,0.887981791154007,0.1856906588267953,0.8865057346904847,True
363,1,0.4822989817531627,363,C,0.07972187563860159,0.8865057346904847,0.1856906588267953,0.887981791154007,0.1856906588267953,0.8865057346904847,True
364,0,0.7552224481234352,364,C,0.07972187563860159,0.8865057346904847,0.1856906588267953,0.887981791154007,0.1856906588267953,0.8865057346904847,True
365,1,0.7977513700279916,365,C,0.07972187563860159,0.8865057346904847,0.1856906588267953,0.887981791154007,0.1856906588267953,0.8865057346904847,True
366,0,0.46481133877129316,366,C,0.07972187563860159,0.8865057346904847,0.1856906588267953,0.887981791154007,0.1856906588267953,0.8865057346904847,True
367,0,0.32002510277491464,367,C,0.07972187563860159,0.8865057346904847,0.1856906588267953,0.887981791154007,0.1856906588267953,0.8865057346904847,True
368,1,0.3678222213465032,368,C,0.07972187563860159,0.8865057346904847,0.1856906588267953,0.887981791154007,0.1856906588267953,0.8865057346904847,True
369,0,0.23851262327717368,369,C,0.07972187563860159,0.8865057346904847,0.1856906588267953,0.887981791154007,0.1856906588267953,0.8865057346904847,True
370,0,0.5452936657562666,370,C,0.07972187563860159,0.8865057346904847,0.1856906588267953,0.887981791154007,0.1856906588267953,0.8865057346904847,True
371,0,0.3746141092780111,371,C,0.07972187563860159,0.8865057346904847,0.1856906588267953,0.887981791154007,0.1856906588267953,0.8865057346904847,True
372,0,0.4083012286347874,372,C,0.07972187563860159,0.8865057346904847,0.1856906588267953,0.887981791154007,0.1856906588267953,0.8865057346904847,True
373,1,0.5617604371572948,373,C,0.07972187563860159,0.8865057346904847,0.1856906588267953,0.887981791154007,0.1856906588267953,0.8865057346904847,True
374,0,0.580540439493256,374,C,0.07972187563860159,0.8865057346904847,0.1856906588267953,0.887981791154007,0.1856906588267953,0.8865057346904847,True
375,0,0.48840979560087067,375,C,0.07972187563860159,0.8865057346904847,0.1856906588267953,0.887981791154007,0.1856906588267953,0.8865057346904847,True
376,0,0.1728438321649736,376,C,0.07972187563860159,0.8865057346904847,0.1856906588267953,0.887981791154007,0.1856906588267953,0.8865057346904847,False
377,0,0.5314120812379631,377,C,0.07972187563860159,0.8865057346904847,0.1856906588267953,0.887981791154007,0.1856906588267953,0.8865057346904847,True
378,0,0.5056488395028783,378,C,0.07972187563860159,0.8865057346904847,0.1856906588267953,0.887981791154007,0.1856906588267953,0.8865057346904847,True
379,0,0.26523074502116384,379,C,0.07972187563860159,0.8865057346904847,0.1856906588267953,0.887981791154007,0.1856906588267953,0.8865057346904847,True
380,1,0.6613661884584529,380,C,0.07972187563860159,0.8865057346904847,0.1856906588267953,0.887981791154007,0.1856906588267953,0.8865057346904847,True
381,0,0.49284861776919336,381,C,0.07972187563860159,0.8865057346904847,0.1856906588267953,0.887981791154007,0.1856906588267953,0.8865057346904847,True
382,0,0.6127657845885119,382,C,0.07972187563860159,0.8865057346904847,0.1856906588267953,0.887981791154007,0.1856906588267953,0.8865057346904847,True
383,1,0.5293749986596729,383,C,0.07972187563860159,0.8865057346904847,0.1856906588267953,0.887981791154007,0.1856906588267953,0.8865057346904847,True
384,0,0.4372695496788702,384,C,0.07972187563860159,0.8865057346904847,0.1856906588267953,0.887981791154007,0.1856906588267953,0.8865057346904847,True
385,1,0.8161037770692381,385,C,0.07972187563860159,0.8865057346904847,0.1856906588267953,0.887981791154007,0.1856906588267953,0.8865057346904847,True
386,0,0.42991622218516035,386,C,0.07972187563860159,0.8865057346904847,0.1856906588267953,0.887981791154007,0.1856906588267953,0.8865057346904847,True
387,1,0.4159170733201197,387,C,0.07972187563860159,0.8865057346904847,0.1856906588267953,0.887981791154007,0.1856906588267953,0.8865057346904847,True
388,0,0.8054262812124259,388,C,0.07972187563860159,0.8865057346904847,0.1856906588267953,0.887981791154007,0.1856906588267953,0.8865057346904847,True
389,0,0.251323766734771,389,C,0.07972187563860159,0.8865057346904847,0.1856906588267953,0.887981791154007,0.1856906588267953,0.8865057346904847,True
390,1,0.6642271079333872,390,C,0.07972187563860159,0.8865057346904847,0.1856906588267953,0.887981791154007,0.1856906588267953,0.8865057346904847,True
391,0,0.3602098183140658,391,C,0.07972187563860159,0.8865057346904847,0.1856906588267953,0.887981791154007,0.1856906588267953,0.8865057346904847,True
392,1,0.41715373301843456,392,C,0.07972187563860159,0.8865057346904847,0.1856906588267953,0.887981791154007,0.1856906588267953,0.8865057346904847,True
393,1,0.7122646132274344,393,C,0.07972187563860159,0.8865057346904847,0.1856906588267953,0.887981791154007,0.1856906588267953,0.8865057346904847,True
394,1,0.7803440037353495,394,C,0.07972187563860159,0.8865057346904847,0.1856906588267953,0.887981791154007,0.1856906588267953,0.8865057346904847,True
395,1,0.27032083247051913,395,C,0.07972187563860159,0.8865057346904847,0.1856906588267953,0.887981791154007,0.1856906588267953,0.8865057346904847,True
396,0,0.4172439934917376,396,C,0.07972187563860159,0.8865057346904847,0.1856906588267953,0.887981791154007,0.1856906588267953,0.8865057346904847,True
397,1,0.4098562747385396,397,C,0.07972187563860159,0.8865057346904847,0.1856906588267953,0.887981791154007,0.1856906588267953,0.8865057346904847,True
398,0,0.33911694215729854,398,C,0.07972187563860159,0.8865057346904847,0.1856906588267953,0.887981791154007,0.1856906588267953,0.8865057346904847,True
399,0,0.4860949846728763,399,C,0.07972187563860159,0.8865057346904847,0.1856906588267953,0.887981791154007,0.1856906588267953,0.8865057346904847,True
400,1,0.53729874586652,400,C,0.07972187563860159,0.8865057346904847,0.1856906588267953,0.887981791154007,0.1856906588267953,0.8865057346904847,True
401,1,0.18810302017694167,401,C,0.07972187563860159,0.8865057346904847,0.1856906588267953,0.887981791154007,0.1856906588267953,0.8865057346904847,True
402,1,0.22240299942469366,402,C,0.07972187563860159,0.8865057346904847,0.1856906588267953,0.887981791154007,0.1856906588267953,0.8865057346904847,True
403,1,0.5852313083866127,403,C,0.07972187563860159,0.8865057346904847,0.1856906588267953,0.887981791154007,0.1856906588267953,0.8865057346904847,True
404,0,0.5348099974678008,404,C,0.07972187563860159,0.8865057346904847,0.1856906588267953,0.887981791154007,0.1856906588267953,0.8865057346904847,True
405,0,0.3897482006714214,405,C,0.07972187563860159,0.8865057346904847,0.1856906588267953,0.887981791154007,0.1856906588267953,0.8865057346904847,True
406,1,0.41683653649870045,406,C,0.07972187563860159,0.8865057346904847,0.1856906588267953,0.887981791154007,0.1856906588267953,0.8865057346904847,True
407,1,0.7525221179437634,407,C,0.07972187563860159,0.8865057346904847,0.1856906588267953,0.887981791154007,0.1856906588267953,0.8865057346904847,True
408,0,0.2114865591967552,408,C,0.07972187563860159,0.8865057346904847,0.1856906588267953,0.887981791154007,0.1856906588267953,0.8865057346904847,True
409,1,0.5770734706055096,409,C,0.07972187563860159,0.8865057346904847,0.1856906588267953,0.887981791154007,0.1856906588267953,0.8865057346904847,True
410,1,0.434335426803741,410,C,0.07972187563860159,0.8865057346904847,0.1856906588267953,0.887981791154007,0.1856906588267953,0.8865057346904847,True
411,1,0.7181448787398851,411,C,0.07972187563860159,0.8865057346904847,0.1856906588267953,0.887981791154007,0.1856906588267953,0.8865057346904847,True
412,1,0.6009283863009124,412,C,0.07972187563860159,0.8865057346904847,0.1856906588267953,0.887981791154007,0.1856906588267953,0.8865057346904847,True
413,0,0.41804831464494896,413,C,0.07972187563860159,0.8865057346904847,0.1856906588267953,0.887981791154007,0.1856906588267953,0.8865057346904847,True
414,0,0.3061782748636074,414,C,0.07972187563860159,0.8865057346904847,0.1856906588267953,0.887981791154007,0.1856906588267953,0.8865057346904847,True
415,1,0.2476185270287775,415,C,0.07972187563860159,0.8865057346904847,0.1856906588267953,0.887981791154007,0.1856906588267953,0.8865057346904847,True
416,1,0.4720330038586136,416,C,0.07972187563860159,0.8865057346904847,0.1856906588267953,0.887981791154007,0.1856906588267953,0.8865057346904847,True
417,0,0.5070578878995456,417,C,0.07972187563860159,0.8865057346904847,0.1856906588267953,0.887981791154007,0.1856906588267953,0.8865057346904847,True
418,1,0.5449927819084184,418,C,0.07972187563860159,0.8865057346904847,0.1856906588267953,0.887981791154007,0.1856906588267953,0.8865057346904847,True
419,0,0.573878743566896,419,C,0.07972187563860159,0.8865057346904847,0.1856906588267953,0.887981791154007,0.1856906588267953,0.8865057346904847,True
420,0,0.5094591694616406,420,C,0.07972187563860159,0.8865057346904847,0.1856906588267953,0.887981791154007,0.1856906588267953,0.8865057346904847,True
421,0,0.6370264322919136,421,C,0.07972187563860159,0.8865057346904847,0.1856906588267953,0.887981791154007,0.1856906588267953,0.8865057346904847,True
422,0,0.7467901457579406,422,C,0.07972187563860159,0.8865057346904847,0.1856906588267953,0.887981791154007,0.1856906588267953,0.8865057346904847,True
423,0,0.434790492273167,423,C,0.07972187563860159,0.8865057346904847,0.1856906588267953,0.887981791154007,0.1856906588267953,0.8865057346904847,True
424,1,0.6988677019595473,424,C,0.07972187563860159,0.8865057346904847,0.1856906588267953,0.887981791154007,0.1856906588267953,0.8865057346904847,True
425,1,0.6309507557514513,425,C,0.07972187563860159,0.8865057346904847,0.1856906588267953,0.887981791154007,0.1856906588267953,0.8865057346904847,True
426,0,0.3316750080565493,426,C,0.07972187563860159,0.8865057346904847,0.1856906588267953,0.887981791154007,0.1856906588267953,0.8865057346904847,True
427,0,0.4846890870847002,427,C,0.07972187563860159,0.8865057346904847,0.1856906588267953,0.887981791154007,0.1856906588267953,0.8865057346904847,True
428,1,0.41098004826059686,428,C,0.07972187563860159,0.8865057346904847,0.1856906588267953,0.887981791154007,0.1856906588267953,0.8865057346904847,True
429,0,0.3261824725595019,429,C,0.07972187563860159,0.8865057346904847,0.1856906588267953,0.887981791154007,0.1856906588267953,0.8865057346904847,True
430,1,0.6697167890686386,430,C,0.07972187563860159,0.8865057346904847,0.1856906588267953,0.887981791154007,0.1856906588267953,0.8865057346904847,True
431,1,0.41015751727901906,431,C,0.07972187563860159,0.8865057346904847,0.1856906588267953,0.887981791154007,0.1856906588267953,0.8865057346904847,True
432,1,0.531374905364366,432,C,0.07972187563860159,0.8865057346904847,0.1856906588267953,0.887981791154007,0.1856906588267953,0.8865057346904847,True
433,0,0.6093484937712168,433,C,0.07972187563860159,0.8865057346904847,0.1856906588267953,0.887981791154007,0.1856906588267953,0.8865057346904847,True
434,0,0.32138959462351324,434,C,0.07972187563860159,0.8865057346904847,0.1856906588267953,0.887981791154007,0.1856906588267953,0.8865057346904847,True
435,0,0.8469113246764242,435,C,0.07972187563860159,0.8865057346904847,0.1856906588267953,0.887981791154007,0.1856906588267953,0.8865057346904847,True
436,1,0.5075939181449505,436,C,0.07972187563860159,0.8865057346904847,0.1856906588267953,0.887981791154007,0.1856906588267953,0.8865057346904847,True
437,1,0.5546558243992169,437,C,0.07972187563860159,0.8865057346904847,0.1856906588267953,0.887981791154007,0.1856906588267953,0.8865057346904847,True
438,0,0.6567038180079702,438,C,0.07972187563860159,0.8865057346904847,0.1856906588267953,0.887981791154007,0.1856906588267953,0.8865057346904847,True
439,0,0.40418825615844267,439,C,0.07972187563860159,0.8865057346904847,0.1856906588267953,0.887981791154007,0.1856906588267953,0.8865057346904847,True
440,0,0.28251950258208275,440,C,0.07972187563860159,0.8865057346904847,0.1856906588267953,0.887981791154007,0.1856906588267953,0.8865057346904847,True
441,1,0.6864175198918661,441,C,0.07972187563860159,0.8865057346904847,0.1856906588267953,0.887981791154007,0.1856906588267953,0.8865057346904847,True
442,1,0.5417980215203455,442,C,0.07972187563860159,0.8865057346904847,0.1856906588267953,0.887981791154007,0.1856906588267953,0.8865057346904847,True
443,1,0.5512174134715122,443,C,0.07972187563860159,0.8865057346904847,0.1856906588267953,0.887981791154007,0.1856906588267953,0.8865057346904847,True
444,1,0.5943825559861966,444,C,0.07972187563860159,0.8865057346904847,0.1856906588267953,0.887981791154007,0.1856906588267953,0.8865057346904847,True
445,0,0.4861522197517231,445,C,0.07972187563860159,0.8865057346904847,0.1856906588267953,0.887981791154007,0.1856906588267953,0.8865057346904847,True
446,0,0.2615854135575523,446,C,0.07972187563860159,0.8865057346904847,0.1856906588267953,0.887981791154007,0.1856906588267953,0.8865057346904847,True
447,1,0.8246706260392326,447,C,0.07972187563860159,0.8865057346904847,0.1856906588267953,0.887981791154007,0.1856906588267953,0.8865057346904847,True
448,0,0.6278749431892855,448,C,0.07972187563860159,0.8865057346904847,0.1856906588267953,0.887981791154007,0.1856906588267953,0.8865057346904847,True
449,0,0.2945081149955361,449,C,0.07972187563860159,0.8865057346904847,0.1856906588267953,0.887981791154007,0.1856906588267953,0.8865057346904847,True
450,0,0.45171479656222707,450,C,0.07972187563860159,0.8865057346904847,0.1856906588267953,0.887981791154007,0.1856906588267953,0.8865057346904847,True
451,0,0.5852750186340273,451,C,0.07972187563860159,0.8865057346904847,0.1856906588267953,0.887981791154007,0.1856906588267953,0.8865057346904847,True
452,0,0.31007792441481263,452,C,0.07972187563860159,0.8865057346904847,0.1856906588267953,0.887981791154007,0.1856906588267953,0.8865057346904847,True
453,1,0.5372030392497368,453,C,0.07972187563860159,0.8865057346904847,0.1856906588267953,0.887981791154007,0.1856906588267953,0.8865057346904847,True
454,0,0.4356370688000686,454,C,0.07972187563860159,0.8865057346904847,0.1856906588267953,0.887981791154007,0.1856906588267953,0.8865057346904847,True
455,1,0.6847392913748982,455,C,0.07972187563860159,0.8865057346904847,0.1856906588267953,0.887981791154007,0.1856906588267953,0.8865057346904847,True
456,1,0.7356259960628162,456,C,0.07972187563860159,0.8865057346904847,0.1856906588267953,0.887981791154007,0.1856906588267953,0.8865057346904847,True
457,1,0.8026018754888853,457,C,0.07972187563860159,0.8865057346904847,0.1856906588267953,0.887981791154007,0.1856906588267953,0.8865057346904847,True
458,1,0.630781902007618,458,C,0.07972187563860159,0.8865057346904847,0.1856906588267953,0.887981791154007,0.1856906588267953,0.8865057346904847,True
459,0,0.3223258601995504,459,C,0.07972187563860159,0.8865057346904847,0.1856906588267953,0.887981791154007,0.1856906588267953,0.8865057346904847,True
460,0,0.2950592116516014,460,C,0.07972187563860159,0.8865057346904847,0.1856906588267953,0.887981791154007,0.1856906588267953,0.8865057346904847,True
461,0,0.6470996004339683,461,C,0.07972187563860159,0.8865057346904847,0.1856906588267953,0.887981791154007,0.1856906588267953,0.8865057346904847,True
462,1,0.4806449095230307,462,C,0.07972187563860159,0.8865057346904847,0.1856906588267953,0.887981791154007,0.1856906588267953,0.8865057346904847,True
463,0,0.28589080879154705,463,C,0.07972187563860159,0.8865057346904847,0.1856906588267953,0.887981791154007,0.1856906588267953,0.8865057346904847,True
464,1,0.488948409431622,464,C,0.07972187563860159,0.8865057346904847,0.1856906588267953,0.887981791154007,0.1856906588267953,0.8865057346904847,True
465,0,0.4758544510747919,465,C,0.07972187563860159,0.8865057346904847,0.1856906588267953,0.887981791154007,0.1856906588267953,0.8865057346904847,True
466,1,0.5601136617300257,466,C,0.07972187563860159,0.8865057346904847,0.1856906588267953,0.887981791154007,0.1856906588267953,0.8865057346904847,True
467,0,0.5516719512919482,467,C,0.07972187563860159,0.8865057346904847,0.1856906588267953,0.887981791154007,0.1856906588267953,0.8865057346904847,True
468,0,0.6261561586988199,468,C,0.07972187563860159,0.8865057346904847,0.1856906588267953,0.887981791154007,0.1856906588267953,0.8865057346904847,True
469,0,0.35038498331173495,469,C,0.07972187563860159,0.8865057346904847,0.1856906588267953,0.887981791154007,0.1856906588267953,0.8865057346904847,True
470,1,0.76052243873942,470,C,0.07972187563860159,0.8865057346904847,0.1856906588267953,0.887981791154007,0.1856906588267953,0.8865057346904847,True
471,1,0.6112220516132753,471,C,0.07972187563860159,0.8865057346904847,0.1856906588267953,0.887981791154007,0.1856906588267953,0.8865057346904847,True
472,1,0.5268761050293443,472,C,0.07972187563860159,0.8865057346904847,0.1856906588267953,0.887981791154007,0.1856906588267953,0.8865057346904847,True
473,1,0.5326859262258998,473,C,0.07972187563860159,0.8865057346904847,0.1856906588267953,0.887981791154007,0.1856906588267953,0.8865057346904847,True
474,0,0.3070150034903498,474,C,0.07972187563860159,0.8865057346904847,0.1856906588267953,0.887981791154007,0.1856906588267953,0.8865057346904847,True
475,0,0.44008655490465004,475,C,0.07972187563860159,0.8865057346904847,0.1856906588267953,0.887981791154007,0.1856906588267953,0.8865057346904847,True
476,0,0.4272698998453688,476,C,0.07972187563860159,0.8865057346904847,0.1856906588267953,0.887981791154007,0.1856906588267953,0.8865057346904847,True
477,0,0.29753493411779447,477,C,0.07972187563860159,0.8865057346904847,0.1856906588267953,0.887981791154007,0.1856906588267953,0.8865057346904847,True
478,0,0.5508842004147777,478,C,0.07972187563860159,0.8865057346904847,0.1856906588267953,0.887981791154007,0.1856906588267953,0.8865057346904847,True
479,0,0.7324221292990719,479,C,0.07972187563860159,0.8865057346904847,0.1856906588267953,0.887981791154007,0.1856906588267953,0.8865057346904847,True
480,1,0.4721494901805263,480,C,0.07972187563860159,0.8865057346904847,0.1856906588267953,0.887981791154007,0.1856906588267953,0.8865057346904847,True
481,1,0.7379374018973693,481,C,0.07972187563860159,0.8865057346904847,0.1856906588267953,0.887981791154007,0.1856906588267953,0.8865057346904847,True
482,0,0.3435026027396804,482,C,0.07972187563860159,0.8865057346904847,0.1856906588267953,0.887981791154007,0.1856906588267953,0.8865057346904847,True
483,0,0.33743902824202415,483,C,0.07972187563860159,0.8865057346904847,0.1856906588267953,0.887981791154007,0.1856906588267953,0.8865057346904847,True
484,0,0.359019567977529,484,C,0.07972187563860159,0.8865057346904847,0.1856906588267953,0.887981791154007,0.1856906588267953,0.8865057346904847,True
485,0,0.3794789597944079,485,C,0.07972187563860159,0.8865057346904847,0.1856906588267953,0.887981791154007,0.1856906588267953,0.8865057346904847,True
486,0,0.6733849825605933,486,C,0.07972187563860159,0.8865057346904847,0.1856906588267953,0.887981791154007,0.1856906588267953,0.8865057346904847,True
487,1,0.6341466592943054,487,C,0.07972187563860159,0.8865057346904847,0.1856906588267953,0.887981791154007,0.1856906588267953,0.8865057346904847,True
488,0,0.42430343396592246,488,C,0.07972187563860159,0.8865057346904847,0.1856906588267953,0.887981791154007,0.1856906588267953,0.8865057346904847,True
489,1,0.5855995276340556,489,C,0.07972187563860159,0.8865057346904847,0.1856906588267953,0.887981791154007,0.1856906588267953,0.8865057346904847,True
490,0,0.4144836481346359,490,C,0.07972187563860159,0.8865057346904847,0.1856906588267953,0.887981791154007,0.1856906588267953,0.8865057346904847,True
491,0,0.13535843897645264,491,C,0.07972187563860159,0.8865057346904847,0.1856906588267953,0.887981791154007,0.1856906588267953,0.8865057346904847,False
492,1,0.7538671402145917,492,C,0.07972187563860159,0.8865057346904847,0.1856906588267953,0.887981791154007,0.1856906588267953,0.8865057346904847,True
493,1,0.7220619194845797,493,C,0.07972187563860159,0.8865057346904847,0.1856906588267953,0.887981791154007,0.1856906588267953,0.8865057346904847,True
494,0,0.4788852648344196,494,C,0.07972187563860159,0.8865057346904847,0.1856906588267953,0.887981791154007,0.1856906588267953,0.8865057346904847,True
495,0,0.3813302815482688,495,C,0.07972187563860159,0.8865057346904847,0.1856906588267953,0.887981791154007,0.1856906588267953,0.8865057346904847,True
496,0,0.5118653390931268,496,C,0.07972187563860159,0.8865057346904847,0.1856906588267953,0.887981791154007,0.1856906588267953,0.8865057346904847,True
497,1,0.27639246040487403,497,C,0.07972187563860159,0.8865057346904847,0.1856906588267953,0.887981791154007,0.1856906588267953,0.8865057346904847,True
498,1,0.6268672676982356,498,C,0.07972187563860159,0.8865057346904847,0.1856906588267953,0.887981791154007,0.1856906588267953,0.8865057346904847,True
499,0,0.47652586869492497,499,C,0.07972187563860159,0.8865057346904847,0.1856906588267953,0.887981791154007,0.1856906588267953,0.8865057346904847,True
500,0,0.6464162269121123,500,C,0.07972187563860159,0.8865057346904847,0.1856906588267953,0.887981791154007,0.1856906588267953,0.8865057346904847,True
501,0,0.383748020066792,501,C,0.07972187563860159,0.8865057346904847,0.1856906588267953,0.887981791154007,0.1856906588267953,0.8865057346904847,True
502,0,0.4426291921914335,502,C,0.07972187563860159,0.8865057346904847,0.1856906588267953,0.887981791154007,0.1856906588267953,0.8865057346904847,True
503,0,0.4922838983524806,503,C,0.07972187563860159,0.8865057346904847,0.1856906588267953,0.887981791154007,0.1856906588267953,0.8865057346904847,True
504,1,0.7121950960636132,504,C,0.07972187563860159,0.8865057346904847,0.1856906588267953,0.887981791154007,0.1856906588267953,0.8865057346904847,True
505,1,0.4708730416226673,505,C,0.07972187563860159,0.8865057346904847,0.1856906588267953,0.887981791154007,0.1856906588267953,0.8865057346904847,True
506,0,0.5454205462091466,506,C,0.07972187563860159,0.8865057346904847,0.1856906588267953,0.887981791154007,0.1856906588267953,0.8865057346904847,True
507,1,0.6514546351442686,507,C,0.07972187563860159,0.8865057346904847,0.1856906588267953,0.887981791154007,0.1856906588267953,0.8865057346904847,True
508,0,0.16446577837717033,508,C,0.07972187563860159,0.8865057346904847,0.1856906588267953,0.887981791154007,0.1856906588267953,0.8865057346904847,False
509,0,0.4583237663440373,509,C,0.07972187563860159,0.8865057346904847,0.1856906588267953,0.887981791154007,0.1856906588267953,0.8865057346904847,True
510,0,0.4052617701618194,510,C,0.07972187563860159,0.8865057346904847,0.1856906588267953,0.887981791154007,0.1856906588267953,0.8865057346904847,True
511,1,0.658922087945533,511,C,0.07972187563860159,0.8865057346904847,0.1856906588267953,0.887981791154007,0.1856906588267953,0.8865057346904847,True
512,1,0.5353816739423373,512,C,0.07972187563860159,0.8865057346904847,0.1856906588267953,0.887981791154007,0.1856906588267953,0.8865057346904847,True
513,1,0.43317804958952405,513,C,0.07972187563860159,0.8865057346904847,0.1856906588267953,0.887981791154007,0.1856906588267953,0.8865057346904847,True
514,0,0.5483414302166852,514,C,0.07972187563860159,0.8865057346904847,0.1856906588267953,0.887981791154007,0.1856906588267953,0.8865057346904847,True
515,1,0.5823699798478583,515,C,0.07972187563860159,0.8865057346904847,0.1856906588267953,0.887981791154007,0.1856906588267953,0.8865057346904847,True
516,0,0.2205872830187323,516,C,0.07972187563860159,0.8865057346904847,0.1856906588267953,0.887981791154007,0.1856906588267953,0.8865057346904847,True
517,1,0.5140595575966365,517,C,0.07972187563860159,0.8865057346904847,0.1856906588267953,0.887981791154007,0.1856906588267953,0.8865057346904847,True
518,0,0.7540983941532551,518,C,0.07972187563860159,0.8865057346904847,0.1856906588267953,0.887981791154007,0.1856906588267953,0.8865057346904847,True
519,1,0.5710604131262338,519,C,0.07972187563860159,0.8865057346904847,0.1856906588267953,0.887981791154007,0.1856906588267953,0.8865057346904847,True
520,0,0.5889476586199262,520,C,0.07972187563860159,0.8865057346904847,0.1856906588267953,0.887981791154007,0.1856906588267953,0.8865057346904847,True
521,0,0.4924122510628913,521,C,0.07972187563860159,0.8865057346904847,0.1856906588267953,0.887981791154007,0.1856906588267953,0.8865057346904847,True
522,1,0.48998527493044713,522,C,0.07972187563860159,0.8865057346904847,0.1856906588267953,0.887981791154007,0.1856906588267953,0.8865057346904847,True
523,1,0.5447073526762718,523,C,0.07972187563860159,0.8865057346904847,0.1856906588267953,0.887981791154007,0.1856906588267953,0.8865057346904847,True
524,0,0.6362032390801449,524,C,0.07972187563860159,0.8865057346904847,0.1856906588267953,0.887981791154007,0.1856906588267953,0.8865057346904847,True
525,1,0.3820656277702858,525,C,0.07972187563860159,0.8865057346904847,0.1856906588267953,0.887981791154007,0.1856906588267953,0.8865057346904847,True
526,0,0.6954567821331294,526,C,0.07972187563860159,0.8865057346904847,0.1856906588267953,0.887981791154007,0.1856906588267953,0.8865057346904847,True
527,1,0.5899977762968663,527,C,0.07972187563860159,0.8865057346904847,0.1856906588267953,0.887981791154007,0.1856906588267953,0.8865057346904847,True
528,0,0.7812505244721687,528,C,0.07972187563860159,0.8865057346904847,0.1856906588267953,0.887981791154007,0.1856906588267953,0.8865057346904847,True
529,1,0.5971661272451965,529,C,0.07972187563860159,0.8865057346904847,0.1856906588267953,0.887981791154007,0.1856906588267953,0.8865057346904847,True
530,0,0.3601684967680925,530,C,0.07972187563860159,0.8865057346904847,0.1856906588267953,0.887981791154007,0.1856906588267953,0.8865057346904847,True
531,0,0.621284546174937,531,C,0.07972187563860159,0.8865057346904847,0.1856906588267953,0.887981791154007,0.1856906588267953,0.8865057346904847,True
532,0,0.40158706064120864,532,C,0.07972187563860159,0.8865057346904847,0.1856906588267953,0.887981791154007,0.1856906588267953,0.8865057346904847,True
533,0,0.3732015182223481,533,C,0.07972187563860159,0.8865057346904847,0.1856906588267953,0.887981791154007,0.1856906588267953,0.8865057346904847,True
534,1,0.5222037121352449,534,C,0.07972187563860159,0.8865057346904847,0.1856906588267953,0.887981791154007,0.1856906588267953,0.8865057346904847,True
535,0,0.3533276753447407,535,C,0.07972187563860159,0.8865057346904847,0.1856906588267953,0.887981791154007,0.1856906588267953,0.8865057346904847,True
536,1,0.7137210169066117,536,C,0.07972187563860159,0.8865057346904847,0.1856906588267953,0.887981791154007,0.1856906588267953,0.8865057346904847,True
537,1,0.5536502737574386,537,C,0.07972187563860159,0.8865057346904847,0.1856906588267953,0.887981791154007,0.1856906588267953,0.8865057346904847,True
538,0,0.4292798839500613,538,C,0.07972187563860159,0.8865057346904847,0.1856906588267953,0.887981791154007,0.1856906588267953,0.8865057346904847,True
539,0,0.6850147334414675,539,C,0.07972187563860159,0.8865057346904847,0.1856906588267953,0.887981791154007,0.1856906588267953,0.8865057346904847,True
540,1,0.36685146612560915,540,C,0.07972187563860159,0.8865057346904847,0.1856906588267953,0.887981791154007,0.1856906588267953,0.8865057346904847,True
541,1,0.6283951595966647,541,C,0.07972187563860159,0.8865057346904847,0.1856906588267953,0.887981791154007,0.1856906588267953,0.8865057346904847,True
542,1,0.6927398319200856,542,C,0.07972187563860159,0.8865057346904847,0.1856906588267953,0.887981791154007,0.1856906588267953,0.8865057346904847,True
543,1,0.33426093807194945,543,C,0.07972187563860159,0.8865057346904847,0.1856906588267953,0.887981791154007,0.1856906588267953,0.8865057346904847,True
544,0,0.6427856348524621,544,C,0.07972187563860159,0.8865057346904847,0.1856906588267953,0.887981791154007,0.1856906588267953,0.8865057346904847,True
545,1,0.4563833306892776,545,C,0.07972187563860159,0.8865057346904847,0.1856906588267953,0.887981791154007,0.1856906588267953,0.8865057346904847,True
546,1,0.4273671710026776,546,C,0.07972187563860159,0.8865057346904847,0.1856906588267953,0.887981791154007,0.1856906588267953,0.8865057346904847,True
547,1,0.26255480102251794,547,C,0.07972187563860159,0.8865057346904847,0.1856906588267953,0.887981791154007,0.1856906588267953,0.8865057346904847,True
548,1,0.6343399532996516,548,C,0.07972187563860159,0.8865057346904847,0.1856906588267953,0.887981791154007,0.1856906588267953,0.8865057346904847,True
549,0,0.5145101919052539,549,C,0.07972187563860159,0.8865057346904847,0.1856906588267953,0.887981791154007,0.1856906588267953,0.8865057346904847,True
550,1,0.7099028896122017,550,C,0.07972187563860159,0.8865057346904847,0.1856906588267953,0.887981791154007,0.1856906588267953,0.8865057346904847,True
551,1,0.4328960341570072,551,C,0.07972187563860159,0.8865057346904847,0.1856906588267953,0.887981791154007,0.1856906588267953,0.8865057346904847,True
552,0,0.5705156783275074,552,C,0.07972187563860159,0.8865057346904847,0.1856906588267953,0.887981791154007,0.1856906588267953,0.8865057346904847,True
553,1,0.5761781765498155,553,C,0.07972187563860159,0.8865057346904847,0.1856906588267953,0.887981791154007,0.1856906588267953,0.8865057346904847,True
554,0,0.4992044426856138,554,C,0.07972187563860159,0.8865057346904847,0.1856906588267953,0.887981791154007,0.1856906588267953,0.8865057346904847,True
555,1,0.7269781118564986,555,C,0.07972187563860159,0.8865057346904847,0.1856906588267953,0.887981791154007,0.1856906588267953,0.8865057346904847,True
556,0,0.6179650181109635,556,C,0.07972187563860159,0.8865057346904847,0.1856906588267953,0.887981791154007,0.1856906588267953,0.8865057346904847,True
557,1,0.4060104000915323,557,C,0.07972187563860159,0.8865057346904847,0.1856906588267953,0.887981791154007,0.1856906588267953,0.8865057346904847,True
558,1,0.5756116492846481,558,C,0.07972187563860159,0.8865057346904847,0.1856906588267953,0.887981791154007,0.1856906588267953,0.8865057346904847,True
559,0,0.6225660424887164,559,C,0.07972187563860159,0.8865057346904847,0.1856906588267953,0.887981791154007,0.1856906588267953,0.8865057346904847,True
560,0,0.3275603456656305,560,C,0.07972187563860159,0.8865057346904847,0.1856906588267953,0.887981791154007,0.1856906588267953,0.8865057346904847,True
561,0,0.4225061961960907,561,C,0.07972187563860159,0.8865057346904847,0.1856906588267953,0.887981791154007,0.1856906588267953,0.8865057346904847,True
562,1,0.5947250064439237,562,C,0.07972187563860159,0.8865057346904847,0.1856906588267953,0.887981791154007,0.1856906588267953,0.8865057346904847,True
563,0,0.34634882906370257,563,C,0.07972187563860159,0.8865057346904847,0.1856906588267953,0.887981791154007,0.1856906588267953,0.8865057346904847,True
564,1,0.7962645613835665,564,C,0.07972187563860159,0.8865057346904847,0.1856906588267953,0.887981791154007,0.1856906588267953,0.8865057346904847,True
565,1,0.513091309122292,565,C,0.07972187563860159,0.8865057346904847,0.1856906588267953,0.887981791154007,0.1856906588267953,0.8865057346904847,True
566,1,0.5986307054332654,566,C,0.07972187563860159,0.8865057346904847,0.1856906588267953,0.887981791154007,0.1856906588267953,0.8865057346904847,True
567,1,0.6197679192580193,567,C,0.07972187563860159,0.8865057346904847,0.1856906588267953,0.887981791154007,0.1856906588267953,0.8865057346904847,True
568,1,0.7781809478492406,568,C,0.07972187563860159,0.8865057346904847,0.1856906588267953,0.887981791154007,0.1856906588267953,0.8865057346904847,True
569,0,0.39391519209829323,569,C,0.07972187563860159,0.8865057346904847,0.1856906588267953,0.887981791154007,0.1856906588267953,0.8865057346904847,True
570,1,0.3064590516825319,570,C,0.07972187563860159,0.8865057346904847,0.1856906588267953,0.887981791154007,0.1856906588267953,0.8865057346904847,True
571,0,0.36661894197799777,571,C,0.07972187563860159,0.8865057346904847,0.1856906588267953,0.887981791154007,0.1856906588267953,0.8865057346904847,True
572,1,0.7505310761906243,572,C,0.07972187563860159,0.8865057346904847,0.1856906588267953,0.887981791154007,0.1856906588267953,0.8865057346904847,True
573,0,0.2594622042858641,573,C,0.07972187563860159,0.8865057346904847,0.1856906588267953,0.887981791154007,0.1856906588267953,0.8865057346904847,True
574,1,0.19846881540480976,574,C,0.07972187563860159,0.8865057346904847,0.1856906588267953,0.887981791154007,0.1856906588267953,0.8865057346904847,True
575,1,0.4354254685036921,575,C,0.07972187563860159,0.8865057346904847,0.1856906588267953,0.887981791154007,0.1856906588267953,0.8865057346904847,True
576,0,0.4275055306502442,576,C,0.07972187563860159,0.8865057346904847,0.1856906588267953,0.887981791154007,0.1856906588267953,0.8865057346904847,True
577,1,0.7841324167033333,577,C,0.07972187563860159,0.8865057346904847,0.1856906588267953,0.887981791154007,0.1856906588267953,0.8865057346904847,True
578,1,0.5341442126943686,578,C,0.07972187563860159,0.8865057346904847,0.1856906588267953,0.887981791154007,0.1856906588267953,0.8865057346904847,True
579,1,0.48514381653751104,579,C,0.07972187563860159,0.8865057346904847,0.1856906588267953,0.887981791154007,0.1856906588267953,0.8865057346904847,True
580,1,0.5516604564578943,580,C,0.07972187563860159,0.8865057346904847,0.1856906588267953,0.887981791154007,0.1856906588267953,0.8865057346904847,True
581,1,0.7275484365095475,581,C,0.07972187563860159,0.8865057346904847,0.1856906588267953,0.887981791154007,0.1856906588267953,0.8865057346904847,True
582,1,0.5815359372210182,582,C,0.07972187563860159,0.8865057346904847,0.1856906588267953,0.887981791154007,0.1856906588267953,0.8865057346904847,True
583,1,0.77593063397149,583,C,0.07972187563860159,0.8865057346904847,0.1856906588267953,0.887981791154007,0.1856906588267953,0.8865057346904847,True
584,0,0.3524354321658784,584,C,0.07972187563860159,0.8865057346904847,0.1856906588267953,0.887981791154007,0.1856906588267953,0.8865057346904847,True
585,1,0.4201801391145484,585,C,0.07972187563860159,0.8865057346904847,0.1856906588267953,0.887981791154007,0.1856906588267953,0.8865057346904847,True
586,1,0.48905930586437585,586,C,0.07972187563860159,0.8865057346904847,0.1856906588267953,0.887981791154007,0.1856906588267953,0.8865057346904847,True
587,1,0.5669064406746657,587,C,0.07972187563860159,0.8865057346904847,0.1856906588267953,0.887981791154007,0.1856906588267953,0.8865057346904847,True
588,0,0.3090272972522287,588,C,0.07972187563860159,0.8865057346904847,0.1856906588267953,0.887981791154007,0.1856906588267953,0.8865057346904847,True
589,0,0.3995746838983102,589,C,0.07972187563860159,0.8865057346904847,0.1856906588267953,0.887981791154007,0.1856906588267953,0.8865057346904847,True
590,0,0.5720361573175899,590,C,0.07972187563860159,0.8865057346904847,0.1856906588267953,0.887981791154007,0.1856906588267953,0.8865057346904847,True
591,0,0.49031243958741044,591,C,0.07972187563860159,0.8865057346904847,0.1856906588267953,0.887981791154007,0.1856906588267953,0.8865057346904847,True
592,0,0.370410350546451,592,C,0.07972187563860159,0.8865057346904847,0.1856906588267953,0.887981791154007,0.1856906588267953,0.8865057346904847,True
593,1,0.5079352703396227,593,C,0.07972187563860159,0.8865057346904847,0.1856906588267953,0.887981791154007,0.1856906588267953,0.8865057346904847,True
594,0,0.7626970459361399,594,C,0.07972187563860159,0.8865057346904847,0.1856906588267953,0.887981791154007,0.1856906588267953,0.8865057346904847,True
595,0,0.32214455514004875,595,C,0.07972187563860159,0.8865057346904847,0.1856906588267953,0.887981791154007,0.1856906588267953,0.8865057346904847,True
596,1,0.6684393463801411,596,C,0.07972187563860159,0.8865057346904847,0.1856906588267953,0.887981791154007,0.1856906588267953,0.8865057346904847,True
597,1,0.5715233598395302,597,C,0.07972187563860159,0.8865057346904847,0.1856906588267953,0.887981791154007,0.1856906588267953,0.8865057346904847,True
598,0,0.5369035409311003,598,C,0.07972187563860159,0.8865057346904847,0.1856906588267953,0.887981791154007,0.1856906588267953,0.8865057346904847,True
599,0,0.2314013098432605,599,C,0.07972187563860159,0.8865057346904847,0.1856906588267953,0.887981791154007,0.1856906588267953,0.8865057346904847,True
600,1,0.547131318362737,600,C,0.07972187563860159,0.8865057346904847,0.1856906588267953,0.887981791154007,0.1856906588267953,0.8865057346904847,True
601,1,0.48347563862434234,601,C,0.07972187563860159,0.8865057346904847,0.1856906588267953,0.887981791154007,0.1856906588267953,0.8865057346904847,True
602,1,0.7707320119374915,602,C,0.07972187563860159,0.8865057346904847,0.1856906588267953,0.887981791154007,0.1856906588267953,0.8865057346904847,True
603,0,0.5353665610160713,603,C,0.07972187563860159,0.8865057346904847,0.1856906588267953,0.887981791154007,0.1856906588267953,0.8865057346904847,True
604,0,0.39922145732777586,604,C,0.07972187563860159,0.8865057346904847,0.1856906588267953,0.887981791154007,0.1856906588267953,0.8865057346904847,True
605,0,0.44480432517476765,605,C,0.07972187563860159,0.8865057346904847,0.1856906588267953,0.887981791154007,0.1856906588267953,0.8865057346904847,True
606,1,0.569731034477843,606,C,0.07972187563860159,0.8865057346904847,0.1856906588267953,0.887981791154007,0.1856906588267953,0.8865057346904847,True
607,1,0.7634743356784791,607,C,0.07972187563860159,0.8865057346904847,0.1856906588267953,0.887981791154007,0.1856906588267953,0.8865057346904847,True
608,0,0.3718067177529822,608,C,0.07972187563860159,0.8865057346904847,0.1856906588267953,0.887981791154007,0.1856906588267953,0.8865057346904847,True
609,1,0.49227677925210184,609,C,0.07972187563860159,0.8865057346904847,0.1856906588267953,0.887981791154007,0.1856906588267953,0.8865057346904847,True
610,0,0.5361870045555989,610,C,0.07972187563860159,0.8865057346904847,0.1856906588267953,0.887981791154007,0.1856906588267953,0.8865057346904847,True
611,0,0.201392174781061,611,C,0.07972187563860159,0.8865057346904847,0.1856906588267953,0.887981791154007,0.1856906588267953,0.8865057346904847,True
612,0,0.6179203337112038,612,C,0.07972187563860159,0.8865057346904847,0.1856906588267953,0.887981791154007,0.1856906588267953,0.8865057346904847,True
613,0,0.4734467125461596,613,C,0.07972187563860159,0.8865057346904847,0.1856906588267953,0.887981791154007,0.1856906588267953,0.8865057346904847,True
614,1,0.3134252911586218,614,C,0.07972187563860159,0.8865057346904847,0.1856906588267953,0.887981791154007,0.1856906588267953,0.8865057346904847,True
615,1,0.560282717943986,615,C,0.07972187563860159,0.8865057346904847,0.1856906588267953,0.887981791154007,0.1856906588267953,0.8865057346904847,True
616,0,0.25489082219906917,616,C,0.07972187563860159,0.8865057346904847,0.1856906588267953,0.887981791154007,0.1856906588267953,0.8865057346904847,True
617,1,0.6312897736777905,617,C,0.07972187563860159,0.8865057346904847,0.1856906588267953,0.887981791154007,0.1856906588267953,0.8865057346904847,True
618,0,0.8014888011800161,618,C,0.07972187563860159,0.8865057346904847,0.1856906588267953,0.887981791154007,0.1856906588267953,0.8865057346904847,True
619,0,0.7247280761532059,619,C,0.07972187563860159,0.8865057346904847,0.1856906588267953,0.887981791154007,0.1856906588267953,0.8865057346904847,True
620,1,0.548780653104302,620,C,0.07972187563860159,0.8865057346904847,0.1856906588267953,0.887981791154007,0.1856906588267953,0.8865057346904847,True
621,1,0.40084128351950554,621,C,0.07972187563860159,0.8865057346904847,0.1856906588267953,0.887981791154007,0.1856906588267953,0.8865057346904847,True
622,1,0.6942676209784496,622,C,0.07972187563860159,0.8865057346904847,0.1856906588267953,0.887981791154007,0.1856906588267953,0.8865057346904847,True
623,0,0.34253375431353855,623,C,0.07972187563860159,0.8865057346904847,0.1856906588267953,0.887981791154007,0.1856906588267953,0.8865057346904847,True
624,0,0.2781330293638994,624,C,0.07972187563860159,0.8865057346904847,0.1856906588267953,0.887981791154007,0.1856906588267953,0.8865057346904847,True
625,0,0.6536624950470052,625,C,0.07972187563860159,0.8865057346904847,0.1856906588267953,0.887981791154007,0.1856906588267953,0.8865057346904847,True
626,1,0.6921938834313448,626,C,0.07972187563860159,0.8865057346904847,0.1856906588267953,0.887981791154007,0.1856906588267953,0.8865057346904847,True
627,1,0.3088316702534292,627,C,0.07972187563860159,0.8865057346904847,0.1856906588267953,0.887981791154007,0.1856906588267953,0.8865057346904847,True
628,0,0.39531071593359673,628,C,0.07972187563860159,0.8865057346904847,0.1856906588267953,0.887981791154007,0.1856906588267953,0.8865057346904847,True
629,0,0.539593089907054,629,C,0.07972187563860159,0.8865057346904847,0.1856906588267953,0.887981791154007,0.1856906588267953,0.8865057346904847,True
630,1,0.5299470382231442,630,C,0.07972187563860159,0.8865057346904847,0.1856906588267953,0.887981791154007,0.1856906588267953,0.8865057346904847,True
631,1,0.5718800833915348,631,C,0.07972187563860159,0.8865057346904847,0.1856906588267953,0.887981791154007,0.1856906588267953,0.8865057346904847,True
632,1,0.2954078092250659,632,C,0.07972187563860159,0.8865057346904847,0.1856906588267953,0.887981791154007,0.1856906588267953,0.8865057346904847,True
633,1,0.845720749862308,633,C,0.07972187563860159,0.8865057346904847,0.1856906588267953,0.887981791154007,0.1856906588267953,0.8865057346904847,True
634,1,0.3551192646520783,634,C,0.07972187563860159,0.8865057346904847,0.1856906588267953,0.887981791154007,0.1856906588267953,0.8865057346904847,True
635,0,0.689187697306086,635,C,0.07972187563860159,0.8865057346904847,0.1856906588267953,0.887981791154007,0.1856906588267953,0.8865057346904847,True
636,1,0.4287132845995289,636,C,0.07972187563860159,0.8865057346904847,0.1856906588267953,0.887981791154007,0.1856906588267953,0.8865057346904847,True
637,0,0.6342218726664587,637,C,0.07972187563860159,0.8865057346904847,0.1856906588267953,0.887981791154007,0.1856906588267953,0.8865057346904847,True
638,0,0.5553023443809975,638,C,0.07972187563860159,0.8865057346904847,0.1856906588267953,0.887981791154007,0.1856906588267953,0.8865057346904847,True
639,1,0.37798052115679887,639,C,0.07972187563860159,0.8865057346904847,0.1856906588267953,0.887981791154007,0.1856906588267953,0.8865057346904847,True
640,1,0.457430516530216,640,C,0.07972187563860159,0.8865057346904847,0.1856906588267953,0.887981791154007,0.1856906588267953,0.8865057346904847,True
641,1,0.6686080966227931,641,C,0.07972187563860159,0.8865057346904847,0.1856906588267953,0.887981791154007,0.1856906588267953,0.8865057346904847,True
642,0,0.5094178937930418,642,C,0.07972187563860159,0.8865057346904847,0.1856906588267953,0.887981791154007,0.1856906588267953,0.8865057346904847,True
643,1,0.7503951136605255,643,C,0.07972187563860159,0.8865057346904847,0.1856906588267953,0.887981791154007,0.1856906588267953,0.8865057346904847,True
644,0,0.45128761081247537,644,C,0.07972187563860159,0.8865057346904847,0.1856906588267953,0.887981791154007,0.1856906588267953,0.8865057346904847,True
645,1,0.5532207489552627,645,C,0.07972187563860159,0.8865057346904847,0.1856906588267953,0.887981791154007,0.1856906588267953,0.8865057346904847,True
646,0,0.7057075535321172,646,C,0.07972187563860159,0.8865057346904847,0.1856906588267953,0.887981791154007,0.1856906588267953,0.8865057346904847,True
647,0,0.4791662135614624,647,C,0.07972187563860159,0.8865057346904847,0.1856906588267953,0.887981791154007,0.1856906588267953,0.8865057346904847,True
648,0,0.6030047206033089,648,C,0.07972187563860159,0.8865057346904847,0.1856906588267953,0.887981791154007,0.1856906588267953,0.8865057346904847,True
649,1,0.20719168476405733,649,C,0.07972187563860159,0.8865057346904847,0.1856906588267953,0.887981791154007,0.1856906588267953,0.8865057346904847,True
650,0,0.44540711175978076,650,C,0.07972187563860159,0.8865057346904847,0.1856906588267953,0.887981791154007,0.1856906588267953,0.8865057346904847,True
651,1,0.6447340701151897,651,C,0.07972187563860159,0.8865057346904847,0.1856906588267953,0.887981791154007,0.1856906588267953,0.8865057346904847,True
652,1,0.726821813691105,652,C,0.07972187563860159,0.8865057346904847,0.1856906588267953,0.887981791154007,0.1856906588267953,0.8865057346904847,True
653,0,0.4958053018250261,653,C,0.07972187563860159,0.8865057346904847,0.1856906588267953,0.887981791154007,0.1856906588267953,0.8865057346904847,True
654,1,0.52604261257375,654,C,0.07972187563860159,0.8865057346904847,0.1856906588267953,0.887981791154007,0.1856906588267953,0.8865057346904847,True
655,1,0.5307135759198072,655,C,0.07972187563860159,0.8865057346904847,0.1856906588267953,0.887981791154007,0.1856906588267953,0.8865057346904847,True
656,1,0.5562062227548391,656,C,0.07972187563860159,0.8865057346904847,0.1856906588267953,0.887981791154007,0.1856906588267953,0.8865057346904847,True
657,0,0.528553135380921,657,C,0.07972187563860159,0.8865057346904847,0.1856906588267953,0.887981791154007,0.1856906588267953,0.8865057346904847,True
658,0,0.330876595157677,658,C,0.07972187563860159,0.8865057346904847,0.1856906588267953,0.887981791154007,0.1856906588267953,0.8865057346904847,True
659,1,0.48386799198563574,659,C,0.07972187563860159,0.8865057346904847,0.1856906588267953,0.887981791154007,0.1856906588267953,0.8865057346904847,True
660,0,0.4286248627469971,660,C,0.07972187563860159,0.8865057346904847,0.1856906588267953,0.887981791154007,0.1856906588267953,0.8865057346904847,True
661,0,0.44266039580021915,661,C,0.07972187563860159,0.8865057346904847,0.1856906588267953,0.887981791154007,0.1856906588267953,0.8865057346904847,True
662,0,0.4790832007152766,662,C,0.07972187563860159,0.8865057346904847,0.1856906588267953,0.887981791154007,0.1856906588267953,0.8865057346904847,True
663,0,0.478486074225173,663,C,0.07972187563860159,0.8865057346904847,0.1856906588267953,0.887981791154007,0.1856906588267953,0.8865057346904847,True
664,0,0.2395466703246984,664,C,0.07972187563860159,0.8865057346904847,0.1856906588267953,0.887981791154007,0.1856906588267953,0.8865057346904847,True
665,0,0.5810737699851436,665,C,0.07972187563860159,0.8865057346904847,0.1856906588267953,0.887981791154007,0.1856906588267953,0.8865057346904847,True
666,0,0.29353844754805747,666,C,0.07972187563860159,0.8865057346904847,0.1856906588267953,0.887981791154007,0.1856906588267953,0.8865057346904847,True
667,0,0.4589456514076739,667,C,0.07972187563860159,0.8865057346904847,0.1856906588267953,0.887981791154007,0.1856906588267953,0.8865057346904847,True
668,0,0.6330036993567392,668,C,0.07972187563860159,0.8865057346904847,0.1856906588267953,0.887981791154007,0.1856906588267953,0.8865057346904847,True
669,0,0.2645025911402154,669,C,0.07972187563860159,0.8865057346904847,0.1856906588267953,0.887981791154007,0.1856906588267953,0.8865057346904847,True
670,1,0.7010399987146659,670,C,0.07972187563860159,0.8865057346904847,0.1856906588267953,0.887981791154007,0.1856906588267953,0.8865057346904847,True
671,1,0.5378911443716989,671,C,0.07972187563860159,0.8865057346904847,0.1856906588267953,0.887981791154007,0.1856906588267953,0.8865057346904847,True
672,1,0.519355098536258,672,C,0.07972187563860159,0.8865057346904847,0.1856906588267953,0.887981791154007,0.1856906588267953,0.8865057346904847,True
673,1,0.4287568674017858,673,C,0.07972187563860159,0.8865057346904847,0.1856906588267953,0.887981791154007,0.1856906588267953,0.8865057346904847,True
674,1,0.4715194468417935,674,C,0.07972187563860159,0.8865057346904847,0.1856906588267953,0.887981791154007,0.1856906588267953,0.8865057346904847,True
675,0,0.4223960814797768,675,C,0.07972187563860159,0.8865057346904847,0.1856906588267953,0.887981791154007,0.1856906588267953,0.8865057346904847,True
676,1,0.3276752329810279,676,C,0.07972187563860159,0.8865057346904847,0.1856906588267953,0.887981791154007,0.1856906588267953,0.8865057346904847,True
677,0,0.47454494424201915,677,C,0.07972187563860159,0.8865057346904847,0.1856906588267953,0.887981791154007,0.1856906588267953,0.8865057346904847,True
678,1,0.525684830860116,678,C,0.07972187563860159,0.8865057346904847,0.1856906588267953,0.887981791154007,0.1856906588267953,0.8865057346904847,True
679,0,0.7879159941814484,679,C,0.07972187563860159,0.8865057346904847,0.1856906588267953,0.887981791154007,0.1856906588267953,0.8865057346904847,True
680,0,0.6527801163591261,680,C,0.07972187563860159,0.8865057346904847,0.1856906588267953,0.887981791154007,0.1856906588267953,0.8865057346904847,True
681,1,0.3883555957622277,681,C,0.07972187563860159,0.8865057346904847,0.1856906588267953,0.887981791154007,0.1856906588267953,0.8865057346904847,True
682,1,0.5976054921838694,682,C,0.07972187563860159,0.8865057346904847,0.1856906588267953,0.887981791154007,0.1856906588267953,0.8865057346904847,True
683,1,0.6404587446688226,683,C,0.07972187563860159,0.8865057346904847,0.1856906588267953,0.887981791154007,0.1856906588267953,0.8865057346904847,True
684,0,0.44704038564189996,684,C,0.07972187563860159,0.8865057346904847,0.1856906588267953,0.887981791154007,0.1856906588267953,0.8865057346904847,True
685,0,0.6672132742591701,685,C,0.07972187563860159,0.8865057346904847,0.1856906588267953,0.887981791154007,0.1856906588267953,0.8865057346904847,True
686,1,0.5345856057946096,686,C,0.07972187563860159,0.8865057346904847,0.1856906588267953,0.887981791154007,0.1856906588267953,0.8865057346904847,True
687,0,0.3807518526099203,687,C,0.07972187563860159,0.8865057346904847,0.1856906588267953,0.887981791154007,0.1856906588267953,0.8865057346904847,True
688,1,0.6668812967230361,688,C,0.07972187563860159,0.8865057346904847,0.1856906588267953,0.887981791154007,0.1856906588267953,0.8865057346904847,True
689,1,0.5076690152729815,689,C,0.07972187563860159,0.8865057346904847,0.1856906588267953,0.887981791154007,0.1856906588267953,0.8865057346904847,True
690,1,0.604060764532499,690,C,0.07972187563860159,0.8865057346904847,0.1856906588267953,0.887981791154007,0.1856906588267953,0.8865057346904847,True
691,1,0.42508507307957377,691,C,0.07972187563860159,0.8865057346904847,0.1856906588267953,0.887981791154007,0.1856906588267953,0.8865057346904847,True
692,1,0.3715307785868429,692,C,0.07972187563860159,0.8865057346904847,0.1856906588267953,0.887981791154007,0.1856906588267953,0.8865057346904847,True
693,0,0.2445772182212488,693,C,0.07972187563860159,0.8865057346904847,0.1856906588267953,0.887981791154007,0.1856906588267953,0.8865057346904847,True
694,1,0.7111702996655132,694,C,0.07972187563860159,0.8865057346904847,0.1856906588267953,0.887981791154007,0.1856906588267953,0.8865057346904847,True
695,0,0.6334007956870055,695,C,0.07972187563860159,0.8865057346904847,0.1856906588267953,0.887981791154007,0.1856906588267953,0.8865057346904847,True
696,0,0.5318805479613973,696,C,0.07972187563860159,0.8865057346904847,0.1856906588267953,0.887981791154007,0.1856906588267953,0.8865057346904847,True
697,1,0.6275093386807054,697,C,0.07972187563860159,0.8865057346904847,0.1856906588267953,0.887981791154007,0.1856906588267953,0.8865057346904847,True
698,0,0.32299173114863855,698,C,0.07972187563860159,0.8865057346904847,0.1856906588267953,0.887981791154007,0.1856906588267953,0.8865057346904847,True
699,1,0.5761042949682753,699,C,0.07972187563860159,0.8865057346904847,0.1856906588267953,0.887981791154007,0.1856906588267953,0.8865057346904847,True
700,0,0.416495450964243,700,C,0.07972187563860159,0.8865057346904847,0.1856906588267953,0.887981791154007,0.1856906588267953,0.8865057346904847,True
701,1,0.7850920332425971,701,C,0.07972187563860159,0.8865057346904847,0.1856906588267953,0.887981791154007,0.1856906588267953,0.8865057346904847,True
702,0,0.34433708058384543,702,C,0.07972187563860159,0.8865057346904847,0.1856906588267953,0.887981791154007,0.1856906588267953,0.8865057346904847,True
703,0,0.3867986152404706,703,C,0.07972187563860159,0.8865057346904847,0.1856906588267953,0.887981791154007,0.1856906588267953,0.8865057346904847,True
704,0,0.6455567651623489,704,C,0.07972187563860159,0.8865057346904847,0.1856906588267953,0.887981791154007,0.1856906588267953,0.8865057346904847,True
705,0,0.6856035748791521,705,C,0.07972187563860159,0.8865057346904847,0.1856906588267953,0.887981791154007,0.1856906588267953,0.8865057346904847,True
706,0,0.2526046119999021,706,C,0.07972187563860159,0.8865057346904847,0.1856906588267953,0.887981791154007,0.1856906588267953,0.8865057346904847,True
707,1,0.8105505853106392,707,C,0.07972187563860159,0.8865057346904847,0.1856906588267953,0.887981791154007,0.1856906588267953,0.8865057346904847,True
708,0,0.43619328132288265,708,C,0.07972187563860159,0.8865057346904847,0.1856906588267953,0.887981791154007,0.1856906588267953,0.8865057346904847,True
709,0,0.44065264846776936,709,C,0.07972187563860159,0.8865057346904847,0.1856906588267953,0.887981791154007,0.1856906588267953,0.8865057346904847,True
710,1,0.45388418136054015,710,C,0.07972187563860159,0.8865057346904847,0.1856906588267953,0.887981791154007,0.1856906588267953,0.8865057346904847,True
711,0,0.3159705593866423,711,C,0.07972187563860159,0.8865057346904847,0.1856906588267953,0.887981791154007,0.1856906588267953,0.8865057346904847,True
712,0,0.2784828224302507,712,C,0.07972187563860159,0.8865057346904847,0.1856906588267953,0.887981791154007,0.1856906588267953,0.8865057346904847,True
713,0,0.4714858472586321,713,C,0.07972187563860159,0.8865057346904847,0.1856906588267953,0.887981791154007,0.1856906588267953,0.8865057346904847,True
714,0,0.19912835510664878,714,C,0.07972187563860159,0.8865057346904847,0.1856906588267953,0.887981791154007,0.1856906588267953,0.8865057346904847,True
715,1,0.5348969725770113,715,C,0.07972187563860159,0.8865057346904847,0.1856906588267953,0.887981791154007,0.1856906588267953,0.8865057346904847,True
716,1,0.8091449111907001,716,C,0.07972187563860159,0.8865057346904847,0.1856906588267953,0.887981791154007,0.1856906588267953,0.8865057346904847,True
717,1,0.7120604090649705,717,C,0.07972187563860159,0.8865057346904847,0.1856906588267953,0.887981791154007,0.1856906588267953,0.8865057346904847,True
718,1,0.5321453990266866,718,C,0.07972187563860159,0.8865057346904847,0.1856906588267953,0.887981791154007,0.1856906588267953,0.8865057346904847,True
719,1,0.6644691617306081,719,C,0.07972187563860159,0.8865057346904847,0.1856906588267953,0.887981791154007,0.1856906588267953,0.8865057346904847,True
720,0,0.5920402120693111,720,C,0.07972187563860159,0.8865057346904847,0.1856906588267953,0.887981791154007,0.1856906588267953,0.8865057346904847,True
721,0,0.3945456423781208,721,C,0.07972187563860159,0.8865057346904847,0.1856906588267953,0.887981791154007,0.1856906588267953,0.8865057346904847,True
722,0,0.5062457908699446,722,C,0.07972187563860159,0.8865057346904847,0.1856906588267953,0.887981791154007,0.1856906588267953,0.8865057346904847,True
723,0,0.5233353488895032,723,C,0.07972187563860159,0.8865057346904847,0.1856906588267953,0.887981791154007,0.1856906588267953,0.8865057346904847,True
724,0,0.4922248551695262,724,C,0.07972187563860159,0.8865057346904847,0.1856906588267953,0.887981791154007,0.1856906588267953,0.8865057346904847,True
725,1,0.47630290382631413,725,C,0.07972187563860159,0.8865057346904847,0.1856906588267953,0.887981791154007,0.1856906588267953,0.8865057346904847,True
726,0,0.49093610077731475,726,C,0.07972187563860159,0.8865057346904847,0.1856906588267953,0.887981791154007,0.1856906588267953,0.8865057346904847,True
727,1,0.7027141567956497,727,C,0.07972187563860159,0.8865057346904847,0.1856906588267953,0.887981791154007,0.1856906588267953,0.8865057346904847,True
728,0,0.45930561612566523,728,C,0.07972187563860159,0.8865057346904847,0.1856906588267953,0.887981791154007,0.1856906588267953,0.8865057346904847,True
729,1,0.5089395007259684,729,C,0.07972187563860159,0.8865057346904847,0.1856906588267953,0.887981791154007,0.1856906588267953,0.8865057346904847,True
730,0,0.2263327876118896,730,C,0.07972187563860159,0.8865057346904847,0.1856906588267953,0.887981791154007,0.1856906588267953,0.8865057346904847,True
731,1,0.5733068739709601,731,C,0.07972187563860159,0.8865057346904847,0.1856906588267953,0.887981791154007,0.1856906588267953,0.8865057346904847,True
732,0,0.4530760684787152,732,C,0.07972187563860159,0.8865057346904847,0.1856906588267953,0.887981791154007,0.1856906588267953,0.8865057346904847,True
733,0,0.3205815275069361,733,C,0.07972187563860159,0.8865057346904847,0.1856906588267953,0.887981791154007,0.1856906588267953,0.8865057346904847,True
734,1,0.7539461299519772,734,C,0.07972187563860159,0.8865057346904847,0.1856906588267953,0.887981791154007,0.1856906588267953,0.8865057346904847,True
735,1,0.6320588313869815,735,C,0.07972187563860159,0.8865057346904847,0.1856906588267953,0.887981791154007,0.1856906588267953,0.8865057346904847,True
736,0,0.07972187563860159,736,C,0.07972187563860159,0.8865057346904847,0.1856906588267953,0.887981791154007,0.1856906588267953,0.8865057346904847,False
737,0,0.660802187166899,737,C,0.07972187563860159,0.8865057346904847,0.1856906588267953,0.887981791154007,0.1856906588267953,0.8865057346904847,True
738,1,0.7085951889562042,738,C,0.07972187563860159,0.8865057346904847,0.1856906588267953,0.887981791154007,0.1856906588267953,0.8865057346904847,True
739,1,0.7619871079613967,739,C,0.07972187563860159,0.8865057346904847,0.1856906588267953,0.887981791154007,0.1856906588267953,0.8865057346904847,True
740,1,0.5726524249061596,740,C,0.07972187563860159,0.8865057346904847,0.1856906588267953,0.887981791154007,0.1856906588267953,0.8865057346904847,True
741,1,0.5333817595101247,741,C,0.07972187563860159,0.8865057346904847,0.1856906588267953,0.887981791154007,0.1856906588267953,0.8865057346904847,True
742,1,0.6267630092897702,742,C,0.07972187563860159,0.8865057346904847,0.1856906588267953,0.887981791154007,0.1856906588267953,0.8865057346904847,True
743,0,0.3905177503328989,743,C,0.07972187563860159,0.8865057346904847,0.1856906588267953,0.887981791154007,0.1856906588267953,0.8865057346904847,True
744,0,0.36414759840087996,744,C,0.07972187563860159,0.8865057346904847,0.1856906588267953,0.887981791154007,0.1856906588267953,0.8865057346904847,True
745,0,0.5720816865439866,745,C,0.07972187563860159,0.8865057346904847,0.1856906588267953,0.887981791154007,0.1856906588267953,0.8865057346904847,True
746,0,0.2820417191460687,746,C,0.07972187563860159,0.8865057346904847,0.1856906588267953,0.887981791154007,0.1856906588267953,0.8865057346904847,True
747,0,0.5487830728579584,747,C,0.07972187563860159,0.8865057346904847,0.1856906588267953,0.887981791154007,0.1856906588267953,0.8865057346904847,True
748,1,0.621730522325087,748,C,0.07972187563860159,0.8865057346904847,0.1856906588267953,0.887981791154007,0.1856906588267953,0.8865057346904847,True
749,1,0.6437410516288246,749,C,0.07972187563860159,0.8865057346904847,0.1856906588267953,0.887981791154007,0.1856906588267953,0.8865057346904847,True
750,1,0.6641658530621285,750,C,0.07972187563860159,0.8865057346904847,0.1856906588267953,0.887981791154007,0.1856906588267953,0.8865057346904847,True
751,1,0.6505658754792593,751,C,0.07972187563860159,0.8865057346904847,0.1856906588267953,0.887981791154007,0.1856906588267953,0.8865057346904847,True
752,1,0.4344184975535639,752,C,0.07972187563860159,0.8865057346904847,0.1856906588267953,0.887981791154007,0.1856906588267953,0.8865057346904847,True
753,1,0.46457994552733745,753,C,0.07972187563860159,0.8865057346904847,0.1856906588267953,0.887981791154007,0.1856906588267953,0.8865057346904847,True
754,0,0.6773295921026181,754,C,0.07972187563860159,0.8865057346904847,0.1856906588267953,0.887981791154007,0.1856906588267953,0.8865057346904847,True
755,0,0.4125910187706419,755,C,0.07972187563860159,0.8865057346904847,0.1856906588267953,0.887981791154007,0.1856906588267953,0.8865057346904847,True
756,1,0.45656544744980426,756,C,0.07972187563860159,0.8865057346904847,0.1856906588267953,0.887981791154007,0.1856906588267953,0.8865057346904847,True
757,1,0.6481267226121521,757,C,0.07972187563860159,0.8865057346904847,0.1856906588267953,0.887981791154007,0.1856906588267953,0.8865057346904847,True
758,0,0.34639543140268186,758,C,0.07972187563860159,0.8865057346904847,0.1856906588267953,0.887981791154007,0.1856906588267953,0.8865057346904847,True
759,0,0.5390837473205246,759,C,0.07972187563860159,0.8865057346904847,0.1856906588267953,0.887981791154007,0.1856906588267953,0.8865057346904847,True
760,0,0.7175917570800692,760,C,0.07972187563860159,0.8865057346904847,0.1856906588267953,0.887981791154007,0.1856906588267953,0.8865057346904847,True
761,0,0.5133551021193173,761,C,0.07972187563860159,0.8865057346904847,0.1856906588267953,0.887981791154007,0.1856906588267953,0.8865057346904847,True
762,0,0.49583087135856196,762,C,0.07972187563860159,0.8865057346904847,0.1856906588267953,0.887981791154007,0.1856906588267953,0.8865057346904847,True
763,0,0.6850657633175737,763,C,0.07972187563860159,0.8865057346904847,0.1856906588267953,0.887981791154007,0.1856906588267953,0.8865057346904847,True
764,1,0.5321848133201846,764,C,0.07972187563860159,0.8865057346904847,0.1856906588267953,0.887981791154007,0.1856906588267953,0.8865057346904847,True
765,0,0.37763452416759646,765,C,0.07972187563860159,0.8865057346904847,0.1856906588267953,0.887981791154007,0.1856906588267953,0.8865057346904847,True
766,0,0.3623884681312921,766,C,0.07972187563860159,0.8865057346904847,0.1856906588267953,0.887981791154007,0.1856906588267953,0.8865057346904847,True
767,0,0.4640865200858686,767,C,0.07972187563860159,0.8865057346904847,0.1856906588267953,0.887981791154007,0.1856906588267953,0.8865057346904847,True
768,1,0.7256739544511696,768,C,0.07972187563860159,0.8865057346904847,0.1856906588267953,0.887981791154007,0.1856906588267953,0.8865057346904847,True
769,1,0.6276679669151083,769,C,0.07972187563860159,0.8865057346904847,0.1856906588267953,0.887981791154007,0.1856906588267953,0.8865057346904847,True
770,1,0.74797919097565,770,C,0.07972187563860159,0.8865057346904847,0.1856906588267953,0.887981791154007,0.1856906588267953,0.8865057346904847,True
771,0,0.6044052828660713,771,C,0.07972187563860159,0.8865057346904847,0.1856906588267953,0.887981791154007,0.1856906588267953,0.8865057346904847,True
772,1,0.6146829632669208,772,C,0.07972187563860159,0.8865057346904847,0.1856906588267953,0.887981791154007,0.1856906588267953,0.8865057346904847,True
773,1,0.6337750193821294,773,C,0.07972187563860159,0.8865057346904847,0.1856906588267953,0.887981791154007,0.1856906588267953,0.8865057346904847,True
774,0,0.5657918527176659,774,C,0.07972187563860159,0.8865057346904847,0.1856906588267953,0.887981791154007,0.1856906588267953,0.8865057346904847,True
775,0,0.6153428402813048,775,C,0.07972187563860159,0.8865057346904847,0.1856906588267953,0.887981791154007,0.1856906588267953,0.8865057346904847,True
776,1,0.6003754679294715,776,C,0.07972187563860159,0.8865057346904847,0.1856906588267953,0.887981791154007,0.1856906588267953,0.8865057346904847,True
777,1,0.6178759698727042,777,C,0.07972187563860159,0.8865057346904847,0.1856906588267953,0.887981791154007,0.1856906588267953,0.8865057346904847,True
778,1,0.6520184290716653,778,C,0.07972187563860159,0.8865057346904847,0.1856906588267953,0.887981791154007,0.1856906588267953,0.8865057346904847,True
779,1,0.5452031456518426,779,C,0.07972187563860159,0.8865057346904847,0.1856906588267953,0.887981791154007,0.1856906588267953,0.8865057346904847,True
780,0,0.4745333750546527,780,C,0.07972187563860159,0.8865057346904847,0.1856906588267953,0.887981791154007,0.1856906588267953,0.8865057346904847,True
781,0,0.3668901276609397,781,C,0.07972187563860159,0.8865057346904847,0.1856906588267953,0.887981791154007,0.1856906588267953,0.8865057346904847,True
782,1,0.5930236508634746,782,C,0.07972187563860159,0.8865057346904847,0.1856906588267953,0.887981791154007,0.1856906588267953,0.8865057346904847,True
783,0,0.37969083901540346,783,C,0.07972187563860159,0.8865057346904847,0.1856906588267953,0.887981791154007,0.1856906588267953,0.8865057346904847,True
784,0,0.40653552252430947,784,C,0.07972187563860159,0.8865057346904847,0.1856906588267953,0.887981791154007,0.1856906588267953,0.8865057346904847,True
785,1,0.7472964662930542,785,C,0.07972187563860159,0.8865057346904847,0.1856906588267953,0.887981791154007,0.1856906588267953,0.8865057346904847,True
786,0,0.37113876909125204,786,C,0.07972187563860159,0.8865057346904847,0.1856906588267953,0.887981791154007,0.1856906588267953,0.8865057346904847,True
787,0,0.5303634154242999,787,C,0.07972187563860159,0.8865057346904847,0.1856906588267953,0.887981791154007,0.1856906588267953,0.8865057346904847,True
788,0,0.36767192761389006,788,C,0.07972187563860159,0.8865057346904847,0.1856906588267953,0.887981791154007,0.1856906588267953,0.8865057346904847,True
789,1,0.5040567549709408,789,C,0.07972187563860159,0.8865057346904847,0.1856906588267953,0.887981791154007,0.1856906588267953,0.8865057346904847,True
790,1,0.5319173908014755,790,C,0.07972187563860159,0.8865057346904847,0.1856906588267953,0.887981791154007,0.1856906588267953,0.8865057346904847,True
791,0,0.6653357561235851,791,C,0.07972187563860159,0.8865057346904847,0.1856906588267953,0.887981791154007,0.1856906588267953,0.8865057346904847,True
792,1,0.5924047195792622,792,C,0.07972187563860159,0.8865057346904847,0.1856906588267953,0.887981791154007,0.1856906588267953,0.8865057346904847,True
793,1,0.5215469739496615,793,C,0.07972187563860159,0.8865057346904847,0.1856906588267953,0.887981791154007,0.1856906588267953,0.8865057346904847,True
794,0,0.15145508272292232,794,C,0.07972187563860159,0.8865057346904847,0.1856906588267953,0.887981791154007,0.1856906588267953,0.8865057346904847,False
795,1,0.692280119769321,795,C,0.07972187563860159,0.8865057346904847,0.1856906588267953,0.887981791154007,0.1856906588267953,0.8865057346904847,True
796,0,0.4711184490115474,796,C,0.07972187563860159,0.8865057346904847,0.1856906588267953,0.887981791154007,0.1856906588267953,0.8865057346904847,True
797,0,0.4733678644202526,797,C,0.07972187563860159,0.8865057346904847,0.1856906588267953,0.887981791154007,0.1856906588267953,0.8865057346904847,True
798,1,0.5700738077555003,798,C,0.07972187563860159,0.8865057346904847,0.1856906588267953,0.887981791154007,0.1856906588267953,0.8865057346904847,True
799,1,0.5284030443795144,799,C,0.07972187563860159,0.8865057346904847,0.1856906588267953,0.887981791154007,0.1856906588267953,0.8865057346904847,True
800,0,0.49298981156092964,800,C,0.07972187563860159,0.8865057346904847,0.1856906588267953,0.887981791154007,0.1856906588267953,0.8865057346904847,True
801,0,0.23730611167871046,801,C,0.07972187563860159,0.8865057346904847,0.1856906588267953,0.887981791154007,0.1856906588267953,0.8865057346904847,True
802,1,0.7095346166525134,802,C,0.07972187563860159,0.8865057346904847,0.1856906588267953,0.887981791154007,0.1856906588267953,0.8865057346904847,True
803,1,0.606624613895886,803,C,0.07972187563860159,0.8865057346904847,0.1856906588267953,0.887981791154007,0.1856906588267953,0.8865057346904847,True
804,1,0.6311580038618038,804,C,0.07972187563860159,0.8865057346904847,0.1856906588267953,0.887981791154007,0.1856906588267953,0.8865057346904847,True
805,0,0.6059890632070565,805,C,0.07972187563860159,0.8865057346904847,0.1856906588267953,0.887981791154007,0.1856906588267953,0.8865057346904847,True
806,1,0.4801918395641211,806,C,0.07972187563860159,0.8865057346904847,0.1856906588267953,0.887981791154007,0.1856906588267953,0.8865057346904847,True
807,0,0.5489284992114415,807,C,0.07972187563860159,0.8865057346904847,0.1856906588267953,0.887981791154007,0.1856906588267953,0.8865057346904847,True
808,0,0.4534733292087287,808,C,0.07972187563860159,0.8865057346904847,0.1856906588267953,0.887981791154007,0.1856906588267953,0.8865057346904847,True
809,0,0.19972042895584435,809,C,0.07972187563860159,0.8865057346904847,0.1856906588267953,0.887981791154007,0.1856906588267953,0.8865057346904847,True
810,1,0.5434498366215594,810,C,0.07972187563860159,0.8865057346904847,0.1856906588267953,0.887981791154007,0.1856906588267953,0.8865057346904847,True
811,0,0.72884532120513,811,C,0.07972187563860159,0.8865057346904847,0.1856906588267953,0.887981791154007,0.1856906588267953,0.8865057346904847,True
812,1,0.6351259081602783,812,C,0.07972187563860159,0.8865057346904847,0.1856906588267953,0.887981791154007,0.1856906588267953,0.8865057346904847,True
813,0,0.40501688827395044,813,C,0.07972187563860159,0.8865057346904847,0.1856906588267953,0.887981791154007,0.1856906588267953,0.8865057346904847,True
814,1,0.4460736416033302,814,C,0.07972187563860159,0.8865057346904847,0.1856906588267953,0.887981791154007,0.1856906588267953,0.8865057346904847,True
815,1,0.4672823098543997,815,C,0.07972187563860159,0.8865057346904847,0.1856906588267953,0.887981791154007,0.1856906588267953,0.8865057346904847,True
816,0,0.5084715494286077,816,C,0.07972187563860159,0.8865057346904847,0.1856906588267953,0.887981791154007,0.1856906588267953,0.8865057346904847,True
817,0,0.6884640716942496,817,C,0.07972187563860159,0.8865057346904847,0.1856906588267953,0.887981791154007,0.1856906588267953,0.8865057346904847,True
818,0,0.4121244095847112,818,C,0.07972187563860159,0.8865057346904847,0.1856906588267953,0.887981791154007,0.1856906588267953,0.8865057346904847,True
819,1,0.79803646814266,819,C,0.07972187563860159,0.8865057346904847,0.1856906588267953,0.887981791154007,0.1856906588267953,0.8865057346904847,True
820,1,0.35571122277784617,820,C,0.07972187563860159,0.8865057346904847,0.1856906588267953,0.887981791154007,0.1856906588267953,0.8865057346904847,True
821,1,0.6465604729376219,821,C,0.07972187563860159,0.8865057346904847,0.1856906588267953,0.887981791154007,0.1856906588267953,0.8865057346904847,True
822,1,0.6824931285111359,822,C,0.07972187563860159,0.8865057346904847,0.1856906588267953,0.887981791154007,0.1856906588267953,0.8865057346904847,True
823,0,0.4728302222608817,823,C,0.07972187563860159,0.8865057346904847,0.1856906588267953,0.887981791154007,0.1856906588267953,0.8865057346904847,True
824,1,0.515331606036954,824,C,0.07972187563860159,0.8865057346904847,0.1856906588267953,0.887981791154007,0.1856906588267953,0.8865057346904847,True
825,0,0.484470930915856,825,C,0.07972187563860159,0.8865057346904847,0.1856906588267953,0.887981791154007,0.1856906588267953,0.8865057346904847,True
826,0,0.39915884464712287,826,C,0.07972187563860159,0.8865057346904847,0.1856906588267953,0.887981791154007,0.1856906588267953,0.8865057346904847,True
827,1,0.6644490825381033,827,C,0.07972187563860159,0.8865057346904847,0.1856906588267953,0.887981791154007,0.1856906588267953,0.8865057346904847,True
828,1,0.5254184888141424,828,C,0.07972187563860159,0.8865057346904847,0.1856906588267953,0.887981791154007,0.1856906588267953,0.8865057346904847,True
829,0,0.6060442821361263,829,C,0.07972187563860159,0.8865057346904847,0.1856906588267953,0.887981791154007,0.1856906588267953,0.8865057346904847,True
830,1,0.7347733780799388,830,C,0.07972187563860159,0.8865057346904847,0.1856906588267953,0.887981791154007,0.1856906588267953,0.8865057346904847,True
831,1,0.4062349930265797,831,C,0.07972187563860159,0.8865057346904847,0.1856906588267953,0.887981791154007,0.1856906588267953,0.8865057346904847,True
832,1,0.5410057110995411,832,C,0.07972187563860159,0.8865057346904847,0.1856906588267953,0.887981791154007,0.1856906588267953,0.8865057346904847,True
833,0,0.45893154119288665,833,C,0.07972187563860159,0.8865057346904847,0.1856906588267953,0.887981791154007,0.1856906588267953,0.8865057346904847,True
834,1,0.24566557282640542,834,C,0.07972187563860159,0.8865057346904847,0.1856906588267953,0.887981791154007,0.1856906588267953,0.8865057346904847,True
835,1,0.5393427388352301,835,C,0.07972187563860159,0.8865057346904847,0.1856906588267953,0.887981791154007,0.1856906588267953,0.8865057346904847,True
836,1,0.6851677734681393,836,C,0.07972187563860159,0.8865057346904847,0.1856906588267953,0.887981791154007,0.1856906588267953,0.8865057346904847,True
837,0,0.4045787468867454,837,C,0.07972187563860159,0.8865057346904847,0.1856906588267953,0.887981791154007,0.1856906588267953,0.8865057346904847,True
838,1,0.5890811140290737,838,C,0.07972187563860159,0.8865057346904847,0.1856906588267953,0.887981791154007,0.1856906588267953,0.8865057346904847,True
839,1,0.41889910060116275,839,C,0.07972187563860159,0.8865057346904847,0.1856906588267953,0.887981791154007,0.1856906588267953,0.8865057346904847,True
840,1,0.684158359684167,840,C,0.07972187563860159,0.8865057346904847,0.1856906588267953,0.887981791154007,0.1856906588267953,0.8865057346904847,True
841,0,0.346531797820697,841,C,0.07972187563860159,0.8865057346904847,0.1856906588267953,0.887981791154007,0.1856906588267953,0.8865057346904847,True
842,0,0.6389305730612559,842,C,0.07972187563860159,0.8865057346904847,0.1856906588267953,0.887981791154007,0.1856906588267953,0.8865057346904847,True
843,0,0.4871254951107798,843,C,0.07972187563860159,0.8865057346904847,0.1856906588267953,0.887981791154007,0.1856906588267953,0.8865057346904847,True
844,0,0.5449959555871664,844,C,0.07972187563860159,0.8865057346904847,0.1856906588267953,0.887981791154007,0.1856906588267953,0.8865057346904847,True
845,1,0.7446306174058868,845,C,0.07972187563860159,0.8865057346904847,0.1856906588267953,0.887981791154007,0.1856906588267953,0.8865057346904847,True
846,1,0.7531819179190017,846,C,0.07972187563860159,0.8865057346904847,0.1856906588267953,0.887981791154007,0.1856906588267953,0.8865057346904847,True
847,0,0.44329477418814756,847,C,0.07972187563860159,0.8865057346904847,0.1856906588267953,0.887981791154007,0.1856906588267953,0.8865057346904847,True
848,0,0.4662886859924785,848,C,0.07972187563860159,0.8865057346904847,0.1856906588267953,0.887981791154007,0.1856906588267953,0.8865057346904847,True
849,1,0.5665900705144833,849,C,0.07972187563860159,0.8865057346904847,0.1856906588267953,0.887981791154007,0.1856906588267953,0.8865057346904847,True
850,1,0.7979368784127894,850,C,0.07972187563860159,0.8865057346904847,0.1856906588267953,0.887981791154007,0.1856906588267953,0.8865057346904847,True
851,1,0.2664701045992024,851,C,0.07972187563860159,0.8865057346904847,0.1856906588267953,0.887981791154007,0.1856906588267953,0.8865057346904847,True
852,1,0.3994932780518289,852,C,0.07972187563860159,0.8865057346904847,0.1856906588267953,0.887981791154007,0.1856906588267953,0.8865057346904847,True
853,1,0.516385806239553,853,C,0.07972187563860159,0.8865057346904847,0.1856906588267953,0.887981791154007,0.1856906588267953,0.8865057346904847,True
854,1,0.36380181458772065,854,C,0.07972187563860159,0.8865057346904847,0.1856906588267953,0.887981791154007,0.1856906588267953,0.8865057346904847,True
855,1,0.36636286780514427,855,C,0.07972187563860159,0.8865057346904847,0.1856906588267953,0.887981791154007,0.1856906588267953,0.8865057346904847,True
856,0,0.5131343057527022,856,C,0.07972187563860159,0.8865057346904847,0.1856906588267953,0.887981791154007,0.1856906588267953,0.8865057346904847,True
857,0,0.6297268160581856,857,C,0.07972187563860159,0.8865057346904847,0.1856906588267953,0.887981791154007,0.1856906588267953,0.8865057346904847,True
858,0,0.36847359104083355,858,C,0.07972187563860159,0.8865057346904847,0.1856906588267953,0.887981791154007,0.1856906588267953,0.8865057346904847,True
859,1,0.7691859902413495,859,C,0.07972187563860159,0.8865057346904847,0.1856906588267953,0.887981791154007,0.1856906588267953,0.8865057346904847,True
860,0,0.6048265023311848,860,C,0.07972187563860159,0.8865057346904847,0.1856906588267953,0.887981791154007,0.1856906588267953,0.8865057346904847,True
861,1,0.7349748022060674,861,C,0.07972187563860159,0.8865057346904847,0.1856906588267953,0.887981791154007,0.1856906588267953,0.8865057346904847,True
862,0,0.2256697669943068,862,C,0.07972187563860159,0.8865057346904847,0.1856906588267953,0.887981791154007,0.1856906588267953,0.8865057346904847,True
863,1,0.5407770609632939,863,C,0.07972187563860159,0.8865057346904847,0.1856906588267953,0.887981791154007,0.1856906588267953,0.8865057346904847,True
864,1,0.40629342755065556,864,C,0.07972187563860159,0.8865057346904847,0.1856906588267953,0.887981791154007,0.1856906588267953,0.8865057346904847,True
865,0,0.389994136247502,865,C,0.07972187563860159,0.8865057346904847,0.1856906588267953,0.887981791154007,0.1856906588267953,0.8865057346904847,True
866,1,0.8187115943417116,866,C,0.07972187563860159,0.8865057346904847,0.1856906588267953,0.887981791154007,0.1856906588267953,0.8865057346904847,True
867,1,0.583910117499371,867,C,0.07972187563860159,0.8865057346904847,0.1856906588267953,0.887981791154007,0.1856906588267953,0.8865057346904847,True
868,0,0.539850020726076,868,C,0.07972187563860159,0.8865057346904847,0.1856906588267953,0.887981791154007,0.1856906588267953,0.8865057346904847,True
869,0,0.40649925199861947,869,C,0.07972187563860159,0.8865057346904847,0.1856906588267953,0.887981791154007,0.1856906588267953,0.8865057346904847,True
870,1,0.570997844909213,870,C,0.07972187563860159,0.8865057346904847,0.1856906588267953,0.887981791154007,0.1856906588267953,0.8865057346904847,True
871,0,0.38051731611131745,871,C,0.07972187563860159,0.8865057346904847,0.1856906588267953,0.887981791154007,0.1856906588267953,0.8865057346904847,True
872,0,0.8071180523426684,872,C,0.07972187563860159,0.8865057346904847,0.1856906588267953,0.887981791154007,0.1856906588267953,0.8865057346904847,True
873,0,0.5772155273563834,873,C,0.07972187563860159,0.8865057346904847,0.1856906588267953,0.887981791154007,0.1856906588267953,0.8865057346904847,True
874,0,0.6179646936761396,874,C,0.07972187563860159,0.8865057346904847,0.1856906588267953,0.887981791154007,0.1856906588267953,0.8865057346904847,True
875,0,0.4351070386459059,875,C,0.07972187563860159,0.8865057346904847,0.1856906588267953,0.887981791154007,0.1856906588267953,0.8865057346904847,True
876,1,0.8198510418611737,876,C,0.07972187563860159,0.8865057346904847,0.1856906588267953,0.887981791154007,0.1856906588267953,0.8865057346904847,True
877,0,0.34190808955640056,877,C,0.07972187563860159,0.8865057346904847,0.1856906588267953,0.887981791154007,0.1856906588267953,0.8865057346904847,True
878,1,0.6957895306851574,878,C,0.07972187563860159,0.8865057346904847,0.1856906588267953,0.887981791154007,0.1856906588267953,0.8865057346904847,True
879,1,0.5334557799015336,879,C,0.07972187563860159,0.8865057346904847,0.1856906588267953,0.887981791154007,0.1856906588267953,0.8865057346904847,True
880,0,0.39412197150811773,880,C,0.07972187563860159,0.8865057346904847,0.1856906588267953,0.887981791154007,0.1856906588267953,0.8865057346904847,True
881,0,0.35211420784228054,881,C,0.07972187563860159,0.8865057346904847,0.1856906588267953,0.887981791154007,0.1856906588267953,0.8865057346904847,True
882,1,0.35392314540046255,882,C,0.07972187563860159,0.8865057346904847,0.1856906588267953,0.887981791154007,0.1856906588267953,0.8865057346904847,True
883,1,0.7344250642080182,883,C,0.07972187563860159,0.8865057346904847,0.1856906588267953,0.887981791154007,0.1856906588267953,0.8865057346904847,True
884,1,0.5250969314044055,884,C,0.07972187563860159,0.8865057346904847,0.1856906588267953,0.887981791154007,0.1856906588267953,0.8865057346904847,True
885,0,0.25699509734148096,885,C,0.07972187563860159,0.8865057346904847,0.1856906588267953,0.887981791154007,0.1856906588267953,0.8865057346904847,True
886,1,0.8410437325760355,886,C,0.07972187563860159,0.8865057346904847,0.1856906588267953,0.887981791154007,0.1856906588267953,0.8865057346904847,True
887,1,0.5287473964149707,887,C,0.07972187563860159,0.8865057346904847,0.1856906588267953,0.887981791154007,0.1856906588267953,0.8865057346904847,True
888,1,0.6044867050336762,888,C,0.07972187563860159,0.8865057346904847,0.1856906588267953,0.887981791154007,0.1856906588267953,0.8865057346904847,True
889,1,0.6074953229236408,889,C,0.07972187563860159,0.8865057346904847,0.1856906588267953,0.887981791154007,0.1856906588267953,0.8865057346904847,True
890,0,0.4638937206928749,890,C,0.07972187563860159,0.8865057346904847,0.1856906588267953,0.887981791154007,0.1856906588267953,0.8865057346904847,True
891,1,0.7233942436251192,891,C,0.07972187563860159,0.8865057346904847,0.1856906588267953,0.887981791154007,0.1856906588267953,0.8865057346904847,True
892,1,0.5230279362023362,892,C,0.07972187563860159,0.8865057346904847,0.1856906588267953,0.887981791154007,0.1856906588267953,0.8865057346904847,True
893,1,0.5679827626810856,893,C,0.07972187563860159,0.8865057346904847,0.1856906588267953,0.887981791154007,0.1856906588267953,0.8865057346904847,True
894,1,0.29246207492489523,894,C,0.07972187563860159,0.8865057346904847,0.1856906588267953,0.887981791154007,0.1856906588267953,0.8865057346904847,True
895,1,0.5735527967166969,895,C,0.07972187563860159,0.8865057346904847,0.1856906588267953,0.887981791154007,0.1856906588267953,0.8865057346904847,True
896,0,0.48892455375196164,896,C,0.07972187563860159,0.8865057346904847,0.1856906588267953,0.887981791154007,0.1856906588267953,0.8865057346904847,True
897,1,0.4044983837950255,897,C,0.07972187563860159,0.8865057346904847,0.1856906588267953,0.887981791154007,0.1856906588267953,0.8865057346904847,True
898,0,0.4900091698123495,898,C,0.07972187563860159,0.8865057346904847,0.1856906588267953,0.887981791154007,0.1856906588267953,0.8865057346904847,True
899,0,0.2747847971546161,899,C,0.07972187563860159,0.8865057346904847,0.1856906588267953,0.887981791154007,0.1856906588267953,0.8865057346904847,True
900,0,0.7213397373929119,900,C,0.07972187563860159,0.8865057346904847,0.1856906588267953,0.887981791154007,0.1856906588267953,0.8865057346904847,True
901,0,0.3359116488264271,901,C,0.07972187563860159,0.8865057346904847,0.1856906588267953,0.887981791154007,0.1856906588267953,0.8865057346904847,True
902,1,0.6624505115584365,902,C,0.07972187563860159,0.8865057346904847,0.1856906588267953,0.887981791154007,0.1856906588267953,0.8865057346904847,True
903,0,0.718636805530622,903,C,0.07972187563860159,0.8865057346904847,0.1856906588267953,0.887981791154007,0.1856906588267953,0.8865057346904847,True
904,0,0.27839011746543235,904,C,0.07972187563860159,0.8865057346904847,0.1856906588267953,0.887981791154007,0.1856906588267953,0.8865057346904847,True
905,1,0.45007661102472307,905,C,0.07972187563860159,0.8865057346904847,0.1856906588267953,0.887981791154007,0.1856906588267953,0.8865057346904847,True
906,1,0.5950856919471836,906,C,0.07972187563860159,0.8865057346904847,0.1856906588267953,0.887981791154007,0.1856906588267953,0.8865057346904847,True
907,0,0.4538594513741136,907,C,0.07972187563860159,0.8865057346904847,0.1856906588267953,0.887981791154007,0.1856906588267953,0.8865057346904847,True
908,1,0.5288431236037819,908,C,0.07972187563860159,0.8865057346904847,0.1856906588267953,0.887981791154007,0.1856906588267953,0.8865057346904847,True
909,0,0.18657703513850077,909,C,0.07972187563860159,0.8865057346904847,0.1856906588267953,0.887981791154007,0.1856906588267953,0.8865057346904847,True
910,0,0.46031952208791393,910,C,0.07972187563860159,0.8865057346904847,0.1856906588267953,0.887981791154007,0.1856906588267953,0.8865057346904847,True
911,1,0.2962434481474586,911,C,0.07972187563860159,0.8865057346904847,0.1856906588267953,0.887981791154007,0.1856906588267953,0.8865057346904847,True
912,1,0.887981791154007,912,C,0.07972187563860159,0.8865057346904847,0.1856906588267953,0.887981791154007,0.1856906588267953,0.8865057346904847,False
913,1,0.6530671521239625,913,C,0.07972187563860159,0.8865057346904847,0.1856906588267953,0.887981791154007,0.1856906588267953,0.8865057346904847,True
914,1,0.7259241084783999,914,C,0.07972187563860159,0.8865057346904847,0.1856906588267953,0.887981791154007,0.1856906588267953,0.8865057346904847,True
915,1,0.5809500845151189,915,C,0.07972187563860159,0.8865057346904847,0.1856906588267953,0.887981791154007,0.1856906588267953,0.8865057346904847,True
916,1,0.6003944255152213,916,C,0.07972187563860159,0.8865057346904847,0.1856906588267953,0.887981791154007,0.1856906588267953,0.8865057346904847,True
917,0,0.45084561213053403,917,C,0.07972187563860159,0.8865057346904847,0.1856906588267953,0.887981791154007,0.1856906588267953,0.8865057346904847,True
918,1,0.7120440162473208,918,C,0.07972187563860159,0.8865057346904847,0.1856906588267953,0.887981791154007,0.1856906588267953,0.8865057346904847,True
919,1,0.4148410823495047,919,C,0.07972187563860159,0.8865057346904847,0.1856906588267953,0.887981791154007,0.1856906588267953,0.8865057346904847,True
920,0,0.3927359778742167,920,C,0.07972187563860159,0.8865057346904847,0.1856906588267953,0.887981791154007,0.1856906588267953,0.8865057346904847,True
921,1,0.5209767405289438,921,C,0.07972187563860159,0.8865057346904847,0.1856906588267953,0.887981791154007,0.1856906588267953,0.8865057346904847,True
922,0,0.6602730931490358,922,C,0.07972187563860159,0.8865057346904847,0.1856906588267953,0.887981791154007,0.1856906588267953,0.8865057346904847,True
923,1,0.7237304501297845,923,C,0.07972187563860159,0.8865057346904847,0.1856906588267953,0.887981791154007,0.1856906588267953,0.8865057346904847,True
924,1,0.5432694841249868,924,C,0.07972187563860159,0.8865057346904847,0.1856906588267953,0.887981791154007,0.1856906588267953,0.8865057346904847,True
925,1,0.6967530514472466,925,C,0.07972187563860159,0.8865057346904847,0.1856906588267953,0.887981791154007,0.1856906588267953,0.8865057346904847,True
926,0,0.6202266148628081,926,C,0.07972187563860159,0.8865057346904847,0.1856906588267953,0.887981791154007,0.1856906588267953,0.8865057346904847,True
927,0,0.3691313722316384,927,C,0.07972187563860159,0.8865057346904847,0.1856906588267953,0.887981791154007,0.1856906588267953,0.8865057346904847,True
928,0,0.32064343278099605,928,C,0.07972187563860159,0.8865057346904847,0.1856906588267953,0.887981791154007,0.1856906588267953,0.8865057346904847,True
929,1,0.4781752169687006,929,C,0.07972187563860159,0.8865057346904847,0.1856906588267953,0.887981791154007,0.1856906588267953,0.8865057346904847,True
930,1,0.7637095394625849,930,C,0.07972187563860159,0.8865057346904847,0.1856906588267953,0.887981791154007,0.1856906588267953,0.8865057346904847,True
931,1,0.6488357602641827,931,C,0.07972187563860159,0.8865057346904847,0.1856906588267953,0.887981791154007,0.1856906588267953,0.8865057346904847,True
932,1,0.7823176574794756,932,C,0.07972187563860159,0.8865057346904847,0.1856906588267953,0.887981791154007,0.1856906588267953,0.8865057346904847,True
933,0,0.3561864885854872,933,C,0.07972187563860159,0.8865057346904847,0.1856906588267953,0.887981791154007,0.1856906588267953,0.8865057346904847,True
934,0,0.40426217859627117,934,C,0.07972187563860159,0.8865057346904847,0.1856906588267953,0.887981791154007,0.1856906588267953,0.8865057346904847,True
935,1,0.490805426657994,935,C,0.07972187563860159,0.8865057346904847,0.1856906588267953,0.887981791154007,0.1856906588267953,0.8865057346904847,True
936,1,0.46798415158410334,936,C,0.07972187563860159,0.8865057346904847,0.1856906588267953,0.887981791154007,0.1856906588267953,0.8865057346904847,True
937,1,0.5429901937098994,937,C,0.07972187563860159,0.8865057346904847,0.1856906588267953,0.887981791154007,0.1856906588267953,0.8865057346904847,True
938,1,0.6270803538793469,938,C,0.07972187563860159,0.8865057346904847,0.1856906588267953,0.887981791154007,0.1856906588267953,0.8865057346904847,True
939,1,0.1856906588267953,939,C,0.07972187563860159,0.8865057346904847,0.1856906588267953,0.887981791154007,0.1856906588267953,0.8865057346904847,True
940,1,0.7063235488991398,940,C,0.07972187563860159,0.8865057346904847,0.1856906588267953,0.887981791154007,0.1856906588267953,0.8865057346904847,True
941,1,0.6784251754807205,941,C,0.07972187563860159,0.8865057346904847,0.1856906588267953,0.887981791154007,0.1856906588267953,0.8865057346904847,True
942,0,0.5748672515860986,942,C,0.07972187563860159,0.8865057346904847,0.1856906588267953,0.887981791154007,0.1856906588267953,0.8865057346904847,True
943,1,0.7455383976768056,943,C,0.07972187563860159,0.8865057346904847,0.1856906588267953,0.887981791154007,0.1856906588267953,0.8865057346904847,True
944,0,0.4644863452892793,944,C,0.07972187563860159,0.8865057346904847,0.1856906588267953,0.887981791154007,0.1856906588267953,0.8865057346904847,True
945,0,0.6050131645211123,945,C,0.07972187563860159,0.8865057346904847,0.1856906588267953,0.887981791154007,0.1856906588267953,0.8865057346904847,True
946,1,0.7889506960074961,946,C,0.07972187563860159,0.8865057346904847,0.1856906588267953,0.887981791154007,0.1856906588267953,0.8865057346904847,True
947,1,0.6715442746473025,947,C,0.07972187563860159,0.8865057346904847,0.1856906588267953,0.887981791154007,0.1856906588267953,0.8865057346904847,True
948,1,0.5358432130367096,948,C,0.07972187563860159,0.8865057346904847,0.1856906588267953,0.887981791154007,0.1856906588267953,0.8865057346904847,True
949,0,0.7785587363185336,949,C,0.07972187563860159,0.8865057346904847,0.1856906588267953,0.887981791154007,0.1856906588267953,0.8865057346904847,True
950,1,0.31261169001692335,950,C,0.07972187563860159,0.8865057346904847,0.1856906588267953,0.887981791154007,0.1856906588267953,0.8865057346904847,True
951,0,0.22097623826653512,951,C,0.07972187563860159,0.8865057346904847,0.1856906588267953,0.887981791154007,0.1856906588267953,0.8865057346904847,True
952,1,0.6572817829077899,952,C,0.07972187563860159,0.8865057346904847,0.1856906588267953,0.887981791154007,0.1856906588267953,0.8865057346904847,True
953,1,0.7096810870507491,953,C,0.07972187563860159,0.8865057346904847,0.1856906588267953,0.887981791154007,0.1856906588267953,0.8865057346904847,True
954,0,0.648760652004754,954,C,0.07972187563860159,0.8865057346904847,0.1856906588267953,0.887981791154007,0.1856906588267953,0.8865057346904847,True
955,0,0.4469070026180933,955,C,0.07972187563860159,0.8865057346904847,0.1856906588267953,0.887981791154007,0.1856906588267953,0.8865057346904847,True
956,0,0.45430713129937544,956,C,0.07972187563860159,0.8865057346904847,0.1856906588267953,0.887981791154007,0.1856906588267953,0.8865057346904847,True
957,0,0.5439480833253983,957,C,0.07972187563860159,0.8865057346904847,0.1856906588267953,0.887981791154007,0.1856906588267953,0.8865057346904847,True
958,1,0.5106342889588521,958,C,0.07972187563860159,0.8865057346904847,0.1856906588267953,0.887981791154007,0.1856906588267953,0.8865057346904847,True
959,0,0.4549752400972006,959,C,0.07972187563860159,0.8865057346904847,0.1856906588267953,0.887981791154007,0.1856906588267953,0.8865057346904847,True
960,1,0.5371449794942847,960,C,0.07972187563860159,0.8865057346904847,0.1856906588267953,0.887981791154007,0.1856906588267953,0.8865057346904847,True
961,0,0.3827663054696442,961,C,0.07972187563860159,0.8865057346904847,0.1856906588267953,0.887981791154007,0.1856906588267953,0.8865057346904847,True
962,1,0.5013797273890795,962,C,0.07972187563860159,0.8865057346904847,0.1856906588267953,0.887981791154007,0.1856906588267953,0.8865057346904847,True
963,0,0.5540673665383364,963,C,0.07972187563860159,0.8865057346904847,0.1856906588267953,0.887981791154007,0.1856906588267953,0.8865057346904847,True
964,1,0.5964332938716146,964,C,0.07972187563860159,0.8865057346904847,0.1856906588267953,0.887981791154007,0.1856906588267953,0.8865057346904847,True
965,0,0.3829456945407134,965,C,0.07972187563860159,0.8865057346904847,0.1856906588267953,0.887981791154007,0.1856906588267953,0.8865057346904847,True
966,0,0.6934695933971727,966,C,0.07972187563860159,0.8865057346904847,0.1856906588267953,0.887981791154007,0.1856906588267953,0.8865057346904847,True
967,0,0.21778660788586382,967,C,0.07972187563860159,0.8865057346904847,0.1856906588267953,0.887981791154007,0.1856906588267953,0.8865057346904847,True
968,0,0.6204840313882942,968,C,0.07972187563860159,0.8865057346904847,0.1856906588267953,0.887981791154007,0.1856906588267953,0.8865057346904847,True
969,1,0.6711067883629294,969,C,0.07972187563860159,0.8865057346904847,0.1856906588267953,0.887981791154007,0.1856906588267953,0.8865057346904847,True
970,0,0.8399624947844782,970,C,0.07972187563860159,0.8865057346904847,0.1856906588267953,0.887981791154007,0.1856906588267953,0.8865057346904847,True
971,1,0.3998570902859982,971,C,0.07972187563860159,0.8865057346904847,0.1856906588267953,0.887981791154007,0.1856906588267953,0.8865057346904847,True
972,0,0.7164806853035075,972,C,0.07972187563860159,0.8865057346904847,0.1856906588267953,0.887981791154007,0.1856906588267953,0.8865057346904847,True
973,0,0.2608180075586235,973,C,0.07972187563860159,0.8865057346904847,0.1856906588267953,0.887981791154007,0.1856906588267953,0.8865057346904847,True
974,1,0.5827492171213705,974,C,0.07972187563860159,0.8865057346904847,0.1856906588267953,0.887981791154007,0.1856906588267953,0.8865057346904847,True
975,0,0.3211062781134422,975,C,0.07972187563860159,0.8865057346904847,0.1856906588267953,0.887981791154007,0.1856906588267953,0.8865057346904847,True
976,0,0.49562691841065437,976,C,0.07972187563860159,0.8865057346904847,0.1856906588267953,0.887981791154007,0.1856906588267953,0.8865057346904847,True
977,1,0.3450480735383685,977,C,0.07972187563860159,0.8865057346904847,0.1856906588267953,0.887981791154007,0.1856906588267953,0.8865057346904847,True
978,1,0.5256633751653411,978,C,0.07972187563860159,0.8865057346904847,0.1856906588267953,0.887981791154007,0.1856906588267953,0.8865057346904847,True
979,1,0.527698598785286,979,C,0.07972187563860159,0.8865057346904847,0.1856906588267953,0.887981791154007,0.1856906588267953,0.8865057346904847,True
980,1,0.753839523693726,980,C,0.07972187563860159,0.8865057346904847,0.1856906588267953,0.887981791154007,0.1856906588267953,0.8865057346904847,True
981,1,0.33621366246174506,981,C,0.07972187563860159,0.8865057346904847,0.1856906588267953,0.887981791154007,0.1856906588267953,0.8865057346904847,True
982,1,0.5852061104195859,982,C,0.07972187563860159,0.8865057346904847,0.1856906588267953,0.887981791154007,0.1856906588267953,0.8865057346904847,True
983,0,0.3243629786512384,983,C,0.07972187563860159,0.8865057346904847,0.1856906588267953,0.887981791154007,0.1856906588267953,0.8865057346904847,True
984,0,0.4552776532017342,984,C,0.07972187563860159,0.8865057346904847,0.1856906588267953,0.887981791154007,0.1856906588267953,0.8865057346904847,True
985,0,0.6574325094806523,985,C,0.07972187563860159,0.8865057346904847,0.1856906588267953,0.887981791154007,0.1856906588267953,0.8865057346904847,True
986,1,0.384995997960948,986,C,0.07972187563860159,0.8865057346904847,0.1856906588267953,0.887981791154007,0.1856906588267953,0.8865057346904847,True
987,1,0.4820569103073501,987,C,0.07972187563860159,0.8865057346904847,0.1856906588267953,0.887981791154007,0.1856906588267953,0.8865057346904847,True
988,1,0.487894724340253,988,C,0.07972187563860159,0.8865057346904847,0.1856906588267953,0.887981791154007,0.1856906588267953,0.8865057346904847,True
989,1,0.5396530833107046,989,C,0.07972187563860159,0.8865057346904847,0.1856906588267953,0.887981791154007,0.1856906588267953,0.8865057346904847,True
990,0,0.5498711312128725,990,C,0.07972187563860159,0.8865057346904847,0.1856906588267953,0.887981791154007,0.1856906588267953,0.8865057346904847,True
991,0,0.2946430022710957,991,C,0.07972187563860159,0.8865057346904847,0.1856906588267953,0.887981791154007,0.1856906588267953,0.8865057346904847,True
992,0,0.23738439718920756,992,C,0.07972187563860159,0.8865057346904847,0.1856906588267953,0.887981791154007,0.1856906588267953,0.8865057346904847,True
993,0,0.7091201974287238,993,C,0.07972187563860159,0.8865057346904847,0.1856906588267953,0.887981791154007,0.1856906588267953,0.8865057346904847,True
994,1,0.591801939818892,994,C,0.07972187563860159,0.8865057346904847,0.1856906588267953,0.887981791154007,0.1856906588267953,0.8865057346904847,True
995,1,0.7119430615136919,995,C,0.07972187563860159,0.8865057346904847,0.1856906588267953,0.887981791154007,0.1856906588267953,0.8865057346904847,True
996,0,0.6793027725622249,996,C,0.07972187563860159,0.8865057346904847,0.1856906588267953,0.887981791154007,0.1856906588267953,0.8865057346904847,True
997,0,0.5716359110581049,997,C,0.07972187563860159,0.8865057346904847,0.1856906588267953,0.887981791154007,0.1856906588267953,0.8865057346904847,True
998,0,0.5165126704943869,998,C,0.07972187563860159,0.8865057346904847,0.1856906588267953,0.887981791154007,0.1856906588267953,0.8865057346904847,True
999,1,0.5810852920075048,999,C,0.07972187563860159,0.8865057346904847,0.1856906588267953,0.887981791154007,0.1856906588267953,0.8865057346904847,True
