unit_id,treated,propensity_score,id,scenario,min_control_score,max_control_score,min_treated_score,max_treated_score,common_support_min,common_support_max,in_common_support
0,1,0.7933137809911294,0,A,0.03758342484843073,0.8797866710922881,0.0624242537079364,0.9615486711313244,0.0624242537079364,0.8797866710922881,True
1,0,0.14848013796036078,1,A,0.03758342484843073,0.8797866710922881,0.0624242537079364,0.9615486711313244,0.0624242537079364,0.8797866710922881,True
2,1,0.33861542879821993,2,A,0.03758342484843073,0.8797866710922881,0.0624242537079364,0.9615486711313244,0.0624242537079364,0.8797866710922881,True
3,0,0.6085021744647995,3,A,0.03758342484843073,0.8797866710922881,0.0624242537079364,0.9615486711313244,0.0624242537079364,0.8797866710922881,True
4,0,0.709698730613433,4,A,0.03758342484843073,0.8797866710922881,0.0624242537079364,0.9615486711313244,0.0624242537079364,0.8797866710922881,True
5,0,0.4859104162079307,5,A,0.03758342484843073,0.8797866710922881,0.0624242537079364,0.9615486711313244,0.0624242537079364,0.8797866710922881,True
6,0,0.49901886583536326,6,A,0.03758342484843073,0.8797866710922881,0.0624242537079364,0.9615486711313244,0.0624242537079364,0.8797866710922881,True
7,0,0.8070981711738531,7,A,0.03758342484843073,0.8797866710922881,0.0624242537079364,0.9615486711313244,0.0624242537079364,0.8797866710922881,True
8,1,0.8905737153730229,8,A,0.03758342484843073,0.8797866710922881,0.0624242537079364,0.9615486711313244,0.0624242537079364,0.8797866710922881,False
9,1,0.33637654492071944,9,A,0.03758342484843073,0.8797866710922881,0.0624242537079364,0.9615486711313244,0.0624242537079364,0.8797866710922881,True
10,1,0.3774308368379668,10,A,0.03758342484843073,0.8797866710922881,0.0624242537079364,0.9615486711313244,0.0624242537079364,0.8797866710922881,True
11,1,0.31946936222573746,11,A,0.03758342484843073,0.8797866710922881,0.0624242537079364,0.9615486711313244,0.0624242537079364,0.8797866710922881,True
12,0,0.1594786251794356,12,A,0.03758342484843073,0.8797866710922881,0.0624242537079364,0.9615486711313244,0.0624242537079364,0.8797866710922881,True
13,1,0.7495636557786469,13,A,0.03758342484843073,0.8797866710922881,0.0624242537079364,0.9615486711313244,0.0624242537079364,0.8797866710922881,True
14,1,0.25449350597957915,14,A,0.03758342484843073,0.8797866710922881,0.0624242537079364,0.9615486711313244,0.0624242537079364,0.8797866710922881,True
15,0,0.5285014855979455,15,A,0.03758342484843073,0.8797866710922881,0.0624242537079364,0.9615486711313244,0.0624242537079364,0.8797866710922881,True
16,0,0.35782709250625583,16,A,0.03758342484843073,0.8797866710922881,0.0624242537079364,0.9615486711313244,0.0624242537079364,0.8797866710922881,True
17,0,0.38489900830606033,17,A,0.03758342484843073,0.8797866710922881,0.0624242537079364,0.9615486711313244,0.0624242537079364,0.8797866710922881,True
18,1,0.73387663465712,18,A,0.03758342484843073,0.8797866710922881,0.0624242537079364,0.9615486711313244,0.0624242537079364,0.8797866710922881,True
19,0,0.3619442651674244,19,A,0.03758342484843073,0.8797866710922881,0.0624242537079364,0.9615486711313244,0.0624242537079364,0.8797866710922881,True
20,0,0.0483537101645429,20,A,0.03758342484843073,0.8797866710922881,0.0624242537079364,0.9615486711313244,0.0624242537079364,0.8797866710922881,False
21,0,0.3663701753491795,21,A,0.03758342484843073,0.8797866710922881,0.0624242537079364,0.9615486711313244,0.0624242537079364,0.8797866710922881,True
22,0,0.3738316428172466,22,A,0.03758342484843073,0.8797866710922881,0.0624242537079364,0.9615486711313244,0.0624242537079364,0.8797866710922881,True
23,1,0.718424352693106,23,A,0.03758342484843073,0.8797866710922881,0.0624242537079364,0.9615486711313244,0.0624242537079364,0.8797866710922881,True
24,1,0.6927537135154594,24,A,0.03758342484843073,0.8797866710922881,0.0624242537079364,0.9615486711313244,0.0624242537079364,0.8797866710922881,True
25,0,0.37771233325519965,25,A,0.03758342484843073,0.8797866710922881,0.0624242537079364,0.9615486711313244,0.0624242537079364,0.8797866710922881,True
26,0,0.308656845817476,26,A,0.03758342484843073,0.8797866710922881,0.0624242537079364,0.9615486711313244,0.0624242537079364,0.8797866710922881,True
27,1,0.2631219425489857,27,A,0.03758342484843073,0.8797866710922881,0.0624242537079364,0.9615486711313244,0.0624242537079364,0.8797866710922881,True
28,1,0.5911372994652649,28,A,0.03758342484843073,0.8797866710922881,0.0624242537079364,0.9615486711313244,0.0624242537079364,0.8797866710922881,True
29,0,0.17705004086674708,29,A,0.03758342484843073,0.8797866710922881,0.0624242537079364,0.9615486711313244,0.0624242537079364,0.8797866710922881,True
30,0,0.7277613924566,30,A,0.03758342484843073,0.8797866710922881,0.0624242537079364,0.9615486711313244,0.0624242537079364,0.8797866710922881,True
31,1,0.4674856640061665,31,A,0.03758342484843073,0.8797866710922881,0.0624242537079364,0.9615486711313244,0.0624242537079364,0.8797866710922881,True
32,1,0.3870753739722263,32,A,0.03758342484843073,0.8797866710922881,0.0624242537079364,0.9615486711313244,0.0624242537079364,0.8797866710922881,True
33,1,0.8850101129916483,33,A,0.03758342484843073,0.8797866710922881,0.0624242537079364,0.9615486711313244,0.0624242537079364,0.8797866710922881,False
34,0,0.0971405081645456,34,A,0.03758342484843073,0.8797866710922881,0.0624242537079364,0.9615486711313244,0.0624242537079364,0.8797866710922881,True
35,1,0.6801719096213688,35,A,0.03758342484843073,0.8797866710922881,0.0624242537079364,0.9615486711313244,0.0624242537079364,0.8797866710922881,True
36,0,0.2007158058129386,36,A,0.03758342484843073,0.8797866710922881,0.0624242537079364,0.9615486711313244,0.0624242537079364,0.8797866710922881,True
37,0,0.4166257584164822,37,A,0.03758342484843073,0.8797866710922881,0.0624242537079364,0.9615486711313244,0.0624242537079364,0.8797866710922881,True
38,0,0.25272561223562356,38,A,0.03758342484843073,0.8797866710922881,0.0624242537079364,0.9615486711313244,0.0624242537079364,0.8797866710922881,True
39,1,0.7449871742903398,39,A,0.03758342484843073,0.8797866710922881,0.0624242537079364,0.9615486711313244,0.0624242537079364,0.8797866710922881,True
40,1,0.7623089994361073,40,A,0.03758342484843073,0.8797866710922881,0.0624242537079364,0.9615486711313244,0.0624242537079364,0.8797866710922881,True
41,0,0.27065624997900567,41,A,0.03758342484843073,0.8797866710922881,0.0624242537079364,0.9615486711313244,0.0624242537079364,0.8797866710922881,True
42,0,0.43447571856435974,42,A,0.03758342484843073,0.8797866710922881,0.0624242537079364,0.9615486711313244,0.0624242537079364,0.8797866710922881,True
43,0,0.27077512186649577,43,A,0.03758342484843073,0.8797866710922881,0.0624242537079364,0.9615486711313244,0.0624242537079364,0.8797866710922881,True
44,0,0.786855530014399,44,A,0.03758342484843073,0.8797866710922881,0.0624242537079364,0.9615486711313244,0.0624242537079364,0.8797866710922881,True
45,1,0.23828907667434543,45,A,0.03758342484843073,0.8797866710922881,0.0624242537079364,0.9615486711313244,0.0624242537079364,0.8797866710922881,True
46,0,0.29995486071794025,46,A,0.03758342484843073,0.8797866710922881,0.0624242537079364,0.9615486711313244,0.0624242537079364,0.8797866710922881,True
47,1,0.6214096553744293,47,A,0.03758342484843073,0.8797866710922881,0.0624242537079364,0.9615486711313244,0.0624242537079364,0.8797866710922881,True
48,0,0.3853317713399411,48,A,0.03758342484843073,0.8797866710922881,0.0624242537079364,0.9615486711313244,0.0624242537079364,0.8797866710922881,True
49,1,0.5729269440594728,49,A,0.03758342484843073,0.8797866710922881,0.0624242537079364,0.9615486711313244,0.0624242537079364,0.8797866710922881,True
50,1,0.7795493297250559,50,A,0.03758342484843073,0.8797866710922881,0.0624242537079364,0.9615486711313244,0.0624242537079364,0.8797866710922881,True
51,1,0.539480050251148,51,A,0.03758342484843073,0.8797866710922881,0.0624242537079364,0.9615486711313244,0.0624242537079364,0.8797866710922881,True
52,0,0.4555491720629585,52,A,0.03758342484843073,0.8797866710922881,0.0624242537079364,0.9615486711313244,0.0624242537079364,0.8797866710922881,True
53,1,0.35357920331854265,53,A,0.03758342484843073,0.8797866710922881,0.0624242537079364,0.9615486711313244,0.0624242537079364,0.8797866710922881,True
54,0,0.22418773482090057,54,A,0.03758342484843073,0.8797866710922881,0.0624242537079364,0.9615486711313244,0.0624242537079364,0.8797866710922881,True
55,0,0.5773659173321471,55,A,0.03758342484843073,0.8797866710922881,0.0624242537079364,0.9615486711313244,0.0624242537079364,0.8797866710922881,True
56,1,0.44656294479430375,56,A,0.03758342484843073,0.8797866710922881,0.0624242537079364,0.9615486711313244,0.0624242537079364,0.8797866710922881,True
57,1,0.22295701761230913,57,A,0.03758342484843073,0.8797866710922881,0.0624242537079364,0.9615486711313244,0.0624242537079364,0.8797866710922881,True
58,1,0.43744079300978567,58,A,0.03758342484843073,0.8797866710922881,0.0624242537079364,0.9615486711313244,0.0624242537079364,0.8797866710922881,True
59,0,0.09237928686929132,59,A,0.03758342484843073,0.8797866710922881,0.0624242537079364,0.9615486711313244,0.0624242537079364,0.8797866710922881,True
60,1,0.6656882061097014,60,A,0.03758342484843073,0.8797866710922881,0.0624242537079364,0.9615486711313244,0.0624242537079364,0.8797866710922881,True
61,1,0.19011773143566923,61,A,0.03758342484843073,0.8797866710922881,0.0624242537079364,0.9615486711313244,0.0624242537079364,0.8797866710922881,True
62,0,0.3848892004697606,62,A,0.03758342484843073,0.8797866710922881,0.0624242537079364,0.9615486711313244,0.0624242537079364,0.8797866710922881,True
63,0,0.2484168858717039,63,A,0.03758342484843073,0.8797866710922881,0.0624242537079364,0.9615486711313244,0.0624242537079364,0.8797866710922881,True
64,0,0.21892408542830666,64,A,0.03758342484843073,0.8797866710922881,0.0624242537079364,0.9615486711313244,0.0624242537079364,0.8797866710922881,True
65,1,0.8985185175084369,65,A,0.03758342484843073,0.8797866710922881,0.0624242537079364,0.9615486711313244,0.0624242537079364,0.8797866710922881,False
66,1,0.330965668296353,66,A,0.03758342484843073,0.8797866710922881,0.0624242537079364,0.9615486711313244,0.0624242537079364,0.8797866710922881,True
67,0,0.4642003930431396,67,A,0.03758342484843073,0.8797866710922881,0.0624242537079364,0.9615486711313244,0.0624242537079364,0.8797866710922881,True
68,1,0.6415013826247831,68,A,0.03758342484843073,0.8797866710922881,0.0624242537079364,0.9615486711313244,0.0624242537079364,0.8797866710922881,True
69,1,0.833083496252042,69,A,0.03758342484843073,0.8797866710922881,0.0624242537079364,0.9615486711313244,0.0624242537079364,0.8797866710922881,True
70,1,0.38562792905393245,70,A,0.03758342484843073,0.8797866710922881,0.0624242537079364,0.9615486711313244,0.0624242537079364,0.8797866710922881,True
71,0,0.35225698775104874,71,A,0.03758342484843073,0.8797866710922881,0.0624242537079364,0.9615486711313244,0.0624242537079364,0.8797866710922881,True
72,1,0.3686945378466807,72,A,0.03758342484843073,0.8797866710922881,0.0624242537079364,0.9615486711313244,0.0624242537079364,0.8797866710922881,True
73,0,0.34779934857384315,73,A,0.03758342484843073,0.8797866710922881,0.0624242537079364,0.9615486711313244,0.0624242537079364,0.8797866710922881,True
74,1,0.5109944235712709,74,A,0.03758342484843073,0.8797866710922881,0.0624242537079364,0.9615486711313244,0.0624242537079364,0.8797866710922881,True
75,1,0.6474387958766887,75,A,0.03758342484843073,0.8797866710922881,0.0624242537079364,0.9615486711313244,0.0624242537079364,0.8797866710922881,True
76,0,0.510460346465437,76,A,0.03758342484843073,0.8797866710922881,0.0624242537079364,0.9615486711313244,0.0624242537079364,0.8797866710922881,True
77,0,0.5168111115743376,77,A,0.03758342484843073,0.8797866710922881,0.0624242537079364,0.9615486711313244,0.0624242537079364,0.8797866710922881,True
78,1,0.5496297815038722,78,A,0.03758342484843073,0.8797866710922881,0.0624242537079364,0.9615486711313244,0.0624242537079364,0.8797866710922881,True
79,1,0.5146419447329397,79,A,0.03758342484843073,0.8797866710922881,0.0624242537079364,0.9615486711313244,0.0624242537079364,0.8797866710922881,True
80,0,0.20823632266981568,80,A,0.03758342484843073,0.8797866710922881,0.0624242537079364,0.9615486711313244,0.0624242537079364,0.8797866710922881,True
81,0,0.3487851976406424,81,A,0.03758342484843073,0.8797866710922881,0.0624242537079364,0.9615486711313244,0.0624242537079364,0.8797866710922881,True
82,1,0.9094692794379212,82,A,0.03758342484843073,0.8797866710922881,0.0624242537079364,0.9615486711313244,0.0624242537079364,0.8797866710922881,False
83,0,0.4455835214294512,83,A,0.03758342484843073,0.8797866710922881,0.0624242537079364,0.9615486711313244,0.0624242537079364,0.8797866710922881,True
84,0,0.4092671044758058,84,A,0.03758342484843073,0.8797866710922881,0.0624242537079364,0.9615486711313244,0.0624242537079364,0.8797866710922881,True
85,0,0.5127920433734202,85,A,0.03758342484843073,0.8797866710922881,0.0624242537079364,0.9615486711313244,0.0624242537079364,0.8797866710922881,True
86,0,0.3548655212414986,86,A,0.03758342484843073,0.8797866710922881,0.0624242537079364,0.9615486711313244,0.0624242537079364,0.8797866710922881,True
87,1,0.6718614469932597,87,A,0.03758342484843073,0.8797866710922881,0.0624242537079364,0.9615486711313244,0.0624242537079364,0.8797866710922881,True
88,1,0.27346089503261517,88,A,0.03758342484843073,0.8797866710922881,0.0624242537079364,0.9615486711313244,0.0624242537079364,0.8797866710922881,True
89,1,0.5071623586334634,89,A,0.03758342484843073,0.8797866710922881,0.0624242537079364,0.9615486711313244,0.0624242537079364,0.8797866710922881,True
90,1,0.5928498671146927,90,A,0.03758342484843073,0.8797866710922881,0.0624242537079364,0.9615486711313244,0.0624242537079364,0.8797866710922881,True
91,0,0.3467366116551948,91,A,0.03758342484843073,0.8797866710922881,0.0624242537079364,0.9615486711313244,0.0624242537079364,0.8797866710922881,True
92,1,0.5237657416569695,92,A,0.03758342484843073,0.8797866710922881,0.0624242537079364,0.9615486711313244,0.0624242537079364,0.8797866710922881,True
93,1,0.7595661879161826,93,A,0.03758342484843073,0.8797866710922881,0.0624242537079364,0.9615486711313244,0.0624242537079364,0.8797866710922881,True
94,0,0.3864144204041986,94,A,0.03758342484843073,0.8797866710922881,0.0624242537079364,0.9615486711313244,0.0624242537079364,0.8797866710922881,True
95,1,0.6773379352460343,95,A,0.03758342484843073,0.8797866710922881,0.0624242537079364,0.9615486711313244,0.0624242537079364,0.8797866710922881,True
96,0,0.19819176521408816,96,A,0.03758342484843073,0.8797866710922881,0.0624242537079364,0.9615486711313244,0.0624242537079364,0.8797866710922881,True
97,1,0.9194938428415321,97,A,0.03758342484843073,0.8797866710922881,0.0624242537079364,0.9615486711313244,0.0624242537079364,0.8797866710922881,False
98,0,0.5366514818591727,98,A,0.03758342484843073,0.8797866710922881,0.0624242537079364,0.9615486711313244,0.0624242537079364,0.8797866710922881,True
99,1,0.3229571355232492,99,A,0.03758342484843073,0.8797866710922881,0.0624242537079364,0.9615486711313244,0.0624242537079364,0.8797866710922881,True
100,1,0.5185668828717213,100,A,0.03758342484843073,0.8797866710922881,0.0624242537079364,0.9615486711313244,0.0624242537079364,0.8797866710922881,True
101,0,0.1671811536750768,101,A,0.03758342484843073,0.8797866710922881,0.0624242537079364,0.9615486711313244,0.0624242537079364,0.8797866710922881,True
102,1,0.4022567187018849,102,A,0.03758342484843073,0.8797866710922881,0.0624242537079364,0.9615486711313244,0.0624242537079364,0.8797866710922881,True
103,1,0.42396512119523094,103,A,0.03758342484843073,0.8797866710922881,0.0624242537079364,0.9615486711313244,0.0624242537079364,0.8797866710922881,True
104,1,0.7002873414664555,104,A,0.03758342484843073,0.8797866710922881,0.0624242537079364,0.9615486711313244,0.0624242537079364,0.8797866710922881,True
105,1,0.8861413114971365,105,A,0.03758342484843073,0.8797866710922881,0.0624242537079364,0.9615486711313244,0.0624242537079364,0.8797866710922881,False
106,0,0.17956569208140927,106,A,0.03758342484843073,0.8797866710922881,0.0624242537079364,0.9615486711313244,0.0624242537079364,0.8797866710922881,True
107,0,0.31309825079840026,107,A,0.03758342484843073,0.8797866710922881,0.0624242537079364,0.9615486711313244,0.0624242537079364,0.8797866710922881,True
108,1,0.8776553652514293,108,A,0.03758342484843073,0.8797866710922881,0.0624242537079364,0.9615486711313244,0.0624242537079364,0.8797866710922881,True
109,1,0.769304242504652,109,A,0.03758342484843073,0.8797866710922881,0.0624242537079364,0.9615486711313244,0.0624242537079364,0.8797866710922881,True
110,0,0.7805606209000887,110,A,0.03758342484843073,0.8797866710922881,0.0624242537079364,0.9615486711313244,0.0624242537079364,0.8797866710922881,True
111,0,0.06930251410147492,111,A,0.03758342484843073,0.8797866710922881,0.0624242537079364,0.9615486711313244,0.0624242537079364,0.8797866710922881,True
112,0,0.3695012412322406,112,A,0.03758342484843073,0.8797866710922881,0.0624242537079364,0.9615486711313244,0.0624242537079364,0.8797866710922881,True
113,0,0.20643250135148938,113,A,0.03758342484843073,0.8797866710922881,0.0624242537079364,0.9615486711313244,0.0624242537079364,0.8797866710922881,True
114,0,0.25393334341281804,114,A,0.03758342484843073,0.8797866710922881,0.0624242537079364,0.9615486711313244,0.0624242537079364,0.8797866710922881,True
115,0,0.24773537465156198,115,A,0.03758342484843073,0.8797866710922881,0.0624242537079364,0.9615486711313244,0.0624242537079364,0.8797866710922881,True
116,1,0.449606361809155,116,A,0.03758342484843073,0.8797866710922881,0.0624242537079364,0.9615486711313244,0.0624242537079364,0.8797866710922881,True
117,1,0.48657226919727165,117,A,0.03758342484843073,0.8797866710922881,0.0624242537079364,0.9615486711313244,0.0624242537079364,0.8797866710922881,True
118,1,0.509034617024178,118,A,0.03758342484843073,0.8797866710922881,0.0624242537079364,0.9615486711313244,0.0624242537079364,0.8797866710922881,True
119,0,0.5913903949357003,119,A,0.03758342484843073,0.8797866710922881,0.0624242537079364,0.9615486711313244,0.0624242537079364,0.8797866710922881,True
120,1,0.4886952832929193,120,A,0.03758342484843073,0.8797866710922881,0.0624242537079364,0.9615486711313244,0.0624242537079364,0.8797866710922881,True
121,1,0.5738990877283735,121,A,0.03758342484843073,0.8797866710922881,0.0624242537079364,0.9615486711313244,0.0624242537079364,0.8797866710922881,True
122,0,0.21503235252834574,122,A,0.03758342484843073,0.8797866710922881,0.0624242537079364,0.9615486711313244,0.0624242537079364,0.8797866710922881,True
123,1,0.6355111765675641,123,A,0.03758342484843073,0.8797866710922881,0.0624242537079364,0.9615486711313244,0.0624242537079364,0.8797866710922881,True
124,0,0.2726935398627827,124,A,0.03758342484843073,0.8797866710922881,0.0624242537079364,0.9615486711313244,0.0624242537079364,0.8797866710922881,True
125,1,0.43280402272839713,125,A,0.03758342484843073,0.8797866710922881,0.0624242537079364,0.9615486711313244,0.0624242537079364,0.8797866710922881,True
126,1,0.7550431970326988,126,A,0.03758342484843073,0.8797866710922881,0.0624242537079364,0.9615486711313244,0.0624242537079364,0.8797866710922881,True
127,1,0.41487118629143804,127,A,0.03758342484843073,0.8797866710922881,0.0624242537079364,0.9615486711313244,0.0624242537079364,0.8797866710922881,True
128,1,0.5221624967716274,128,A,0.03758342484843073,0.8797866710922881,0.0624242537079364,0.9615486711313244,0.0624242537079364,0.8797866710922881,True
129,1,0.7816170730581188,129,A,0.03758342484843073,0.8797866710922881,0.0624242537079364,0.9615486711313244,0.0624242537079364,0.8797866710922881,True
130,1,0.3085089926787461,130,A,0.03758342484843073,0.8797866710922881,0.0624242537079364,0.9615486711313244,0.0624242537079364,0.8797866710922881,True
131,0,0.605323282372304,131,A,0.03758342484843073,0.8797866710922881,0.0624242537079364,0.9615486711313244,0.0624242537079364,0.8797866710922881,True
132,1,0.20409618647441632,132,A,0.03758342484843073,0.8797866710922881,0.0624242537079364,0.9615486711313244,0.0624242537079364,0.8797866710922881,True
133,1,0.0624242537079364,133,A,0.03758342484843073,0.8797866710922881,0.0624242537079364,0.9615486711313244,0.0624242537079364,0.8797866710922881,True
134,0,0.21789335926083678,134,A,0.03758342484843073,0.8797866710922881,0.0624242537079364,0.9615486711313244,0.0624242537079364,0.8797866710922881,True
135,1,0.3517635885286871,135,A,0.03758342484843073,0.8797866710922881,0.0624242537079364,0.9615486711313244,0.0624242537079364,0.8797866710922881,True
136,0,0.6214177228204645,136,A,0.03758342484843073,0.8797866710922881,0.0624242537079364,0.9615486711313244,0.0624242537079364,0.8797866710922881,True
137,1,0.684714524040493,137,A,0.03758342484843073,0.8797866710922881,0.0624242537079364,0.9615486711313244,0.0624242537079364,0.8797866710922881,True
138,1,0.3152595318801383,138,A,0.03758342484843073,0.8797866710922881,0.0624242537079364,0.9615486711313244,0.0624242537079364,0.8797866710922881,True
139,0,0.5257786317310308,139,A,0.03758342484843073,0.8797866710922881,0.0624242537079364,0.9615486711313244,0.0624242537079364,0.8797866710922881,True
140,1,0.22814723554014807,140,A,0.03758342484843073,0.8797866710922881,0.0624242537079364,0.9615486711313244,0.0624242537079364,0.8797866710922881,True
141,0,0.06524529019934745,141,A,0.03758342484843073,0.8797866710922881,0.0624242537079364,0.9615486711313244,0.0624242537079364,0.8797866710922881,True
142,0,0.6131269981479925,142,A,0.03758342484843073,0.8797866710922881,0.0624242537079364,0.9615486711313244,0.0624242537079364,0.8797866710922881,True
143,1,0.44859897876089194,143,A,0.03758342484843073,0.8797866710922881,0.0624242537079364,0.9615486711313244,0.0624242537079364,0.8797866710922881,True
144,1,0.6576810313642246,144,A,0.03758342484843073,0.8797866710922881,0.0624242537079364,0.9615486711313244,0.0624242537079364,0.8797866710922881,True
145,0,0.22122771344894995,145,A,0.03758342484843073,0.8797866710922881,0.0624242537079364,0.9615486711313244,0.0624242537079364,0.8797866710922881,True
146,0,0.4407429006906764,146,A,0.03758342484843073,0.8797866710922881,0.0624242537079364,0.9615486711313244,0.0624242537079364,0.8797866710922881,True
147,1,0.5557881071058148,147,A,0.03758342484843073,0.8797866710922881,0.0624242537079364,0.9615486711313244,0.0624242537079364,0.8797866710922881,True
148,0,0.3144917643185447,148,A,0.03758342484843073,0.8797866710922881,0.0624242537079364,0.9615486711313244,0.0624242537079364,0.8797866710922881,True
149,0,0.6979922359116816,149,A,0.03758342484843073,0.8797866710922881,0.0624242537079364,0.9615486711313244,0.0624242537079364,0.8797866710922881,True
150,0,0.27736113229464615,150,A,0.03758342484843073,0.8797866710922881,0.0624242537079364,0.9615486711313244,0.0624242537079364,0.8797866710922881,True
151,0,0.3812682505626284,151,A,0.03758342484843073,0.8797866710922881,0.0624242537079364,0.9615486711313244,0.0624242537079364,0.8797866710922881,True
152,0,0.6186541040080695,152,A,0.03758342484843073,0.8797866710922881,0.0624242537079364,0.9615486711313244,0.0624242537079364,0.8797866710922881,True
153,0,0.3522493991734637,153,A,0.03758342484843073,0.8797866710922881,0.0624242537079364,0.9615486711313244,0.0624242537079364,0.8797866710922881,True
154,1,0.8332899875957436,154,A,0.03758342484843073,0.8797866710922881,0.0624242537079364,0.9615486711313244,0.0624242537079364,0.8797866710922881,True
155,1,0.6613810075327661,155,A,0.03758342484843073,0.8797866710922881,0.0624242537079364,0.9615486711313244,0.0624242537079364,0.8797866710922881,True
156,1,0.785170678062189,156,A,0.03758342484843073,0.8797866710922881,0.0624242537079364,0.9615486711313244,0.0624242537079364,0.8797866710922881,True
157,1,0.47832784312641774,157,A,0.03758342484843073,0.8797866710922881,0.0624242537079364,0.9615486711313244,0.0624242537079364,0.8797866710922881,True
158,0,0.827334793998354,158,A,0.03758342484843073,0.8797866710922881,0.0624242537079364,0.9615486711313244,0.0624242537079364,0.8797866710922881,True
159,0,0.21166520692111812,159,A,0.03758342484843073,0.8797866710922881,0.0624242537079364,0.9615486711313244,0.0624242537079364,0.8797866710922881,True
160,1,0.5913264058481492,160,A,0.03758342484843073,0.8797866710922881,0.0624242537079364,0.9615486711313244,0.0624242537079364,0.8797866710922881,True
161,0,0.6462937860185931,161,A,0.03758342484843073,0.8797866710922881,0.0624242537079364,0.9615486711313244,0.0624242537079364,0.8797866710922881,True
162,0,0.5526695710629299,162,A,0.03758342484843073,0.8797866710922881,0.0624242537079364,0.9615486711313244,0.0624242537079364,0.8797866710922881,True
163,1,0.771052754285104,163,A,0.03758342484843073,0.8797866710922881,0.0624242537079364,0.9615486711313244,0.0624242537079364,0.8797866710922881,True
164,0,0.30537615350001135,164,A,0.03758342484843073,0.8797866710922881,0.0624242537079364,0.9615486711313244,0.0624242537079364,0.8797866710922881,True
165,1,0.42392101961891393,165,A,0.03758342484843073,0.8797866710922881,0.0624242537079364,0.9615486711313244,0.0624242537079364,0.8797866710922881,True
166,0,0.45942209163009706,166,A,0.03758342484843073,0.8797866710922881,0.0624242537079364,0.9615486711313244,0.0624242537079364,0.8797866710922881,True
167,1,0.7018403385925074,167,A,0.03758342484843073,0.8797866710922881,0.0624242537079364,0.9615486711313244,0.0624242537079364,0.8797866710922881,True
168,0,0.5052069487585834,168,A,0.03758342484843073,0.8797866710922881,0.0624242537079364,0.9615486711313244,0.0624242537079364,0.8797866710922881,True
169,1,0.9561734313315646,169,A,0.03758342484843073,0.8797866710922881,0.0624242537079364,0.9615486711313244,0.0624242537079364,0.8797866710922881,False
170,1,0.3251495819078491,170,A,0.03758342484843073,0.8797866710922881,0.0624242537079364,0.9615486711313244,0.0624242537079364,0.8797866710922881,True
171,1,0.4702171865665307,171,A,0.03758342484843073,0.8797866710922881,0.0624242537079364,0.9615486711313244,0.0624242537079364,0.8797866710922881,True
172,0,0.4392377598258977,172,A,0.03758342484843073,0.8797866710922881,0.0624242537079364,0.9615486711313244,0.0624242537079364,0.8797866710922881,True
173,1,0.5544047640722661,173,A,0.03758342484843073,0.8797866710922881,0.0624242537079364,0.9615486711313244,0.0624242537079364,0.8797866710922881,True
174,1,0.8731829602607589,174,A,0.03758342484843073,0.8797866710922881,0.0624242537079364,0.9615486711313244,0.0624242537079364,0.8797866710922881,True
175,0,0.491708805145142,175,A,0.03758342484843073,0.8797866710922881,0.0624242537079364,0.9615486711313244,0.0624242537079364,0.8797866710922881,True
176,1,0.5998919082137649,176,A,0.03758342484843073,0.8797866710922881,0.0624242537079364,0.9615486711313244,0.0624242537079364,0.8797866710922881,True
177,0,0.2076858832166753,177,A,0.03758342484843073,0.8797866710922881,0.0624242537079364,0.9615486711313244,0.0624242537079364,0.8797866710922881,True
178,1,0.9200705217240065,178,A,0.03758342484843073,0.8797866710922881,0.0624242537079364,0.9615486711313244,0.0624242537079364,0.8797866710922881,False
179,1,0.33374993871489533,179,A,0.03758342484843073,0.8797866710922881,0.0624242537079364,0.9615486711313244,0.0624242537079364,0.8797866710922881,True
180,1,0.8681934407782786,180,A,0.03758342484843073,0.8797866710922881,0.0624242537079364,0.9615486711313244,0.0624242537079364,0.8797866710922881,True
181,1,0.73198980216318,181,A,0.03758342484843073,0.8797866710922881,0.0624242537079364,0.9615486711313244,0.0624242537079364,0.8797866710922881,True
182,1,0.9615486711313244,182,A,0.03758342484843073,0.8797866710922881,0.0624242537079364,0.9615486711313244,0.0624242537079364,0.8797866710922881,False
183,0,0.6925737100420883,183,A,0.03758342484843073,0.8797866710922881,0.0624242537079364,0.9615486711313244,0.0624242537079364,0.8797866710922881,True
184,0,0.6408688435405259,184,A,0.03758342484843073,0.8797866710922881,0.0624242537079364,0.9615486711313244,0.0624242537079364,0.8797866710922881,True
185,1,0.4627238919424028,185,A,0.03758342484843073,0.8797866710922881,0.0624242537079364,0.9615486711313244,0.0624242537079364,0.8797866710922881,True
186,1,0.7131891816934927,186,A,0.03758342484843073,0.8797866710922881,0.0624242537079364,0.9615486711313244,0.0624242537079364,0.8797866710922881,True
187,0,0.1831223634883567,187,A,0.03758342484843073,0.8797866710922881,0.0624242537079364,0.9615486711313244,0.0624242537079364,0.8797866710922881,True
188,1,0.3841829670389917,188,A,0.03758342484843073,0.8797866710922881,0.0624242537079364,0.9615486711313244,0.0624242537079364,0.8797866710922881,True
189,0,0.35099643995436364,189,A,0.03758342484843073,0.8797866710922881,0.0624242537079364,0.9615486711313244,0.0624242537079364,0.8797866710922881,True
190,1,0.6554808759478433,190,A,0.03758342484843073,0.8797866710922881,0.0624242537079364,0.9615486711313244,0.0624242537079364,0.8797866710922881,True
191,1,0.7753048856276665,191,A,0.03758342484843073,0.8797866710922881,0.0624242537079364,0.9615486711313244,0.0624242537079364,0.8797866710922881,True
192,0,0.5628309451329034,192,A,0.03758342484843073,0.8797866710922881,0.0624242537079364,0.9615486711313244,0.0624242537079364,0.8797866710922881,True
193,0,0.7122708205351422,193,A,0.03758342484843073,0.8797866710922881,0.0624242537079364,0.9615486711313244,0.0624242537079364,0.8797866710922881,True
194,0,0.34479140793308927,194,A,0.03758342484843073,0.8797866710922881,0.0624242537079364,0.9615486711313244,0.0624242537079364,0.8797866710922881,True
195,0,0.2524543076215532,195,A,0.03758342484843073,0.8797866710922881,0.0624242537079364,0.9615486711313244,0.0624242537079364,0.8797866710922881,True
196,1,0.5819430823982035,196,A,0.03758342484843073,0.8797866710922881,0.0624242537079364,0.9615486711313244,0.0624242537079364,0.8797866710922881,True
197,0,0.17177850905349673,197,A,0.03758342484843073,0.8797866710922881,0.0624242537079364,0.9615486711313244,0.0624242537079364,0.8797866710922881,True
198,0,0.460035469967782,198,A,0.03758342484843073,0.8797866710922881,0.0624242537079364,0.9615486711313244,0.0624242537079364,0.8797866710922881,True
199,1,0.2577617391005519,199,A,0.03758342484843073,0.8797866710922881,0.0624242537079364,0.9615486711313244,0.0624242537079364,0.8797866710922881,True
200,1,0.508488417920358,200,A,0.03758342484843073,0.8797866710922881,0.0624242537079364,0.9615486711313244,0.0624242537079364,0.8797866710922881,True
201,1,0.3696792099490131,201,A,0.03758342484843073,0.8797866710922881,0.0624242537079364,0.9615486711313244,0.0624242537079364,0.8797866710922881,True
202,0,0.5781156417333593,202,A,0.03758342484843073,0.8797866710922881,0.0624242537079364,0.9615486711313244,0.0624242537079364,0.8797866710922881,True
203,1,0.9229261088620051,203,A,0.03758342484843073,0.8797866710922881,0.0624242537079364,0.9615486711313244,0.0624242537079364,0.8797866710922881,False
204,0,0.41625032563998826,204,A,0.03758342484843073,0.8797866710922881,0.0624242537079364,0.9615486711313244,0.0624242537079364,0.8797866710922881,True
205,0,0.17417598159886907,205,A,0.03758342484843073,0.8797866710922881,0.0624242537079364,0.9615486711313244,0.0624242537079364,0.8797866710922881,True
206,1,0.534467216546177,206,A,0.03758342484843073,0.8797866710922881,0.0624242537079364,0.9615486711313244,0.0624242537079364,0.8797866710922881,True
207,1,0.7018977196714331,207,A,0.03758342484843073,0.8797866710922881,0.0624242537079364,0.9615486711313244,0.0624242537079364,0.8797866710922881,True
208,0,0.4160607998680587,208,A,0.03758342484843073,0.8797866710922881,0.0624242537079364,0.9615486711313244,0.0624242537079364,0.8797866710922881,True
209,0,0.55316860464852,209,A,0.03758342484843073,0.8797866710922881,0.0624242537079364,0.9615486711313244,0.0624242537079364,0.8797866710922881,True
210,0,0.061446867511474185,210,A,0.03758342484843073,0.8797866710922881,0.0624242537079364,0.9615486711313244,0.0624242537079364,0.8797866710922881,False
211,0,0.38054517182183334,211,A,0.03758342484843073,0.8797866710922881,0.0624242537079364,0.9615486711313244,0.0624242537079364,0.8797866710922881,True
212,0,0.24874948795902385,212,A,0.03758342484843073,0.8797866710922881,0.0624242537079364,0.9615486711313244,0.0624242537079364,0.8797866710922881,True
213,0,0.2725824980721719,213,A,0.03758342484843073,0.8797866710922881,0.0624242537079364,0.9615486711313244,0.0624242537079364,0.8797866710922881,True
214,0,0.43779476549819685,214,A,0.03758342484843073,0.8797866710922881,0.0624242537079364,0.9615486711313244,0.0624242537079364,0.8797866710922881,True
215,1,0.6386936291521392,215,A,0.03758342484843073,0.8797866710922881,0.0624242537079364,0.9615486711313244,0.0624242537079364,0.8797866710922881,True
216,0,0.5719299174410428,216,A,0.03758342484843073,0.8797866710922881,0.0624242537079364,0.9615486711313244,0.0624242537079364,0.8797866710922881,True
217,1,0.6897031982298928,217,A,0.03758342484843073,0.8797866710922881,0.0624242537079364,0.9615486711313244,0.0624242537079364,0.8797866710922881,True
218,0,0.6486907911725933,218,A,0.03758342484843073,0.8797866710922881,0.0624242537079364,0.9615486711313244,0.0624242537079364,0.8797866710922881,True
219,0,0.4073269211358698,219,A,0.03758342484843073,0.8797866710922881,0.0624242537079364,0.9615486711313244,0.0624242537079364,0.8797866710922881,True
220,0,0.3134249499132172,220,A,0.03758342484843073,0.8797866710922881,0.0624242537079364,0.9615486711313244,0.0624242537079364,0.8797866710922881,True
221,0,0.12662467247119996,221,A,0.03758342484843073,0.8797866710922881,0.0624242537079364,0.9615486711313244,0.0624242537079364,0.8797866710922881,True
222,0,0.16759266856871216,222,A,0.03758342484843073,0.8797866710922881,0.0624242537079364,0.9615486711313244,0.0624242537079364,0.8797866710922881,True
223,1,0.5889885920694352,223,A,0.03758342484843073,0.8797866710922881,0.0624242537079364,0.9615486711313244,0.0624242537079364,0.8797866710922881,True
224,0,0.409464242490777,224,A,0.03758342484843073,0.8797866710922881,0.0624242537079364,0.9615486711313244,0.0624242537079364,0.8797866710922881,True
225,0,0.7448103636958935,225,A,0.03758342484843073,0.8797866710922881,0.0624242537079364,0.9615486711313244,0.0624242537079364,0.8797866710922881,True
226,0,0.7150537220411932,226,A,0.03758342484843073,0.8797866710922881,0.0624242537079364,0.9615486711313244,0.0624242537079364,0.8797866710922881,True
227,1,0.3583611248431396,227,A,0.03758342484843073,0.8797866710922881,0.0624242537079364,0.9615486711313244,0.0624242537079364,0.8797866710922881,True
228,0,0.5147941336697575,228,A,0.03758342484843073,0.8797866710922881,0.0624242537079364,0.9615486711313244,0.0624242537079364,0.8797866710922881,True
229,0,0.3130473950822846,229,A,0.03758342484843073,0.8797866710922881,0.0624242537079364,0.9615486711313244,0.0624242537079364,0.8797866710922881,True
230,0,0.2527192691502277,230,A,0.03758342484843073,0.8797866710922881,0.0624242537079364,0.9615486711313244,0.0624242537079364,0.8797866710922881,True
231,0,0.5151951357751308,231,A,0.03758342484843073,0.8797866710922881,0.0624242537079364,0.9615486711313244,0.0624242537079364,0.8797866710922881,True
232,0,0.4054222613734016,232,A,0.03758342484843073,0.8797866710922881,0.0624242537079364,0.9615486711313244,0.0624242537079364,0.8797866710922881,True
233,1,0.45643035644726143,233,A,0.03758342484843073,0.8797866710922881,0.0624242537079364,0.9615486711313244,0.0624242537079364,0.8797866710922881,True
234,0,0.5996153713156676,234,A,0.03758342484843073,0.8797866710922881,0.0624242537079364,0.9615486711313244,0.0624242537079364,0.8797866710922881,True
235,0,0.5075584145165845,235,A,0.03758342484843073,0.8797866710922881,0.0624242537079364,0.9615486711313244,0.0624242537079364,0.8797866710922881,True
236,0,0.03758342484843073,236,A,0.03758342484843073,0.8797866710922881,0.0624242537079364,0.9615486711313244,0.0624242537079364,0.8797866710922881,False
237,1,0.873332782160883,237,A,0.03758342484843073,0.8797866710922881,0.0624242537079364,0.9615486711313244,0.0624242537079364,0.8797866710922881,True
238,0,0.4701630221090731,238,A,0.03758342484843073,0.8797866710922881,0.0624242537079364,0.9615486711313244,0.0624242537079364,0.8797866710922881,True
239,0,0.1839498256106059,239,A,0.03758342484843073,0.8797866710922881,0.0624242537079364,0.9615486711313244,0.0624242537079364,0.8797866710922881,True
240,1,0.3962416336671208,240,A,0.03758342484843073,0.8797866710922881,0.0624242537079364,0.9615486711313244,0.0624242537079364,0.8797866710922881,True
241,1,0.5932799585465881,241,A,0.03758342484843073,0.8797866710922881,0.0624242537079364,0.9615486711313244,0.0624242537079364,0.8797866710922881,True
242,0,0.5266801775792195,242,A,0.03758342484843073,0.8797866710922881,0.0624242537079364,0.9615486711313244,0.0624242537079364,0.8797866710922881,True
243,1,0.6924441684651667,243,A,0.03758342484843073,0.8797866710922881,0.0624242537079364,0.9615486711313244,0.0624242537079364,0.8797866710922881,True
244,1,0.20796123064890373,244,A,0.03758342484843073,0.8797866710922881,0.0624242537079364,0.9615486711313244,0.0624242537079364,0.8797866710922881,True
245,0,0.31845600108331196,245,A,0.03758342484843073,0.8797866710922881,0.0624242537079364,0.9615486711313244,0.0624242537079364,0.8797866710922881,True
246,0,0.3368101882337901,246,A,0.03758342484843073,0.8797866710922881,0.0624242537079364,0.9615486711313244,0.0624242537079364,0.8797866710922881,True
247,1,0.8176538147753255,247,A,0.03758342484843073,0.8797866710922881,0.0624242537079364,0.9615486711313244,0.0624242537079364,0.8797866710922881,True
248,1,0.548778824056136,248,A,0.03758342484843073,0.8797866710922881,0.0624242537079364,0.9615486711313244,0.0624242537079364,0.8797866710922881,True
249,0,0.5310209377716342,249,A,0.03758342484843073,0.8797866710922881,0.0624242537079364,0.9615486711313244,0.0624242537079364,0.8797866710922881,True
250,1,0.3483400722640133,250,A,0.03758342484843073,0.8797866710922881,0.0624242537079364,0.9615486711313244,0.0624242537079364,0.8797866710922881,True
251,0,0.7112820045698394,251,A,0.03758342484843073,0.8797866710922881,0.0624242537079364,0.9615486711313244,0.0624242537079364,0.8797866710922881,True
252,0,0.18805772573646304,252,A,0.03758342484843073,0.8797866710922881,0.0624242537079364,0.9615486711313244,0.0624242537079364,0.8797866710922881,True
253,1,0.4932380727508607,253,A,0.03758342484843073,0.8797866710922881,0.0624242537079364,0.9615486711313244,0.0624242537079364,0.8797866710922881,True
254,0,0.5831656940814569,254,A,0.03758342484843073,0.8797866710922881,0.0624242537079364,0.9615486711313244,0.0624242537079364,0.8797866710922881,True
255,0,0.3902894130844102,255,A,0.03758342484843073,0.8797866710922881,0.0624242537079364,0.9615486711313244,0.0624242537079364,0.8797866710922881,True
256,0,0.18343271354411145,256,A,0.03758342484843073,0.8797866710922881,0.0624242537079364,0.9615486711313244,0.0624242537079364,0.8797866710922881,True
257,1,0.8493300619003137,257,A,0.03758342484843073,0.8797866710922881,0.0624242537079364,0.9615486711313244,0.0624242537079364,0.8797866710922881,True
258,0,0.6215816987348344,258,A,0.03758342484843073,0.8797866710922881,0.0624242537079364,0.9615486711313244,0.0624242537079364,0.8797866710922881,True
259,0,0.30463662370492406,259,A,0.03758342484843073,0.8797866710922881,0.0624242537079364,0.9615486711313244,0.0624242537079364,0.8797866710922881,True
260,0,0.8175049170844603,260,A,0.03758342484843073,0.8797866710922881,0.0624242537079364,0.9615486711313244,0.0624242537079364,0.8797866710922881,True
261,1,0.8721870085182374,261,A,0.03758342484843073,0.8797866710922881,0.0624242537079364,0.9615486711313244,0.0624242537079364,0.8797866710922881,True
262,1,0.5665056637891566,262,A,0.03758342484843073,0.8797866710922881,0.0624242537079364,0.9615486711313244,0.0624242537079364,0.8797866710922881,True
263,0,0.35999417477684614,263,A,0.03758342484843073,0.8797866710922881,0.0624242537079364,0.9615486711313244,0.0624242537079364,0.8797866710922881,True
264,1,0.855990773014478,264,A,0.03758342484843073,0.8797866710922881,0.0624242537079364,0.9615486711313244,0.0624242537079364,0.8797866710922881,True
265,1,0.8493640251230876,265,A,0.03758342484843073,0.8797866710922881,0.0624242537079364,0.9615486711313244,0.0624242537079364,0.8797866710922881,True
266,0,0.12932871963784756,266,A,0.03758342484843073,0.8797866710922881,0.0624242537079364,0.9615486711313244,0.0624242537079364,0.8797866710922881,True
267,0,0.6825405396379731,267,A,0.03758342484843073,0.8797866710922881,0.0624242537079364,0.9615486711313244,0.0624242537079364,0.8797866710922881,True
268,0,0.5939378450527147,268,A,0.03758342484843073,0.8797866710922881,0.0624242537079364,0.9615486711313244,0.0624242537079364,0.8797866710922881,True
269,1,0.3587178360938971,269,A,0.03758342484843073,0.8797866710922881,0.0624242537079364,0.9615486711313244,0.0624242537079364,0.8797866710922881,True
270,1,0.6303400012828502,270,A,0.03758342484843073,0.8797866710922881,0.0624242537079364,0.9615486711313244,0.0624242537079364,0.8797866710922881,True
271,1,0.38252649763748214,271,A,0.03758342484843073,0.8797866710922881,0.0624242537079364,0.9615486711313244,0.0624242537079364,0.8797866710922881,True
272,0,0.17202000858274114,272,A,0.03758342484843073,0.8797866710922881,0.0624242537079364,0.9615486711313244,0.0624242537079364,0.8797866710922881,True
273,0,0.7468230918487331,273,A,0.03758342484843073,0.8797866710922881,0.0624242537079364,0.9615486711313244,0.0624242537079364,0.8797866710922881,True
274,1,0.8980382562801201,274,A,0.03758342484843073,0.8797866710922881,0.0624242537079364,0.9615486711313244,0.0624242537079364,0.8797866710922881,False
275,1,0.5162103874861489,275,A,0.03758342484843073,0.8797866710922881,0.0624242537079364,0.9615486711313244,0.0624242537079364,0.8797866710922881,True
276,1,0.7632453599399776,276,A,0.03758342484843073,0.8797866710922881,0.0624242537079364,0.9615486711313244,0.0624242537079364,0.8797866710922881,True
277,1,0.36500068474593383,277,A,0.03758342484843073,0.8797866710922881,0.0624242537079364,0.9615486711313244,0.0624242537079364,0.8797866710922881,True
278,1,0.5106208407602902,278,A,0.03758342484843073,0.8797866710922881,0.0624242537079364,0.9615486711313244,0.0624242537079364,0.8797866710922881,True
279,0,0.4729941223542006,279,A,0.03758342484843073,0.8797866710922881,0.0624242537079364,0.9615486711313244,0.0624242537079364,0.8797866710922881,True
280,1,0.3685016626597754,280,A,0.03758342484843073,0.8797866710922881,0.0624242537079364,0.9615486711313244,0.0624242537079364,0.8797866710922881,True
281,1,0.468782273729697,281,A,0.03758342484843073,0.8797866710922881,0.0624242537079364,0.9615486711313244,0.0624242537079364,0.8797866710922881,True
282,1,0.5636571334849179,282,A,0.03758342484843073,0.8797866710922881,0.0624242537079364,0.9615486711313244,0.0624242537079364,0.8797866710922881,True
283,0,0.3702028588582593,283,A,0.03758342484843073,0.8797866710922881,0.0624242537079364,0.9615486711313244,0.0624242537079364,0.8797866710922881,True
284,0,0.2361092045683053,284,A,0.03758342484843073,0.8797866710922881,0.0624242537079364,0.9615486711313244,0.0624242537079364,0.8797866710922881,True
285,1,0.5416363753318892,285,A,0.03758342484843073,0.8797866710922881,0.0624242537079364,0.9615486711313244,0.0624242537079364,0.8797866710922881,True
286,0,0.4301016211166926,286,A,0.03758342484843073,0.8797866710922881,0.0624242537079364,0.9615486711313244,0.0624242537079364,0.8797866710922881,True
287,1,0.314554806074264,287,A,0.03758342484843073,0.8797866710922881,0.0624242537079364,0.9615486711313244,0.0624242537079364,0.8797866710922881,True
288,1,0.8479456088513694,288,A,0.03758342484843073,0.8797866710922881,0.0624242537079364,0.9615486711313244,0.0624242537079364,0.8797866710922881,True
289,1,0.8227993325288627,289,A,0.03758342484843073,0.8797866710922881,0.0624242537079364,0.9615486711313244,0.0624242537079364,0.8797866710922881,True
290,1,0.564515928620812,290,A,0.03758342484843073,0.8797866710922881,0.0624242537079364,0.9615486711313244,0.0624242537079364,0.8797866710922881,True
291,0,0.6459819348749928,291,A,0.03758342484843073,0.8797866710922881,0.0624242537079364,0.9615486711313244,0.0624242537079364,0.8797866710922881,True
292,1,0.7695599863553793,292,A,0.03758342484843073,0.8797866710922881,0.0624242537079364,0.9615486711313244,0.0624242537079364,0.8797866710922881,True
293,1,0.7517214020307853,293,A,0.03758342484843073,0.8797866710922881,0.0624242537079364,0.9615486711313244,0.0624242537079364,0.8797866710922881,True
294,1,0.4587332275543956,294,A,0.03758342484843073,0.8797866710922881,0.0624242537079364,0.9615486711313244,0.0624242537079364,0.8797866710922881,True
295,0,0.4646710659656208,295,A,0.03758342484843073,0.8797866710922881,0.0624242537079364,0.9615486711313244,0.0624242537079364,0.8797866710922881,True
296,0,0.6166696443065146,296,A,0.03758342484843073,0.8797866710922881,0.0624242537079364,0.9615486711313244,0.0624242537079364,0.8797866710922881,True
297,1,0.7846536496351892,297,A,0.03758342484843073,0.8797866710922881,0.0624242537079364,0.9615486711313244,0.0624242537079364,0.8797866710922881,True
298,1,0.375841996400423,298,A,0.03758342484843073,0.8797866710922881,0.0624242537079364,0.9615486711313244,0.0624242537079364,0.8797866710922881,True
299,1,0.6773162334748767,299,A,0.03758342484843073,0.8797866710922881,0.0624242537079364,0.9615486711313244,0.0624242537079364,0.8797866710922881,True
300,0,0.5484677504007525,300,A,0.03758342484843073,0.8797866710922881,0.0624242537079364,0.9615486711313244,0.0624242537079364,0.8797866710922881,True
301,1,0.6743333929544032,301,A,0.03758342484843073,0.8797866710922881,0.0624242537079364,0.9615486711313244,0.0624242537079364,0.8797866710922881,True
302,1,0.8765534249318513,302,A,0.03758342484843073,0.8797866710922881,0.0624242537079364,0.9615486711313244,0.0624242537079364,0.8797866710922881,True
303,0,0.25637179794347037,303,A,0.03758342484843073,0.8797866710922881,0.0624242537079364,0.9615486711313244,0.0624242537079364,0.8797866710922881,True
304,1,0.6589605384789688,304,A,0.03758342484843073,0.8797866710922881,0.0624242537079364,0.9615486711313244,0.0624242537079364,0.8797866710922881,True
305,0,0.4453963038335564,305,A,0.03758342484843073,0.8797866710922881,0.0624242537079364,0.9615486711313244,0.0624242537079364,0.8797866710922881,True
306,1,0.7668969133233833,306,A,0.03758342484843073,0.8797866710922881,0.0624242537079364,0.9615486711313244,0.0624242537079364,0.8797866710922881,True
307,0,0.24602553187030934,307,A,0.03758342484843073,0.8797866710922881,0.0624242537079364,0.9615486711313244,0.0624242537079364,0.8797866710922881,True
308,0,0.4244956054492314,308,A,0.03758342484843073,0.8797866710922881,0.0624242537079364,0.9615486711313244,0.0624242537079364,0.8797866710922881,True
309,0,0.11504107982376584,309,A,0.03758342484843073,0.8797866710922881,0.0624242537079364,0.9615486711313244,0.0624242537079364,0.8797866710922881,True
310,0,0.27096157044773894,310,A,0.03758342484843073,0.8797866710922881,0.0624242537079364,0.9615486711313244,0.0624242537079364,0.8797866710922881,True
311,0,0.6413590951532077,311,A,0.03758342484843073,0.8797866710922881,0.0624242537079364,0.9615486711313244,0.0624242537079364,0.8797866710922881,True
312,1,0.46111013103301796,312,A,0.03758342484843073,0.8797866710922881,0.0624242537079364,0.9615486711313244,0.0624242537079364,0.8797866710922881,True
313,0,0.5605448326972415,313,A,0.03758342484843073,0.8797866710922881,0.0624242537079364,0.9615486711313244,0.0624242537079364,0.8797866710922881,True
314,1,0.8144187091900804,314,A,0.03758342484843073,0.8797866710922881,0.0624242537079364,0.9615486711313244,0.0624242537079364,0.8797866710922881,True
315,0,0.5951874974853051,315,A,0.03758342484843073,0.8797866710922881,0.0624242537079364,0.9615486711313244,0.0624242537079364,0.8797866710922881,True
316,0,0.13104804165963202,316,A,0.03758342484843073,0.8797866710922881,0.0624242537079364,0.9615486711313244,0.0624242537079364,0.8797866710922881,True
317,0,0.40828562607035407,317,A,0.03758342484843073,0.8797866710922881,0.0624242537079364,0.9615486711313244,0.0624242537079364,0.8797866710922881,True
318,1,0.43415442326157444,318,A,0.03758342484843073,0.8797866710922881,0.0624242537079364,0.9615486711313244,0.0624242537079364,0.8797866710922881,True
319,0,0.47269661685743697,319,A,0.03758342484843073,0.8797866710922881,0.0624242537079364,0.9615486711313244,0.0624242537079364,0.8797866710922881,True
320,0,0.1823604077061921,320,A,0.03758342484843073,0.8797866710922881,0.0624242537079364,0.9615486711313244,0.0624242537079364,0.8797866710922881,True
321,0,0.10675524075668114,321,A,0.03758342484843073,0.8797866710922881,0.0624242537079364,0.9615486711313244,0.0624242537079364,0.8797866710922881,True
322,0,0.6880734197330266,322,A,0.03758342484843073,0.8797866710922881,0.0624242537079364,0.9615486711313244,0.0624242537079364,0.8797866710922881,True
323,1,0.7760231404207599,323,A,0.03758342484843073,0.8797866710922881,0.0624242537079364,0.9615486711313244,0.0624242537079364,0.8797866710922881,True
324,1,0.6707409710990215,324,A,0.03758342484843073,0.8797866710922881,0.0624242537079364,0.9615486711313244,0.0624242537079364,0.8797866710922881,True
325,0,0.3729958511681269,325,A,0.03758342484843073,0.8797866710922881,0.0624242537079364,0.9615486711313244,0.0624242537079364,0.8797866710922881,True
326,0,0.7398218461379829,326,A,0.03758342484843073,0.8797866710922881,0.0624242537079364,0.9615486711313244,0.0624242537079364,0.8797866710922881,True
327,0,0.5706463200024651,327,A,0.03758342484843073,0.8797866710922881,0.0624242537079364,0.9615486711313244,0.0624242537079364,0.8797866710922881,True
328,1,0.8477030348156853,328,A,0.03758342484843073,0.8797866710922881,0.0624242537079364,0.9615486711313244,0.0624242537079364,0.8797866710922881,True
329,0,0.24902687967579148,329,A,0.03758342484843073,0.8797866710922881,0.0624242537079364,0.9615486711313244,0.0624242537079364,0.8797866710922881,True
330,0,0.10482281212569583,330,A,0.03758342484843073,0.8797866710922881,0.0624242537079364,0.9615486711313244,0.0624242537079364,0.8797866710922881,True
331,0,0.4825281178366412,331,A,0.03758342484843073,0.8797866710922881,0.0624242537079364,0.9615486711313244,0.0624242537079364,0.8797866710922881,True
332,1,0.8069882498222442,332,A,0.03758342484843073,0.8797866710922881,0.0624242537079364,0.9615486711313244,0.0624242537079364,0.8797866710922881,True
333,0,0.20693177344268637,333,A,0.03758342484843073,0.8797866710922881,0.0624242537079364,0.9615486711313244,0.0624242537079364,0.8797866710922881,True
334,0,0.4305623191012767,334,A,0.03758342484843073,0.8797866710922881,0.0624242537079364,0.9615486711313244,0.0624242537079364,0.8797866710922881,True
335,0,0.4694163767696791,335,A,0.03758342484843073,0.8797866710922881,0.0624242537079364,0.9615486711313244,0.0624242537079364,0.8797866710922881,True
336,0,0.7765592893201853,336,A,0.03758342484843073,0.8797866710922881,0.0624242537079364,0.9615486711313244,0.0624242537079364,0.8797866710922881,True
337,0,0.5034095522595222,337,A,0.03758342484843073,0.8797866710922881,0.0624242537079364,0.9615486711313244,0.0624242537079364,0.8797866710922881,True
338,1,0.4723252616318187,338,A,0.03758342484843073,0.8797866710922881,0.0624242537079364,0.9615486711313244,0.0624242537079364,0.8797866710922881,True
339,1,0.32450034597042715,339,A,0.03758342484843073,0.8797866710922881,0.0624242537079364,0.9615486711313244,0.0624242537079364,0.8797866710922881,True
340,1,0.5915161667532621,340,A,0.03758342484843073,0.8797866710922881,0.0624242537079364,0.9615486711313244,0.0624242537079364,0.8797866710922881,True
341,1,0.5139947575742123,341,A,0.03758342484843073,0.8797866710922881,0.0624242537079364,0.9615486711313244,0.0624242537079364,0.8797866710922881,True
342,1,0.4271868148004978,342,A,0.03758342484843073,0.8797866710922881,0.0624242537079364,0.9615486711313244,0.0624242537079364,0.8797866710922881,True
343,0,0.5811200019369115,343,A,0.03758342484843073,0.8797866710922881,0.0624242537079364,0.9615486711313244,0.0624242537079364,0.8797866710922881,True
344,1,0.7252685684426343,344,A,0.03758342484843073,0.8797866710922881,0.0624242537079364,0.9615486711313244,0.0624242537079364,0.8797866710922881,True
345,1,0.4884854606013314,345,A,0.03758342484843073,0.8797866710922881,0.0624242537079364,0.9615486711313244,0.0624242537079364,0.8797866710922881,True
346,1,0.1637138175674062,346,A,0.03758342484843073,0.8797866710922881,0.0624242537079364,0.9615486711313244,0.0624242537079364,0.8797866710922881,True
347,0,0.3626220412344837,347,A,0.03758342484843073,0.8797866710922881,0.0624242537079364,0.9615486711313244,0.0624242537079364,0.8797866710922881,True
348,0,0.4837319801793666,348,A,0.03758342484843073,0.8797866710922881,0.0624242537079364,0.9615486711313244,0.0624242537079364,0.8797866710922881,True
349,1,0.8405351778145994,349,A,0.03758342484843073,0.8797866710922881,0.0624242537079364,0.9615486711313244,0.0624242537079364,0.8797866710922881,True
350,0,0.3087132042068439,350,A,0.03758342484843073,0.8797866710922881,0.0624242537079364,0.9615486711313244,0.0624242537079364,0.8797866710922881,True
351,1,0.6945540844214125,351,A,0.03758342484843073,0.8797866710922881,0.0624242537079364,0.9615486711313244,0.0624242537079364,0.8797866710922881,True
352,1,0.4506116638844215,352,A,0.03758342484843073,0.8797866710922881,0.0624242537079364,0.9615486711313244,0.0624242537079364,0.8797866710922881,True
353,1,0.3584389922464058,353,A,0.03758342484843073,0.8797866710922881,0.0624242537079364,0.9615486711313244,0.0624242537079364,0.8797866710922881,True
354,1,0.6379607853108099,354,A,0.03758342484843073,0.8797866710922881,0.0624242537079364,0.9615486711313244,0.0624242537079364,0.8797866710922881,True
355,1,0.43757556671370945,355,A,0.03758342484843073,0.8797866710922881,0.0624242537079364,0.9615486711313244,0.0624242537079364,0.8797866710922881,True
356,1,0.3265727541221119,356,A,0.03758342484843073,0.8797866710922881,0.0624242537079364,0.9615486711313244,0.0624242537079364,0.8797866710922881,True
357,1,0.6097019321991651,357,A,0.03758342484843073,0.8797866710922881,0.0624242537079364,0.9615486711313244,0.0624242537079364,0.8797866710922881,True
358,0,0.6939245802737902,358,A,0.03758342484843073,0.8797866710922881,0.0624242537079364,0.9615486711313244,0.0624242537079364,0.8797866710922881,True
359,1,0.3704668510066958,359,A,0.03758342484843073,0.8797866710922881,0.0624242537079364,0.9615486711313244,0.0624242537079364,0.8797866710922881,True
360,1,0.7763353167035126,360,A,0.03758342484843073,0.8797866710922881,0.0624242537079364,0.9615486711313244,0.0624242537079364,0.8797866710922881,True
361,0,0.2568155096847613,361,A,0.03758342484843073,0.8797866710922881,0.0624242537079364,0.9615486711313244,0.0624242537079364,0.8797866710922881,True
362,0,0.682305561535879,362,A,0.03758342484843073,0.8797866710922881,0.0624242537079364,0.9615486711313244,0.0624242537079364,0.8797866710922881,True
363,0,0.09464469567890757,363,A,0.03758342484843073,0.8797866710922881,0.0624242537079364,0.9615486711313244,0.0624242537079364,0.8797866710922881,True
364,0,0.6511561096678474,364,A,0.03758342484843073,0.8797866710922881,0.0624242537079364,0.9615486711313244,0.0624242537079364,0.8797866710922881,True
365,0,0.846749636884608,365,A,0.03758342484843073,0.8797866710922881,0.0624242537079364,0.9615486711313244,0.0624242537079364,0.8797866710922881,True
366,0,0.36317729224822354,366,A,0.03758342484843073,0.8797866710922881,0.0624242537079364,0.9615486711313244,0.0624242537079364,0.8797866710922881,True
367,0,0.35675244627406166,367,A,0.03758342484843073,0.8797866710922881,0.0624242537079364,0.9615486711313244,0.0624242537079364,0.8797866710922881,True
368,0,0.38113536570522055,368,A,0.03758342484843073,0.8797866710922881,0.0624242537079364,0.9615486711313244,0.0624242537079364,0.8797866710922881,True
369,1,0.5757140433266881,369,A,0.03758342484843073,0.8797866710922881,0.0624242537079364,0.9615486711313244,0.0624242537079364,0.8797866710922881,True
370,1,0.7149261961069047,370,A,0.03758342484843073,0.8797866710922881,0.0624242537079364,0.9615486711313244,0.0624242537079364,0.8797866710922881,True
371,0,0.23643459118087454,371,A,0.03758342484843073,0.8797866710922881,0.0624242537079364,0.9615486711313244,0.0624242537079364,0.8797866710922881,True
372,1,0.751730724398048,372,A,0.03758342484843073,0.8797866710922881,0.0624242537079364,0.9615486711313244,0.0624242537079364,0.8797866710922881,True
373,0,0.2765318254168928,373,A,0.03758342484843073,0.8797866710922881,0.0624242537079364,0.9615486711313244,0.0624242537079364,0.8797866710922881,True
374,0,0.08711112116565867,374,A,0.03758342484843073,0.8797866710922881,0.0624242537079364,0.9615486711313244,0.0624242537079364,0.8797866710922881,True
375,0,0.46563412181575997,375,A,0.03758342484843073,0.8797866710922881,0.0624242537079364,0.9615486711313244,0.0624242537079364,0.8797866710922881,True
376,1,0.6580535507661169,376,A,0.03758342484843073,0.8797866710922881,0.0624242537079364,0.9615486711313244,0.0624242537079364,0.8797866710922881,True
377,0,0.4007569808054677,377,A,0.03758342484843073,0.8797866710922881,0.0624242537079364,0.9615486711313244,0.0624242537079364,0.8797866710922881,True
378,1,0.6681386816862723,378,A,0.03758342484843073,0.8797866710922881,0.0624242537079364,0.9615486711313244,0.0624242537079364,0.8797866710922881,True
379,1,0.5510948511829039,379,A,0.03758342484843073,0.8797866710922881,0.0624242537079364,0.9615486711313244,0.0624242537079364,0.8797866710922881,True
380,1,0.5090471265308696,380,A,0.03758342484843073,0.8797866710922881,0.0624242537079364,0.9615486711313244,0.0624242537079364,0.8797866710922881,True
381,1,0.8934027600330038,381,A,0.03758342484843073,0.8797866710922881,0.0624242537079364,0.9615486711313244,0.0624242537079364,0.8797866710922881,False
382,1,0.5126090739697884,382,A,0.03758342484843073,0.8797866710922881,0.0624242537079364,0.9615486711313244,0.0624242537079364,0.8797866710922881,True
383,1,0.4951666279424355,383,A,0.03758342484843073,0.8797866710922881,0.0624242537079364,0.9615486711313244,0.0624242537079364,0.8797866710922881,True
384,0,0.5354208058448239,384,A,0.03758342484843073,0.8797866710922881,0.0624242537079364,0.9615486711313244,0.0624242537079364,0.8797866710922881,True
385,1,0.25944280080936044,385,A,0.03758342484843073,0.8797866710922881,0.0624242537079364,0.9615486711313244,0.0624242537079364,0.8797866710922881,True
386,1,0.6331741937238266,386,A,0.03758342484843073,0.8797866710922881,0.0624242537079364,0.9615486711313244,0.0624242537079364,0.8797866710922881,True
387,1,0.63345135467709,387,A,0.03758342484843073,0.8797866710922881,0.0624242537079364,0.9615486711313244,0.0624242537079364,0.8797866710922881,True
388,1,0.6283821440946025,388,A,0.03758342484843073,0.8797866710922881,0.0624242537079364,0.9615486711313244,0.0624242537079364,0.8797866710922881,True
389,0,0.07364441950375156,389,A,0.03758342484843073,0.8797866710922881,0.0624242537079364,0.9615486711313244,0.0624242537079364,0.8797866710922881,True
390,1,0.8232843748494452,390,A,0.03758342484843073,0.8797866710922881,0.0624242537079364,0.9615486711313244,0.0624242537079364,0.8797866710922881,True
391,0,0.3137168390212088,391,A,0.03758342484843073,0.8797866710922881,0.0624242537079364,0.9615486711313244,0.0624242537079364,0.8797866710922881,True
392,0,0.20062077240928966,392,A,0.03758342484843073,0.8797866710922881,0.0624242537079364,0.9615486711313244,0.0624242537079364,0.8797866710922881,True
393,0,0.315249129108087,393,A,0.03758342484843073,0.8797866710922881,0.0624242537079364,0.9615486711313244,0.0624242537079364,0.8797866710922881,True
394,1,0.32935745833203633,394,A,0.03758342484843073,0.8797866710922881,0.0624242537079364,0.9615486711313244,0.0624242537079364,0.8797866710922881,True
395,0,0.1626342380907849,395,A,0.03758342484843073,0.8797866710922881,0.0624242537079364,0.9615486711313244,0.0624242537079364,0.8797866710922881,True
396,0,0.1328063138734337,396,A,0.03758342484843073,0.8797866710922881,0.0624242537079364,0.9615486711313244,0.0624242537079364,0.8797866710922881,True
397,0,0.8122483304924839,397,A,0.03758342484843073,0.8797866710922881,0.0624242537079364,0.9615486711313244,0.0624242537079364,0.8797866710922881,True
398,0,0.41040138644831015,398,A,0.03758342484843073,0.8797866710922881,0.0624242537079364,0.9615486711313244,0.0624242537079364,0.8797866710922881,True
399,1,0.5200607108344998,399,A,0.03758342484843073,0.8797866710922881,0.0624242537079364,0.9615486711313244,0.0624242537079364,0.8797866710922881,True
400,0,0.2360032891281518,400,A,0.03758342484843073,0.8797866710922881,0.0624242537079364,0.9615486711313244,0.0624242537079364,0.8797866710922881,True
401,0,0.5060585945750926,401,A,0.03758342484843073,0.8797866710922881,0.0624242537079364,0.9615486711313244,0.0624242537079364,0.8797866710922881,True
402,1,0.6150014914725552,402,A,0.03758342484843073,0.8797866710922881,0.0624242537079364,0.9615486711313244,0.0624242537079364,0.8797866710922881,True
403,1,0.5027370588607439,403,A,0.03758342484843073,0.8797866710922881,0.0624242537079364,0.9615486711313244,0.0624242537079364,0.8797866710922881,True
404,1,0.828903620078452,404,A,0.03758342484843073,0.8797866710922881,0.0624242537079364,0.9615486711313244,0.0624242537079364,0.8797866710922881,True
405,0,0.15689347094662603,405,A,0.03758342484843073,0.8797866710922881,0.0624242537079364,0.9615486711313244,0.0624242537079364,0.8797866710922881,True
406,1,0.27669386281197317,406,A,0.03758342484843073,0.8797866710922881,0.0624242537079364,0.9615486711313244,0.0624242537079364,0.8797866710922881,True
407,1,0.6820377459399215,407,A,0.03758342484843073,0.8797866710922881,0.0624242537079364,0.9615486711313244,0.0624242537079364,0.8797866710922881,True
408,0,0.40493207448647783,408,A,0.03758342484843073,0.8797866710922881,0.0624242537079364,0.9615486711313244,0.0624242537079364,0.8797866710922881,True
409,1,0.7627780799632145,409,A,0.03758342484843073,0.8797866710922881,0.0624242537079364,0.9615486711313244,0.0624242537079364,0.8797866710922881,True
410,0,0.3630284208765972,410,A,0.03758342484843073,0.8797866710922881,0.0624242537079364,0.9615486711313244,0.0624242537079364,0.8797866710922881,True
411,0,0.5596500763291745,411,A,0.03758342484843073,0.8797866710922881,0.0624242537079364,0.9615486711313244,0.0624242537079364,0.8797866710922881,True
412,0,0.5994204168863102,412,A,0.03758342484843073,0.8797866710922881,0.0624242537079364,0.9615486711313244,0.0624242537079364,0.8797866710922881,True
413,0,0.19053358787861277,413,A,0.03758342484843073,0.8797866710922881,0.0624242537079364,0.9615486711313244,0.0624242537079364,0.8797866710922881,True
414,0,0.5451475414156012,414,A,0.03758342484843073,0.8797866710922881,0.0624242537079364,0.9615486711313244,0.0624242537079364,0.8797866710922881,True
415,1,0.6859384767907226,415,A,0.03758342484843073,0.8797866710922881,0.0624242537079364,0.9615486711313244,0.0624242537079364,0.8797866710922881,True
416,1,0.7606851489352038,416,A,0.03758342484843073,0.8797866710922881,0.0624242537079364,0.9615486711313244,0.0624242537079364,0.8797866710922881,True
417,1,0.4510108198535703,417,A,0.03758342484843073,0.8797866710922881,0.0624242537079364,0.9615486711313244,0.0624242537079364,0.8797866710922881,True
418,1,0.251241917643406,418,A,0.03758342484843073,0.8797866710922881,0.0624242537079364,0.9615486711313244,0.0624242537079364,0.8797866710922881,True
419,1,0.5604464860694303,419,A,0.03758342484843073,0.8797866710922881,0.0624242537079364,0.9615486711313244,0.0624242537079364,0.8797866710922881,True
420,1,0.39060533657964325,420,A,0.03758342484843073,0.8797866710922881,0.0624242537079364,0.9615486711313244,0.0624242537079364,0.8797866710922881,True
421,1,0.9360394707353553,421,A,0.03758342484843073,0.8797866710922881,0.0624242537079364,0.9615486711313244,0.0624242537079364,0.8797866710922881,False
422,1,0.8329309127048466,422,A,0.03758342484843073,0.8797866710922881,0.0624242537079364,0.9615486711313244,0.0624242537079364,0.8797866710922881,True
423,1,0.5774074454254992,423,A,0.03758342484843073,0.8797866710922881,0.0624242537079364,0.9615486711313244,0.0624242537079364,0.8797866710922881,True
424,1,0.8313425412090661,424,A,0.03758342484843073,0.8797866710922881,0.0624242537079364,0.9615486711313244,0.0624242537079364,0.8797866710922881,True
425,1,0.5000350070556218,425,A,0.03758342484843073,0.8797866710922881,0.0624242537079364,0.9615486711313244,0.0624242537079364,0.8797866710922881,True
426,0,0.387981255640147,426,A,0.03758342484843073,0.8797866710922881,0.0624242537079364,0.9615486711313244,0.0624242537079364,0.8797866710922881,True
427,1,0.7778853064753379,427,A,0.03758342484843073,0.8797866710922881,0.0624242537079364,0.9615486711313244,0.0624242537079364,0.8797866710922881,True
428,0,0.5838685173896585,428,A,0.03758342484843073,0.8797866710922881,0.0624242537079364,0.9615486711313244,0.0624242537079364,0.8797866710922881,True
429,0,0.31492955450911053,429,A,0.03758342484843073,0.8797866710922881,0.0624242537079364,0.9615486711313244,0.0624242537079364,0.8797866710922881,True
430,0,0.8316547985974809,430,A,0.03758342484843073,0.8797866710922881,0.0624242537079364,0.9615486711313244,0.0624242537079364,0.8797866710922881,True
431,0,0.3212514643702914,431,A,0.03758342484843073,0.8797866710922881,0.0624242537079364,0.9615486711313244,0.0624242537079364,0.8797866710922881,True
432,0,0.6445573045868175,432,A,0.03758342484843073,0.8797866710922881,0.0624242537079364,0.9615486711313244,0.0624242537079364,0.8797866710922881,True
433,0,0.48176911837990233,433,A,0.03758342484843073,0.8797866710922881,0.0624242537079364,0.9615486711313244,0.0624242537079364,0.8797866710922881,True
434,0,0.45542845773600454,434,A,0.03758342484843073,0.8797866710922881,0.0624242537079364,0.9615486711313244,0.0624242537079364,0.8797866710922881,True
435,0,0.44960022002138583,435,A,0.03758342484843073,0.8797866710922881,0.0624242537079364,0.9615486711313244,0.0624242537079364,0.8797866710922881,True
436,1,0.28676974130115584,436,A,0.03758342484843073,0.8797866710922881,0.0624242537079364,0.9615486711313244,0.0624242537079364,0.8797866710922881,True
437,1,0.4239125060732521,437,A,0.03758342484843073,0.8797866710922881,0.0624242537079364,0.9615486711313244,0.0624242537079364,0.8797866710922881,True
438,0,0.432202279959482,438,A,0.03758342484843073,0.8797866710922881,0.0624242537079364,0.9615486711313244,0.0624242537079364,0.8797866710922881,True
439,0,0.6092473495928257,439,A,0.03758342484843073,0.8797866710922881,0.0624242537079364,0.9615486711313244,0.0624242537079364,0.8797866710922881,True
440,0,0.36101851396465334,440,A,0.03758342484843073,0.8797866710922881,0.0624242537079364,0.9615486711313244,0.0624242537079364,0.8797866710922881,True
441,1,0.5744846943494407,441,A,0.03758342484843073,0.8797866710922881,0.0624242537079364,0.9615486711313244,0.0624242537079364,0.8797866710922881,True
442,1,0.6173286104400252,442,A,0.03758342484843073,0.8797866710922881,0.0624242537079364,0.9615486711313244,0.0624242537079364,0.8797866710922881,True
443,1,0.7934647806583468,443,A,0.03758342484843073,0.8797866710922881,0.0624242537079364,0.9615486711313244,0.0624242537079364,0.8797866710922881,True
444,0,0.3463993724389876,444,A,0.03758342484843073,0.8797866710922881,0.0624242537079364,0.9615486711313244,0.0624242537079364,0.8797866710922881,True
445,0,0.30320085789256246,445,A,0.03758342484843073,0.8797866710922881,0.0624242537079364,0.9615486711313244,0.0624242537079364,0.8797866710922881,True
446,0,0.24390384316444877,446,A,0.03758342484843073,0.8797866710922881,0.0624242537079364,0.9615486711313244,0.0624242537079364,0.8797866710922881,True
447,1,0.47487383668588556,447,A,0.03758342484843073,0.8797866710922881,0.0624242537079364,0.9615486711313244,0.0624242537079364,0.8797866710922881,True
448,0,0.2074544781339496,448,A,0.03758342484843073,0.8797866710922881,0.0624242537079364,0.9615486711313244,0.0624242537079364,0.8797866710922881,True
449,1,0.8135601937169401,449,A,0.03758342484843073,0.8797866710922881,0.0624242537079364,0.9615486711313244,0.0624242537079364,0.8797866710922881,True
450,1,0.3075670738314523,450,A,0.03758342484843073,0.8797866710922881,0.0624242537079364,0.9615486711313244,0.0624242537079364,0.8797866710922881,True
451,1,0.588063528071582,451,A,0.03758342484843073,0.8797866710922881,0.0624242537079364,0.9615486711313244,0.0624242537079364,0.8797866710922881,True
452,0,0.8797866710922881,452,A,0.03758342484843073,0.8797866710922881,0.0624242537079364,0.9615486711313244,0.0624242537079364,0.8797866710922881,True
453,1,0.6560337383771598,453,A,0.03758342484843073,0.8797866710922881,0.0624242537079364,0.9615486711313244,0.0624242537079364,0.8797866710922881,True
454,0,0.5881022177610353,454,A,0.03758342484843073,0.8797866710922881,0.0624242537079364,0.9615486711313244,0.0624242537079364,0.8797866710922881,True
455,0,0.1995804483806122,455,A,0.03758342484843073,0.8797866710922881,0.0624242537079364,0.9615486711313244,0.0624242537079364,0.8797866710922881,True
456,1,0.4430798281600658,456,A,0.03758342484843073,0.8797866710922881,0.0624242537079364,0.9615486711313244,0.0624242537079364,0.8797866710922881,True
457,0,0.3252623596135975,457,A,0.03758342484843073,0.8797866710922881,0.0624242537079364,0.9615486711313244,0.0624242537079364,0.8797866710922881,True
458,0,0.4293653032923205,458,A,0.03758342484843073,0.8797866710922881,0.0624242537079364,0.9615486711313244,0.0624242537079364,0.8797866710922881,True
459,0,0.16490028732463594,459,A,0.03758342484843073,0.8797866710922881,0.0624242537079364,0.9615486711313244,0.0624242537079364,0.8797866710922881,True
460,0,0.30037480860463683,460,A,0.03758342484843073,0.8797866710922881,0.0624242537079364,0.9615486711313244,0.0624242537079364,0.8797866710922881,True
461,1,0.7728604277427064,461,A,0.03758342484843073,0.8797866710922881,0.0624242537079364,0.9615486711313244,0.0624242537079364,0.8797866710922881,True
462,1,0.5833592394473014,462,A,0.03758342484843073,0.8797866710922881,0.0624242537079364,0.9615486711313244,0.0624242537079364,0.8797866710922881,True
463,1,0.6288934520456407,463,A,0.03758342484843073,0.8797866710922881,0.0624242537079364,0.9615486711313244,0.0624242537079364,0.8797866710922881,True
464,1,0.8192271455061436,464,A,0.03758342484843073,0.8797866710922881,0.0624242537079364,0.9615486711313244,0.0624242537079364,0.8797866710922881,True
465,0,0.6402453550307375,465,A,0.03758342484843073,0.8797866710922881,0.0624242537079364,0.9615486711313244,0.0624242537079364,0.8797866710922881,True
466,0,0.571268061252802,466,A,0.03758342484843073,0.8797866710922881,0.0624242537079364,0.9615486711313244,0.0624242537079364,0.8797866710922881,True
467,0,0.24938074152496464,467,A,0.03758342484843073,0.8797866710922881,0.0624242537079364,0.9615486711313244,0.0624242537079364,0.8797866710922881,True
468,1,0.43159554117075616,468,A,0.03758342484843073,0.8797866710922881,0.0624242537079364,0.9615486711313244,0.0624242537079364,0.8797866710922881,True
469,1,0.6909044832642848,469,A,0.03758342484843073,0.8797866710922881,0.0624242537079364,0.9615486711313244,0.0624242537079364,0.8797866710922881,True
470,1,0.5543205157256836,470,A,0.03758342484843073,0.8797866710922881,0.0624242537079364,0.9615486711313244,0.0624242537079364,0.8797866710922881,True
471,0,0.650825644429701,471,A,0.03758342484843073,0.8797866710922881,0.0624242537079364,0.9615486711313244,0.0624242537079364,0.8797866710922881,True
472,1,0.700449899730306,472,A,0.03758342484843073,0.8797866710922881,0.0624242537079364,0.9615486711313244,0.0624242537079364,0.8797866710922881,True
473,0,0.21864354056934301,473,A,0.03758342484843073,0.8797866710922881,0.0624242537079364,0.9615486711313244,0.0624242537079364,0.8797866710922881,True
474,0,0.25754132018708065,474,A,0.03758342484843073,0.8797866710922881,0.0624242537079364,0.9615486711313244,0.0624242537079364,0.8797866710922881,True
475,1,0.5534738672791383,475,A,0.03758342484843073,0.8797866710922881,0.0624242537079364,0.9615486711313244,0.0624242537079364,0.8797866710922881,True
476,1,0.5748402500581834,476,A,0.03758342484843073,0.8797866710922881,0.0624242537079364,0.9615486711313244,0.0624242537079364,0.8797866710922881,True
477,0,0.31002813334810464,477,A,0.03758342484843073,0.8797866710922881,0.0624242537079364,0.9615486711313244,0.0624242537079364,0.8797866710922881,True
478,1,0.3219147619940183,478,A,0.03758342484843073,0.8797866710922881,0.0624242537079364,0.9615486711313244,0.0624242537079364,0.8797866710922881,True
479,0,0.5081295803340692,479,A,0.03758342484843073,0.8797866710922881,0.0624242537079364,0.9615486711313244,0.0624242537079364,0.8797866710922881,True
480,0,0.6078874612990357,480,A,0.03758342484843073,0.8797866710922881,0.0624242537079364,0.9615486711313244,0.0624242537079364,0.8797866710922881,True
481,0,0.3478856408441497,481,A,0.03758342484843073,0.8797866710922881,0.0624242537079364,0.9615486711313244,0.0624242537079364,0.8797866710922881,True
482,0,0.19782696438026692,482,A,0.03758342484843073,0.8797866710922881,0.0624242537079364,0.9615486711313244,0.0624242537079364,0.8797866710922881,True
483,0,0.5668174881398238,483,A,0.03758342484843073,0.8797866710922881,0.0624242537079364,0.9615486711313244,0.0624242537079364,0.8797866710922881,True
484,0,0.11576030736601588,484,A,0.03758342484843073,0.8797866710922881,0.0624242537079364,0.9615486711313244,0.0624242537079364,0.8797866710922881,True
485,1,0.602540045267282,485,A,0.03758342484843073,0.8797866710922881,0.0624242537079364,0.9615486711313244,0.0624242537079364,0.8797866710922881,True
486,1,0.7898385152577687,486,A,0.03758342484843073,0.8797866710922881,0.0624242537079364,0.9615486711313244,0.0624242537079364,0.8797866710922881,True
487,1,0.7280124432890007,487,A,0.03758342484843073,0.8797866710922881,0.0624242537079364,0.9615486711313244,0.0624242537079364,0.8797866710922881,True
488,0,0.18367320980813046,488,A,0.03758342484843073,0.8797866710922881,0.0624242537079364,0.9615486711313244,0.0624242537079364,0.8797866710922881,True
489,1,0.5566615855891619,489,A,0.03758342484843073,0.8797866710922881,0.0624242537079364,0.9615486711313244,0.0624242537079364,0.8797866710922881,True
490,0,0.18906467848341335,490,A,0.03758342484843073,0.8797866710922881,0.0624242537079364,0.9615486711313244,0.0624242537079364,0.8797866710922881,True
491,1,0.624859755312576,491,A,0.03758342484843073,0.8797866710922881,0.0624242537079364,0.9615486711313244,0.0624242537079364,0.8797866710922881,True
492,0,0.7873274581310234,492,A,0.03758342484843073,0.8797866710922881,0.0624242537079364,0.9615486711313244,0.0624242537079364,0.8797866710922881,True
493,1,0.5318549228146775,493,A,0.03758342484843073,0.8797866710922881,0.0624242537079364,0.9615486711313244,0.0624242537079364,0.8797866710922881,True
494,1,0.37515125758392215,494,A,0.03758342484843073,0.8797866710922881,0.0624242537079364,0.9615486711313244,0.0624242537079364,0.8797866710922881,True
495,1,0.6835804489370209,495,A,0.03758342484843073,0.8797866710922881,0.0624242537079364,0.9615486711313244,0.0624242537079364,0.8797866710922881,True
496,0,0.48841639697128636,496,A,0.03758342484843073,0.8797866710922881,0.0624242537079364,0.9615486711313244,0.0624242537079364,0.8797866710922881,True
497,0,0.19310083462609634,497,A,0.03758342484843073,0.8797866710922881,0.0624242537079364,0.9615486711313244,0.0624242537079364,0.8797866710922881,True
498,1,0.5812539982091237,498,A,0.03758342484843073,0.8797866710922881,0.0624242537079364,0.9615486711313244,0.0624242537079364,0.8797866710922881,True
499,1,0.5608303974649363,499,A,0.03758342484843073,0.8797866710922881,0.0624242537079364,0.9615486711313244,0.0624242537079364,0.8797866710922881,True
0,1,0.30151885354962477,0,B,0.11119998946760636,0.8436560118056539,0.13427996738008519,0.8717007602318986,0.13427996738008519,0.8436560118056539,True
1,1,0.5139816915918864,1,B,0.11119998946760636,0.8436560118056539,0.13427996738008519,0.8717007602318986,0.13427996738008519,0.8436560118056539,True
2,1,0.6184269413102369,2,B,0.11119998946760636,0.8436560118056539,0.13427996738008519,0.8717007602318986,0.13427996738008519,0.8436560118056539,True
3,0,0.2524502109147802,3,B,0.11119998946760636,0.8436560118056539,0.13427996738008519,0.8717007602318986,0.13427996738008519,0.8436560118056539,True
4,1,0.353896736048205,4,B,0.11119998946760636,0.8436560118056539,0.13427996738008519,0.8717007602318986,0.13427996738008519,0.8436560118056539,True
5,1,0.3389489549679003,5,B,0.11119998946760636,0.8436560118056539,0.13427996738008519,0.8717007602318986,0.13427996738008519,0.8436560118056539,True
6,0,0.5029818672269695,6,B,0.11119998946760636,0.8436560118056539,0.13427996738008519,0.8717007602318986,0.13427996738008519,0.8436560118056539,True
7,1,0.5214605075504231,7,B,0.11119998946760636,0.8436560118056539,0.13427996738008519,0.8717007602318986,0.13427996738008519,0.8436560118056539,True
8,1,0.49361729830975226,8,B,0.11119998946760636,0.8436560118056539,0.13427996738008519,0.8717007602318986,0.13427996738008519,0.8436560118056539,True
9,0,0.37985530294966763,9,B,0.11119998946760636,0.8436560118056539,0.13427996738008519,0.8717007602318986,0.13427996738008519,0.8436560118056539,True
10,0,0.4707519926608626,10,B,0.11119998946760636,0.8436560118056539,0.13427996738008519,0.8717007602318986,0.13427996738008519,0.8436560118056539,True
11,1,0.559925258735589,11,B,0.11119998946760636,0.8436560118056539,0.13427996738008519,0.8717007602318986,0.13427996738008519,0.8436560118056539,True
12,1,0.21206234305879482,12,B,0.11119998946760636,0.8436560118056539,0.13427996738008519,0.8717007602318986,0.13427996738008519,0.8436560118056539,True
13,1,0.6305792985200682,13,B,0.11119998946760636,0.8436560118056539,0.13427996738008519,0.8717007602318986,0.13427996738008519,0.8436560118056539,True
14,1,0.29483901090119835,14,B,0.11119998946760636,0.8436560118056539,0.13427996738008519,0.8717007602318986,0.13427996738008519,0.8436560118056539,True
15,1,0.5963881854414583,15,B,0.11119998946760636,0.8436560118056539,0.13427996738008519,0.8717007602318986,0.13427996738008519,0.8436560118056539,True
16,1,0.6254788302302495,16,B,0.11119998946760636,0.8436560118056539,0.13427996738008519,0.8717007602318986,0.13427996738008519,0.8436560118056539,True
17,1,0.4050262550342365,17,B,0.11119998946760636,0.8436560118056539,0.13427996738008519,0.8717007602318986,0.13427996738008519,0.8436560118056539,True
18,1,0.619104099946077,18,B,0.11119998946760636,0.8436560118056539,0.13427996738008519,0.8717007602318986,0.13427996738008519,0.8436560118056539,True
19,0,0.26690404501117243,19,B,0.11119998946760636,0.8436560118056539,0.13427996738008519,0.8717007602318986,0.13427996738008519,0.8436560118056539,True
20,0,0.8024677812840327,20,B,0.11119998946760636,0.8436560118056539,0.13427996738008519,0.8717007602318986,0.13427996738008519,0.8436560118056539,True
21,1,0.6992333872367541,21,B,0.11119998946760636,0.8436560118056539,0.13427996738008519,0.8717007602318986,0.13427996738008519,0.8436560118056539,True
22,0,0.3161939646570583,22,B,0.11119998946760636,0.8436560118056539,0.13427996738008519,0.8717007602318986,0.13427996738008519,0.8436560118056539,True
23,1,0.6021968628863843,23,B,0.11119998946760636,0.8436560118056539,0.13427996738008519,0.8717007602318986,0.13427996738008519,0.8436560118056539,True
24,1,0.7533439850585235,24,B,0.11119998946760636,0.8436560118056539,0.13427996738008519,0.8717007602318986,0.13427996738008519,0.8436560118056539,True
25,0,0.40744016581470643,25,B,0.11119998946760636,0.8436560118056539,0.13427996738008519,0.8717007602318986,0.13427996738008519,0.8436560118056539,True
26,1,0.622004102008909,26,B,0.11119998946760636,0.8436560118056539,0.13427996738008519,0.8717007602318986,0.13427996738008519,0.8436560118056539,True
27,0,0.29964056385706234,27,B,0.11119998946760636,0.8436560118056539,0.13427996738008519,0.8717007602318986,0.13427996738008519,0.8436560118056539,True
28,0,0.3391634873936708,28,B,0.11119998946760636,0.8436560118056539,0.13427996738008519,0.8717007602318986,0.13427996738008519,0.8436560118056539,True
29,0,0.21946223135404538,29,B,0.11119998946760636,0.8436560118056539,0.13427996738008519,0.8717007602318986,0.13427996738008519,0.8436560118056539,True
30,0,0.5158332716741262,30,B,0.11119998946760636,0.8436560118056539,0.13427996738008519,0.8717007602318986,0.13427996738008519,0.8436560118056539,True
31,0,0.5538448359166298,31,B,0.11119998946760636,0.8436560118056539,0.13427996738008519,0.8717007602318986,0.13427996738008519,0.8436560118056539,True
32,1,0.49764744276418715,32,B,0.11119998946760636,0.8436560118056539,0.13427996738008519,0.8717007602318986,0.13427996738008519,0.8436560118056539,True
33,0,0.30233456269976205,33,B,0.11119998946760636,0.8436560118056539,0.13427996738008519,0.8717007602318986,0.13427996738008519,0.8436560118056539,True
34,0,0.26781026167331357,34,B,0.11119998946760636,0.8436560118056539,0.13427996738008519,0.8717007602318986,0.13427996738008519,0.8436560118056539,True
35,0,0.29581813604543555,35,B,0.11119998946760636,0.8436560118056539,0.13427996738008519,0.8717007602318986,0.13427996738008519,0.8436560118056539,True
36,1,0.5423274366401175,36,B,0.11119998946760636,0.8436560118056539,0.13427996738008519,0.8717007602318986,0.13427996738008519,0.8436560118056539,True
37,0,0.3987401303884542,37,B,0.11119998946760636,0.8436560118056539,0.13427996738008519,0.8717007602318986,0.13427996738008519,0.8436560118056539,True
38,0,0.33680439463679646,38,B,0.11119998946760636,0.8436560118056539,0.13427996738008519,0.8717007602318986,0.13427996738008519,0.8436560118056539,True
39,0,0.38644097134757993,39,B,0.11119998946760636,0.8436560118056539,0.13427996738008519,0.8717007602318986,0.13427996738008519,0.8436560118056539,True
40,0,0.835230780566143,40,B,0.11119998946760636,0.8436560118056539,0.13427996738008519,0.8717007602318986,0.13427996738008519,0.8436560118056539,True
41,0,0.44076058029616133,41,B,0.11119998946760636,0.8436560118056539,0.13427996738008519,0.8717007602318986,0.13427996738008519,0.8436560118056539,True
42,1,0.5155786609962731,42,B,0.11119998946760636,0.8436560118056539,0.13427996738008519,0.8717007602318986,0.13427996738008519,0.8436560118056539,True
43,1,0.7882594769220651,43,B,0.11119998946760636,0.8436560118056539,0.13427996738008519,0.8717007602318986,0.13427996738008519,0.8436560118056539,True
44,1,0.2912218150198485,44,B,0.11119998946760636,0.8436560118056539,0.13427996738008519,0.8717007602318986,0.13427996738008519,0.8436560118056539,True
45,1,0.46003086745789296,45,B,0.11119998946760636,0.8436560118056539,0.13427996738008519,0.8717007602318986,0.13427996738008519,0.8436560118056539,True
46,1,0.5885555563784739,46,B,0.11119998946760636,0.8436560118056539,0.13427996738008519,0.8717007602318986,0.13427996738008519,0.8436560118056539,True
47,1,0.4479994715105831,47,B,0.11119998946760636,0.8436560118056539,0.13427996738008519,0.8717007602318986,0.13427996738008519,0.8436560118056539,True
48,0,0.4191399082687751,48,B,0.11119998946760636,0.8436560118056539,0.13427996738008519,0.8717007602318986,0.13427996738008519,0.8436560118056539,True
49,1,0.6656439464554951,49,B,0.11119998946760636,0.8436560118056539,0.13427996738008519,0.8717007602318986,0.13427996738008519,0.8436560118056539,True
50,0,0.6104766756859012,50,B,0.11119998946760636,0.8436560118056539,0.13427996738008519,0.8717007602318986,0.13427996738008519,0.8436560118056539,True
51,0,0.3132015182508145,51,B,0.11119998946760636,0.8436560118056539,0.13427996738008519,0.8717007602318986,0.13427996738008519,0.8436560118056539,True
52,1,0.434176956828127,52,B,0.11119998946760636,0.8436560118056539,0.13427996738008519,0.8717007602318986,0.13427996738008519,0.8436560118056539,True
53,0,0.11119998946760636,53,B,0.11119998946760636,0.8436560118056539,0.13427996738008519,0.8717007602318986,0.13427996738008519,0.8436560118056539,False
54,1,0.5123089983695934,54,B,0.11119998946760636,0.8436560118056539,0.13427996738008519,0.8717007602318986,0.13427996738008519,0.8436560118056539,True
55,0,0.5405029955707584,55,B,0.11119998946760636,0.8436560118056539,0.13427996738008519,0.8717007602318986,0.13427996738008519,0.8436560118056539,True
56,1,0.22914815154389503,56,B,0.11119998946760636,0.8436560118056539,0.13427996738008519,0.8717007602318986,0.13427996738008519,0.8436560118056539,True
57,0,0.3739529897536296,57,B,0.11119998946760636,0.8436560118056539,0.13427996738008519,0.8717007602318986,0.13427996738008519,0.8436560118056539,True
58,1,0.2498175085336847,58,B,0.11119998946760636,0.8436560118056539,0.13427996738008519,0.8717007602318986,0.13427996738008519,0.8436560118056539,True
59,0,0.45665683006898267,59,B,0.11119998946760636,0.8436560118056539,0.13427996738008519,0.8717007602318986,0.13427996738008519,0.8436560118056539,True
60,1,0.3439736890932513,60,B,0.11119998946760636,0.8436560118056539,0.13427996738008519,0.8717007602318986,0.13427996738008519,0.8436560118056539,True
61,0,0.4145682810133264,61,B,0.11119998946760636,0.8436560118056539,0.13427996738008519,0.8717007602318986,0.13427996738008519,0.8436560118056539,True
62,1,0.5147346544514954,62,B,0.11119998946760636,0.8436560118056539,0.13427996738008519,0.8717007602318986,0.13427996738008519,0.8436560118056539,True
63,0,0.5906826449554837,63,B,0.11119998946760636,0.8436560118056539,0.13427996738008519,0.8717007602318986,0.13427996738008519,0.8436560118056539,True
64,0,0.5392154906335896,64,B,0.11119998946760636,0.8436560118056539,0.13427996738008519,0.8717007602318986,0.13427996738008519,0.8436560118056539,True
65,0,0.5567534742719566,65,B,0.11119998946760636,0.8436560118056539,0.13427996738008519,0.8717007602318986,0.13427996738008519,0.8436560118056539,True
66,0,0.174061346071657,66,B,0.11119998946760636,0.8436560118056539,0.13427996738008519,0.8717007602318986,0.13427996738008519,0.8436560118056539,True
67,0,0.3474311178509505,67,B,0.11119998946760636,0.8436560118056539,0.13427996738008519,0.8717007602318986,0.13427996738008519,0.8436560118056539,True
68,0,0.5359033029045511,68,B,0.11119998946760636,0.8436560118056539,0.13427996738008519,0.8717007602318986,0.13427996738008519,0.8436560118056539,True
69,1,0.7460869718418883,69,B,0.11119998946760636,0.8436560118056539,0.13427996738008519,0.8717007602318986,0.13427996738008519,0.8436560118056539,True
70,0,0.30411387339895446,70,B,0.11119998946760636,0.8436560118056539,0.13427996738008519,0.8717007602318986,0.13427996738008519,0.8436560118056539,True
71,1,0.42607198368661053,71,B,0.11119998946760636,0.8436560118056539,0.13427996738008519,0.8717007602318986,0.13427996738008519,0.8436560118056539,True
72,0,0.6307474770068408,72,B,0.11119998946760636,0.8436560118056539,0.13427996738008519,0.8717007602318986,0.13427996738008519,0.8436560118056539,True
73,1,0.27147822710179337,73,B,0.11119998946760636,0.8436560118056539,0.13427996738008519,0.8717007602318986,0.13427996738008519,0.8436560118056539,True
74,1,0.4936873022267511,74,B,0.11119998946760636,0.8436560118056539,0.13427996738008519,0.8717007602318986,0.13427996738008519,0.8436560118056539,True
75,0,0.8056421533498824,75,B,0.11119998946760636,0.8436560118056539,0.13427996738008519,0.8717007602318986,0.13427996738008519,0.8436560118056539,True
76,1,0.4615366567739744,76,B,0.11119998946760636,0.8436560118056539,0.13427996738008519,0.8717007602318986,0.13427996738008519,0.8436560118056539,True
77,0,0.6585321527238857,77,B,0.11119998946760636,0.8436560118056539,0.13427996738008519,0.8717007602318986,0.13427996738008519,0.8436560118056539,True
78,1,0.2635548474290147,78,B,0.11119998946760636,0.8436560118056539,0.13427996738008519,0.8717007602318986,0.13427996738008519,0.8436560118056539,True
79,0,0.5465087093320002,79,B,0.11119998946760636,0.8436560118056539,0.13427996738008519,0.8717007602318986,0.13427996738008519,0.8436560118056539,True
80,1,0.7137115097781666,80,B,0.11119998946760636,0.8436560118056539,0.13427996738008519,0.8717007602318986,0.13427996738008519,0.8436560118056539,True
81,1,0.5966623437501735,81,B,0.11119998946760636,0.8436560118056539,0.13427996738008519,0.8717007602318986,0.13427996738008519,0.8436560118056539,True
82,0,0.11234760478357046,82,B,0.11119998946760636,0.8436560118056539,0.13427996738008519,0.8717007602318986,0.13427996738008519,0.8436560118056539,False
83,1,0.47114122889412396,83,B,0.11119998946760636,0.8436560118056539,0.13427996738008519,0.8717007602318986,0.13427996738008519,0.8436560118056539,True
84,1,0.45311046141029393,84,B,0.11119998946760636,0.8436560118056539,0.13427996738008519,0.8717007602318986,0.13427996738008519,0.8436560118056539,True
85,0,0.3695339718748013,85,B,0.11119998946760636,0.8436560118056539,0.13427996738008519,0.8717007602318986,0.13427996738008519,0.8436560118056539,True
86,0,0.44816102539627767,86,B,0.11119998946760636,0.8436560118056539,0.13427996738008519,0.8717007602318986,0.13427996738008519,0.8436560118056539,True
87,1,0.694955115136634,87,B,0.11119998946760636,0.8436560118056539,0.13427996738008519,0.8717007602318986,0.13427996738008519,0.8436560118056539,True
88,0,0.48600288680666603,88,B,0.11119998946760636,0.8436560118056539,0.13427996738008519,0.8717007602318986,0.13427996738008519,0.8436560118056539,True
89,0,0.394013429979724,89,B,0.11119998946760636,0.8436560118056539,0.13427996738008519,0.8717007602318986,0.13427996738008519,0.8436560118056539,True
90,1,0.35496377750888575,90,B,0.11119998946760636,0.8436560118056539,0.13427996738008519,0.8717007602318986,0.13427996738008519,0.8436560118056539,True
91,1,0.626836546035125,91,B,0.11119998946760636,0.8436560118056539,0.13427996738008519,0.8717007602318986,0.13427996738008519,0.8436560118056539,True
92,0,0.23548548423725618,92,B,0.11119998946760636,0.8436560118056539,0.13427996738008519,0.8717007602318986,0.13427996738008519,0.8436560118056539,True
93,1,0.7920049219648949,93,B,0.11119998946760636,0.8436560118056539,0.13427996738008519,0.8717007602318986,0.13427996738008519,0.8436560118056539,True
94,0,0.23035044334147162,94,B,0.11119998946760636,0.8436560118056539,0.13427996738008519,0.8717007602318986,0.13427996738008519,0.8436560118056539,True
95,0,0.7759306131130471,95,B,0.11119998946760636,0.8436560118056539,0.13427996738008519,0.8717007602318986,0.13427996738008519,0.8436560118056539,True
96,1,0.5718210190564722,96,B,0.11119998946760636,0.8436560118056539,0.13427996738008519,0.8717007602318986,0.13427996738008519,0.8436560118056539,True
97,0,0.4712018157220373,97,B,0.11119998946760636,0.8436560118056539,0.13427996738008519,0.8717007602318986,0.13427996738008519,0.8436560118056539,True
98,0,0.509091768025318,98,B,0.11119998946760636,0.8436560118056539,0.13427996738008519,0.8717007602318986,0.13427996738008519,0.8436560118056539,True
99,1,0.6519931977749471,99,B,0.11119998946760636,0.8436560118056539,0.13427996738008519,0.8717007602318986,0.13427996738008519,0.8436560118056539,True
100,1,0.4082177092698238,100,B,0.11119998946760636,0.8436560118056539,0.13427996738008519,0.8717007602318986,0.13427996738008519,0.8436560118056539,True
101,0,0.5458924541044435,101,B,0.11119998946760636,0.8436560118056539,0.13427996738008519,0.8717007602318986,0.13427996738008519,0.8436560118056539,True
102,1,0.31451711289763845,102,B,0.11119998946760636,0.8436560118056539,0.13427996738008519,0.8717007602318986,0.13427996738008519,0.8436560118056539,True
103,1,0.3650654252036847,103,B,0.11119998946760636,0.8436560118056539,0.13427996738008519,0.8717007602318986,0.13427996738008519,0.8436560118056539,True
104,0,0.589730063676116,104,B,0.11119998946760636,0.8436560118056539,0.13427996738008519,0.8717007602318986,0.13427996738008519,0.8436560118056539,True
105,1,0.7398846058605291,105,B,0.11119998946760636,0.8436560118056539,0.13427996738008519,0.8717007602318986,0.13427996738008519,0.8436560118056539,True
106,1,0.5547788233182213,106,B,0.11119998946760636,0.8436560118056539,0.13427996738008519,0.8717007602318986,0.13427996738008519,0.8436560118056539,True
107,1,0.5167429617048516,107,B,0.11119998946760636,0.8436560118056539,0.13427996738008519,0.8717007602318986,0.13427996738008519,0.8436560118056539,True
108,0,0.7639555333960478,108,B,0.11119998946760636,0.8436560118056539,0.13427996738008519,0.8717007602318986,0.13427996738008519,0.8436560118056539,True
109,1,0.3454366788363291,109,B,0.11119998946760636,0.8436560118056539,0.13427996738008519,0.8717007602318986,0.13427996738008519,0.8436560118056539,True
110,0,0.36157606491914457,110,B,0.11119998946760636,0.8436560118056539,0.13427996738008519,0.8717007602318986,0.13427996738008519,0.8436560118056539,True
111,0,0.3750597983574845,111,B,0.11119998946760636,0.8436560118056539,0.13427996738008519,0.8717007602318986,0.13427996738008519,0.8436560118056539,True
112,0,0.3131335609280534,112,B,0.11119998946760636,0.8436560118056539,0.13427996738008519,0.8717007602318986,0.13427996738008519,0.8436560118056539,True
113,1,0.4884259943033277,113,B,0.11119998946760636,0.8436560118056539,0.13427996738008519,0.8717007602318986,0.13427996738008519,0.8436560118056539,True
114,0,0.5963362732213373,114,B,0.11119998946760636,0.8436560118056539,0.13427996738008519,0.8717007602318986,0.13427996738008519,0.8436560118056539,True
115,1,0.7503846725456454,115,B,0.11119998946760636,0.8436560118056539,0.13427996738008519,0.8717007602318986,0.13427996738008519,0.8436560118056539,True
116,0,0.415731064963515,116,B,0.11119998946760636,0.8436560118056539,0.13427996738008519,0.8717007602318986,0.13427996738008519,0.8436560118056539,True
117,1,0.4400892561962913,117,B,0.11119998946760636,0.8436560118056539,0.13427996738008519,0.8717007602318986,0.13427996738008519,0.8436560118056539,True
118,1,0.6860321167213203,118,B,0.11119998946760636,0.8436560118056539,0.13427996738008519,0.8717007602318986,0.13427996738008519,0.8436560118056539,True
119,0,0.31662205565640505,119,B,0.11119998946760636,0.8436560118056539,0.13427996738008519,0.8717007602318986,0.13427996738008519,0.8436560118056539,True
120,0,0.25587183871104857,120,B,0.11119998946760636,0.8436560118056539,0.13427996738008519,0.8717007602318986,0.13427996738008519,0.8436560118056539,True
121,0,0.29020874553963205,121,B,0.11119998946760636,0.8436560118056539,0.13427996738008519,0.8717007602318986,0.13427996738008519,0.8436560118056539,True
122,0,0.2745618639028181,122,B,0.11119998946760636,0.8436560118056539,0.13427996738008519,0.8717007602318986,0.13427996738008519,0.8436560118056539,True
123,0,0.4983883489980071,123,B,0.11119998946760636,0.8436560118056539,0.13427996738008519,0.8717007602318986,0.13427996738008519,0.8436560118056539,True
124,1,0.5433529106786573,124,B,0.11119998946760636,0.8436560118056539,0.13427996738008519,0.8717007602318986,0.13427996738008519,0.8436560118056539,True
125,0,0.18215946214928533,125,B,0.11119998946760636,0.8436560118056539,0.13427996738008519,0.8717007602318986,0.13427996738008519,0.8436560118056539,True
126,1,0.45343161404774746,126,B,0.11119998946760636,0.8436560118056539,0.13427996738008519,0.8717007602318986,0.13427996738008519,0.8436560118056539,True
127,0,0.4780374002155643,127,B,0.11119998946760636,0.8436560118056539,0.13427996738008519,0.8717007602318986,0.13427996738008519,0.8436560118056539,True
128,1,0.22074130587345858,128,B,0.11119998946760636,0.8436560118056539,0.13427996738008519,0.8717007602318986,0.13427996738008519,0.8436560118056539,True
129,1,0.37573759583354305,129,B,0.11119998946760636,0.8436560118056539,0.13427996738008519,0.8717007602318986,0.13427996738008519,0.8436560118056539,True
130,1,0.5928375754974791,130,B,0.11119998946760636,0.8436560118056539,0.13427996738008519,0.8717007602318986,0.13427996738008519,0.8436560118056539,True
131,0,0.4660934409417906,131,B,0.11119998946760636,0.8436560118056539,0.13427996738008519,0.8717007602318986,0.13427996738008519,0.8436560118056539,True
132,0,0.44344262150878516,132,B,0.11119998946760636,0.8436560118056539,0.13427996738008519,0.8717007602318986,0.13427996738008519,0.8436560118056539,True
133,1,0.14786284486450305,133,B,0.11119998946760636,0.8436560118056539,0.13427996738008519,0.8717007602318986,0.13427996738008519,0.8436560118056539,True
134,0,0.15322377354244304,134,B,0.11119998946760636,0.8436560118056539,0.13427996738008519,0.8717007602318986,0.13427996738008519,0.8436560118056539,True
135,0,0.326519328895475,135,B,0.11119998946760636,0.8436560118056539,0.13427996738008519,0.8717007602318986,0.13427996738008519,0.8436560118056539,True
136,1,0.6598273908329898,136,B,0.11119998946760636,0.8436560118056539,0.13427996738008519,0.8717007602318986,0.13427996738008519,0.8436560118056539,True
137,0,0.33873162918752164,137,B,0.11119998946760636,0.8436560118056539,0.13427996738008519,0.8717007602318986,0.13427996738008519,0.8436560118056539,True
138,1,0.5886320198244026,138,B,0.11119998946760636,0.8436560118056539,0.13427996738008519,0.8717007602318986,0.13427996738008519,0.8436560118056539,True
139,0,0.32613226301341,139,B,0.11119998946760636,0.8436560118056539,0.13427996738008519,0.8717007602318986,0.13427996738008519,0.8436560118056539,True
140,0,0.31313986486380246,140,B,0.11119998946760636,0.8436560118056539,0.13427996738008519,0.8717007602318986,0.13427996738008519,0.8436560118056539,True
141,1,0.47155370037951916,141,B,0.11119998946760636,0.8436560118056539,0.13427996738008519,0.8717007602318986,0.13427996738008519,0.8436560118056539,True
142,0,0.21990613777441725,142,B,0.11119998946760636,0.8436560118056539,0.13427996738008519,0.8717007602318986,0.13427996738008519,0.8436560118056539,True
143,0,0.4205752371663548,143,B,0.11119998946760636,0.8436560118056539,0.13427996738008519,0.8717007602318986,0.13427996738008519,0.8436560118056539,True
144,0,0.4714167451975499,144,B,0.11119998946760636,0.8436560118056539,0.13427996738008519,0.8717007602318986,0.13427996738008519,0.8436560118056539,True
145,0,0.6351834046543738,145,B,0.11119998946760636,0.8436560118056539,0.13427996738008519,0.8717007602318986,0.13427996738008519,0.8436560118056539,True
146,1,0.33290944770202946,146,B,0.11119998946760636,0.8436560118056539,0.13427996738008519,0.8717007602318986,0.13427996738008519,0.8436560118056539,True
147,1,0.723986809568811,147,B,0.11119998946760636,0.8436560118056539,0.13427996738008519,0.8717007602318986,0.13427996738008519,0.8436560118056539,True
148,0,0.3938284804682536,148,B,0.11119998946760636,0.8436560118056539,0.13427996738008519,0.8717007602318986,0.13427996738008519,0.8436560118056539,True
149,0,0.495234535052912,149,B,0.11119998946760636,0.8436560118056539,0.13427996738008519,0.8717007602318986,0.13427996738008519,0.8436560118056539,True
150,0,0.3995737145064464,150,B,0.11119998946760636,0.8436560118056539,0.13427996738008519,0.8717007602318986,0.13427996738008519,0.8436560118056539,True
151,0,0.33309596790544604,151,B,0.11119998946760636,0.8436560118056539,0.13427996738008519,0.8717007602318986,0.13427996738008519,0.8436560118056539,True
152,0,0.603398279975136,152,B,0.11119998946760636,0.8436560118056539,0.13427996738008519,0.8717007602318986,0.13427996738008519,0.8436560118056539,True
153,1,0.42368541797613474,153,B,0.11119998946760636,0.8436560118056539,0.13427996738008519,0.8717007602318986,0.13427996738008519,0.8436560118056539,True
154,1,0.6283241448632599,154,B,0.11119998946760636,0.8436560118056539,0.13427996738008519,0.8717007602318986,0.13427996738008519,0.8436560118056539,True
155,1,0.5659878063815349,155,B,0.11119998946760636,0.8436560118056539,0.13427996738008519,0.8717007602318986,0.13427996738008519,0.8436560118056539,True
156,1,0.5776951164285685,156,B,0.11119998946760636,0.8436560118056539,0.13427996738008519,0.8717007602318986,0.13427996738008519,0.8436560118056539,True
157,1,0.5088438505517846,157,B,0.11119998946760636,0.8436560118056539,0.13427996738008519,0.8717007602318986,0.13427996738008519,0.8436560118056539,True
158,0,0.7373622977607592,158,B,0.11119998946760636,0.8436560118056539,0.13427996738008519,0.8717007602318986,0.13427996738008519,0.8436560118056539,True
159,0,0.34589443973855505,159,B,0.11119998946760636,0.8436560118056539,0.13427996738008519,0.8717007602318986,0.13427996738008519,0.8436560118056539,True
160,0,0.5456551699846613,160,B,0.11119998946760636,0.8436560118056539,0.13427996738008519,0.8717007602318986,0.13427996738008519,0.8436560118056539,True
161,0,0.4952493522988091,161,B,0.11119998946760636,0.8436560118056539,0.13427996738008519,0.8717007602318986,0.13427996738008519,0.8436560118056539,True
162,0,0.619382882767097,162,B,0.11119998946760636,0.8436560118056539,0.13427996738008519,0.8717007602318986,0.13427996738008519,0.8436560118056539,True
163,1,0.453800861595951,163,B,0.11119998946760636,0.8436560118056539,0.13427996738008519,0.8717007602318986,0.13427996738008519,0.8436560118056539,True
164,0,0.4232011937761504,164,B,0.11119998946760636,0.8436560118056539,0.13427996738008519,0.8717007602318986,0.13427996738008519,0.8436560118056539,True
165,1,0.2017409769781699,165,B,0.11119998946760636,0.8436560118056539,0.13427996738008519,0.8717007602318986,0.13427996738008519,0.8436560118056539,True
166,0,0.21143572077709435,166,B,0.11119998946760636,0.8436560118056539,0.13427996738008519,0.8717007602318986,0.13427996738008519,0.8436560118056539,True
167,1,0.49395426008970506,167,B,0.11119998946760636,0.8436560118056539,0.13427996738008519,0.8717007602318986,0.13427996738008519,0.8436560118056539,True
168,0,0.47411262746404076,168,B,0.11119998946760636,0.8436560118056539,0.13427996738008519,0.8717007602318986,0.13427996738008519,0.8436560118056539,True
169,1,0.6932167300855889,169,B,0.11119998946760636,0.8436560118056539,0.13427996738008519,0.8717007602318986,0.13427996738008519,0.8436560118056539,True
170,1,0.5232930864919979,170,B,0.11119998946760636,0.8436560118056539,0.13427996738008519,0.8717007602318986,0.13427996738008519,0.8436560118056539,True
171,0,0.1819360102307221,171,B,0.11119998946760636,0.8436560118056539,0.13427996738008519,0.8717007602318986,0.13427996738008519,0.8436560118056539,True
172,1,0.5101098983211935,172,B,0.11119998946760636,0.8436560118056539,0.13427996738008519,0.8717007602318986,0.13427996738008519,0.8436560118056539,True
173,0,0.5070139515228435,173,B,0.11119998946760636,0.8436560118056539,0.13427996738008519,0.8717007602318986,0.13427996738008519,0.8436560118056539,True
174,0,0.47847625287322954,174,B,0.11119998946760636,0.8436560118056539,0.13427996738008519,0.8717007602318986,0.13427996738008519,0.8436560118056539,True
175,0,0.44354297987667146,175,B,0.11119998946760636,0.8436560118056539,0.13427996738008519,0.8717007602318986,0.13427996738008519,0.8436560118056539,True
176,1,0.5667488990731795,176,B,0.11119998946760636,0.8436560118056539,0.13427996738008519,0.8717007602318986,0.13427996738008519,0.8436560118056539,True
177,1,0.7471098099209562,177,B,0.11119998946760636,0.8436560118056539,0.13427996738008519,0.8717007602318986,0.13427996738008519,0.8436560118056539,True
178,1,0.6632406037966003,178,B,0.11119998946760636,0.8436560118056539,0.13427996738008519,0.8717007602318986,0.13427996738008519,0.8436560118056539,True
179,0,0.3050960398531257,179,B,0.11119998946760636,0.8436560118056539,0.13427996738008519,0.8717007602318986,0.13427996738008519,0.8436560118056539,True
180,1,0.48566771903995876,180,B,0.11119998946760636,0.8436560118056539,0.13427996738008519,0.8717007602318986,0.13427996738008519,0.8436560118056539,True
181,0,0.12576784642276936,181,B,0.11119998946760636,0.8436560118056539,0.13427996738008519,0.8717007602318986,0.13427996738008519,0.8436560118056539,False
182,1,0.5649778702522057,182,B,0.11119998946760636,0.8436560118056539,0.13427996738008519,0.8717007602318986,0.13427996738008519,0.8436560118056539,True
183,1,0.734784483053992,183,B,0.11119998946760636,0.8436560118056539,0.13427996738008519,0.8717007602318986,0.13427996738008519,0.8436560118056539,True
184,1,0.5517146192009919,184,B,0.11119998946760636,0.8436560118056539,0.13427996738008519,0.8717007602318986,0.13427996738008519,0.8436560118056539,True
185,0,0.5733279422094202,185,B,0.11119998946760636,0.8436560118056539,0.13427996738008519,0.8717007602318986,0.13427996738008519,0.8436560118056539,True
186,1,0.5397115638920906,186,B,0.11119998946760636,0.8436560118056539,0.13427996738008519,0.8717007602318986,0.13427996738008519,0.8436560118056539,True
187,0,0.31979008628498207,187,B,0.11119998946760636,0.8436560118056539,0.13427996738008519,0.8717007602318986,0.13427996738008519,0.8436560118056539,True
188,1,0.6793976867274739,188,B,0.11119998946760636,0.8436560118056539,0.13427996738008519,0.8717007602318986,0.13427996738008519,0.8436560118056539,True
189,0,0.5804049472776114,189,B,0.11119998946760636,0.8436560118056539,0.13427996738008519,0.8717007602318986,0.13427996738008519,0.8436560118056539,True
190,1,0.6041781659082445,190,B,0.11119998946760636,0.8436560118056539,0.13427996738008519,0.8717007602318986,0.13427996738008519,0.8436560118056539,True
191,0,0.4907236905349883,191,B,0.11119998946760636,0.8436560118056539,0.13427996738008519,0.8717007602318986,0.13427996738008519,0.8436560118056539,True
192,0,0.6295512569568812,192,B,0.11119998946760636,0.8436560118056539,0.13427996738008519,0.8717007602318986,0.13427996738008519,0.8436560118056539,True
193,0,0.538791787628036,193,B,0.11119998946760636,0.8436560118056539,0.13427996738008519,0.8717007602318986,0.13427996738008519,0.8436560118056539,True
194,0,0.5370173540228355,194,B,0.11119998946760636,0.8436560118056539,0.13427996738008519,0.8717007602318986,0.13427996738008519,0.8436560118056539,True
195,0,0.25796392519242517,195,B,0.11119998946760636,0.8436560118056539,0.13427996738008519,0.8717007602318986,0.13427996738008519,0.8436560118056539,True
196,0,0.23600293359511476,196,B,0.11119998946760636,0.8436560118056539,0.13427996738008519,0.8717007602318986,0.13427996738008519,0.8436560118056539,True
197,0,0.5179664285194262,197,B,0.11119998946760636,0.8436560118056539,0.13427996738008519,0.8717007602318986,0.13427996738008519,0.8436560118056539,True
198,0,0.2529874178956718,198,B,0.11119998946760636,0.8436560118056539,0.13427996738008519,0.8717007602318986,0.13427996738008519,0.8436560118056539,True
199,0,0.5899331413298419,199,B,0.11119998946760636,0.8436560118056539,0.13427996738008519,0.8717007602318986,0.13427996738008519,0.8436560118056539,True
200,0,0.3260368864101247,200,B,0.11119998946760636,0.8436560118056539,0.13427996738008519,0.8717007602318986,0.13427996738008519,0.8436560118056539,True
201,0,0.3343515871164731,201,B,0.11119998946760636,0.8436560118056539,0.13427996738008519,0.8717007602318986,0.13427996738008519,0.8436560118056539,True
202,0,0.49789088231442397,202,B,0.11119998946760636,0.8436560118056539,0.13427996738008519,0.8717007602318986,0.13427996738008519,0.8436560118056539,True
203,1,0.5724794851311694,203,B,0.11119998946760636,0.8436560118056539,0.13427996738008519,0.8717007602318986,0.13427996738008519,0.8436560118056539,True
204,0,0.540599226508267,204,B,0.11119998946760636,0.8436560118056539,0.13427996738008519,0.8717007602318986,0.13427996738008519,0.8436560118056539,True
205,0,0.4256755153297067,205,B,0.11119998946760636,0.8436560118056539,0.13427996738008519,0.8717007602318986,0.13427996738008519,0.8436560118056539,True
206,1,0.43420682206159755,206,B,0.11119998946760636,0.8436560118056539,0.13427996738008519,0.8717007602318986,0.13427996738008519,0.8436560118056539,True
207,0,0.2342226979767983,207,B,0.11119998946760636,0.8436560118056539,0.13427996738008519,0.8717007602318986,0.13427996738008519,0.8436560118056539,True
208,1,0.23989498285090427,208,B,0.11119998946760636,0.8436560118056539,0.13427996738008519,0.8717007602318986,0.13427996738008519,0.8436560118056539,True
209,1,0.42241418692980687,209,B,0.11119998946760636,0.8436560118056539,0.13427996738008519,0.8717007602318986,0.13427996738008519,0.8436560118056539,True
210,1,0.8232872357350258,210,B,0.11119998946760636,0.8436560118056539,0.13427996738008519,0.8717007602318986,0.13427996738008519,0.8436560118056539,True
211,0,0.2471451061303145,211,B,0.11119998946760636,0.8436560118056539,0.13427996738008519,0.8717007602318986,0.13427996738008519,0.8436560118056539,True
212,0,0.269806226785293,212,B,0.11119998946760636,0.8436560118056539,0.13427996738008519,0.8717007602318986,0.13427996738008519,0.8436560118056539,True
213,0,0.42717391575177266,213,B,0.11119998946760636,0.8436560118056539,0.13427996738008519,0.8717007602318986,0.13427996738008519,0.8436560118056539,True
214,0,0.4160575440559618,214,B,0.11119998946760636,0.8436560118056539,0.13427996738008519,0.8717007602318986,0.13427996738008519,0.8436560118056539,True
215,0,0.15907767263432895,215,B,0.11119998946760636,0.8436560118056539,0.13427996738008519,0.8717007602318986,0.13427996738008519,0.8436560118056539,True
216,0,0.31900312276383214,216,B,0.11119998946760636,0.8436560118056539,0.13427996738008519,0.8717007602318986,0.13427996738008519,0.8436560118056539,True
217,1,0.7273376007710036,217,B,0.11119998946760636,0.8436560118056539,0.13427996738008519,0.8717007602318986,0.13427996738008519,0.8436560118056539,True
218,1,0.5427823284539453,218,B,0.11119998946760636,0.8436560118056539,0.13427996738008519,0.8717007602318986,0.13427996738008519,0.8436560118056539,True
219,0,0.5577249671349807,219,B,0.11119998946760636,0.8436560118056539,0.13427996738008519,0.8717007602318986,0.13427996738008519,0.8436560118056539,True
220,0,0.47922343736271245,220,B,0.11119998946760636,0.8436560118056539,0.13427996738008519,0.8717007602318986,0.13427996738008519,0.8436560118056539,True
221,1,0.29330146750589814,221,B,0.11119998946760636,0.8436560118056539,0.13427996738008519,0.8717007602318986,0.13427996738008519,0.8436560118056539,True
222,0,0.26355355498281735,222,B,0.11119998946760636,0.8436560118056539,0.13427996738008519,0.8717007602318986,0.13427996738008519,0.8436560118056539,True
223,1,0.7850338148399011,223,B,0.11119998946760636,0.8436560118056539,0.13427996738008519,0.8717007602318986,0.13427996738008519,0.8436560118056539,True
224,0,0.5181745720967629,224,B,0.11119998946760636,0.8436560118056539,0.13427996738008519,0.8717007602318986,0.13427996738008519,0.8436560118056539,True
225,1,0.5568170146281832,225,B,0.11119998946760636,0.8436560118056539,0.13427996738008519,0.8717007602318986,0.13427996738008519,0.8436560118056539,True
226,1,0.7340389918067207,226,B,0.11119998946760636,0.8436560118056539,0.13427996738008519,0.8717007602318986,0.13427996738008519,0.8436560118056539,True
227,0,0.3165879960058449,227,B,0.11119998946760636,0.8436560118056539,0.13427996738008519,0.8717007602318986,0.13427996738008519,0.8436560118056539,True
228,1,0.5923664824789521,228,B,0.11119998946760636,0.8436560118056539,0.13427996738008519,0.8717007602318986,0.13427996738008519,0.8436560118056539,True
229,1,0.4141773261325157,229,B,0.11119998946760636,0.8436560118056539,0.13427996738008519,0.8717007602318986,0.13427996738008519,0.8436560118056539,True
230,0,0.3647320977917596,230,B,0.11119998946760636,0.8436560118056539,0.13427996738008519,0.8717007602318986,0.13427996738008519,0.8436560118056539,True
231,1,0.2198511247021387,231,B,0.11119998946760636,0.8436560118056539,0.13427996738008519,0.8717007602318986,0.13427996738008519,0.8436560118056539,True
232,1,0.49818750086127284,232,B,0.11119998946760636,0.8436560118056539,0.13427996738008519,0.8717007602318986,0.13427996738008519,0.8436560118056539,True
233,1,0.6217739197760501,233,B,0.11119998946760636,0.8436560118056539,0.13427996738008519,0.8717007602318986,0.13427996738008519,0.8436560118056539,True
234,1,0.45662607659841137,234,B,0.11119998946760636,0.8436560118056539,0.13427996738008519,0.8717007602318986,0.13427996738008519,0.8436560118056539,True
235,0,0.4282428567049999,235,B,0.11119998946760636,0.8436560118056539,0.13427996738008519,0.8717007602318986,0.13427996738008519,0.8436560118056539,True
236,0,0.42219595686330963,236,B,0.11119998946760636,0.8436560118056539,0.13427996738008519,0.8717007602318986,0.13427996738008519,0.8436560118056539,True
237,1,0.5968698618514908,237,B,0.11119998946760636,0.8436560118056539,0.13427996738008519,0.8717007602318986,0.13427996738008519,0.8436560118056539,True
238,1,0.15098653729885553,238,B,0.11119998946760636,0.8436560118056539,0.13427996738008519,0.8717007602318986,0.13427996738008519,0.8436560118056539,True
239,0,0.21917143813018572,239,B,0.11119998946760636,0.8436560118056539,0.13427996738008519,0.8717007602318986,0.13427996738008519,0.8436560118056539,True
240,0,0.48239317675911736,240,B,0.11119998946760636,0.8436560118056539,0.13427996738008519,0.8717007602318986,0.13427996738008519,0.8436560118056539,True
241,1,0.6812050323026106,241,B,0.11119998946760636,0.8436560118056539,0.13427996738008519,0.8717007602318986,0.13427996738008519,0.8436560118056539,True
242,0,0.7651069001495178,242,B,0.11119998946760636,0.8436560118056539,0.13427996738008519,0.8717007602318986,0.13427996738008519,0.8436560118056539,True
243,0,0.5393446690229893,243,B,0.11119998946760636,0.8436560118056539,0.13427996738008519,0.8717007602318986,0.13427996738008519,0.8436560118056539,True
244,0,0.43152080335948245,244,B,0.11119998946760636,0.8436560118056539,0.13427996738008519,0.8717007602318986,0.13427996738008519,0.8436560118056539,True
245,0,0.2280075468999781,245,B,0.11119998946760636,0.8436560118056539,0.13427996738008519,0.8717007602318986,0.13427996738008519,0.8436560118056539,True
246,0,0.48357754651669543,246,B,0.11119998946760636,0.8436560118056539,0.13427996738008519,0.8717007602318986,0.13427996738008519,0.8436560118056539,True
247,0,0.38130594647270155,247,B,0.11119998946760636,0.8436560118056539,0.13427996738008519,0.8717007602318986,0.13427996738008519,0.8436560118056539,True
248,1,0.404578802550485,248,B,0.11119998946760636,0.8436560118056539,0.13427996738008519,0.8717007602318986,0.13427996738008519,0.8436560118056539,True
249,0,0.7342530390542884,249,B,0.11119998946760636,0.8436560118056539,0.13427996738008519,0.8717007602318986,0.13427996738008519,0.8436560118056539,True
250,1,0.8717007602318986,250,B,0.11119998946760636,0.8436560118056539,0.13427996738008519,0.8717007602318986,0.13427996738008519,0.8436560118056539,False
251,1,0.3625104886923682,251,B,0.11119998946760636,0.8436560118056539,0.13427996738008519,0.8717007602318986,0.13427996738008519,0.8436560118056539,True
252,1,0.8131510738403356,252,B,0.11119998946760636,0.8436560118056539,0.13427996738008519,0.8717007602318986,0.13427996738008519,0.8436560118056539,True
253,0,0.3799566992031647,253,B,0.11119998946760636,0.8436560118056539,0.13427996738008519,0.8717007602318986,0.13427996738008519,0.8436560118056539,True
254,1,0.4586496456571954,254,B,0.11119998946760636,0.8436560118056539,0.13427996738008519,0.8717007602318986,0.13427996738008519,0.8436560118056539,True
255,1,0.6549928282841735,255,B,0.11119998946760636,0.8436560118056539,0.13427996738008519,0.8717007602318986,0.13427996738008519,0.8436560118056539,True
256,0,0.4824873476197642,256,B,0.11119998946760636,0.8436560118056539,0.13427996738008519,0.8717007602318986,0.13427996738008519,0.8436560118056539,True
257,0,0.4754801168376184,257,B,0.11119998946760636,0.8436560118056539,0.13427996738008519,0.8717007602318986,0.13427996738008519,0.8436560118056539,True
258,1,0.8165374162164121,258,B,0.11119998946760636,0.8436560118056539,0.13427996738008519,0.8717007602318986,0.13427996738008519,0.8436560118056539,True
259,1,0.5531312799297456,259,B,0.11119998946760636,0.8436560118056539,0.13427996738008519,0.8717007602318986,0.13427996738008519,0.8436560118056539,True
260,1,0.44922385726297465,260,B,0.11119998946760636,0.8436560118056539,0.13427996738008519,0.8717007602318986,0.13427996738008519,0.8436560118056539,True
261,1,0.502649932702093,261,B,0.11119998946760636,0.8436560118056539,0.13427996738008519,0.8717007602318986,0.13427996738008519,0.8436560118056539,True
262,0,0.5391285274553507,262,B,0.11119998946760636,0.8436560118056539,0.13427996738008519,0.8717007602318986,0.13427996738008519,0.8436560118056539,True
263,0,0.3941803456336077,263,B,0.11119998946760636,0.8436560118056539,0.13427996738008519,0.8717007602318986,0.13427996738008519,0.8436560118056539,True
264,1,0.5014429389466405,264,B,0.11119998946760636,0.8436560118056539,0.13427996738008519,0.8717007602318986,0.13427996738008519,0.8436560118056539,True
265,0,0.7043886117615776,265,B,0.11119998946760636,0.8436560118056539,0.13427996738008519,0.8717007602318986,0.13427996738008519,0.8436560118056539,True
266,0,0.4550339909411334,266,B,0.11119998946760636,0.8436560118056539,0.13427996738008519,0.8717007602318986,0.13427996738008519,0.8436560118056539,True
267,0,0.3753928657675255,267,B,0.11119998946760636,0.8436560118056539,0.13427996738008519,0.8717007602318986,0.13427996738008519,0.8436560118056539,True
268,1,0.48342777312821805,268,B,0.11119998946760636,0.8436560118056539,0.13427996738008519,0.8717007602318986,0.13427996738008519,0.8436560118056539,True
269,0,0.24170651081786548,269,B,0.11119998946760636,0.8436560118056539,0.13427996738008519,0.8717007602318986,0.13427996738008519,0.8436560118056539,True
270,1,0.6925262669381439,270,B,0.11119998946760636,0.8436560118056539,0.13427996738008519,0.8717007602318986,0.13427996738008519,0.8436560118056539,True
271,0,0.45330037065961765,271,B,0.11119998946760636,0.8436560118056539,0.13427996738008519,0.8717007602318986,0.13427996738008519,0.8436560118056539,True
272,1,0.4461828831273766,272,B,0.11119998946760636,0.8436560118056539,0.13427996738008519,0.8717007602318986,0.13427996738008519,0.8436560118056539,True
273,0,0.4240356908616794,273,B,0.11119998946760636,0.8436560118056539,0.13427996738008519,0.8717007602318986,0.13427996738008519,0.8436560118056539,True
274,1,0.7117134233024828,274,B,0.11119998946760636,0.8436560118056539,0.13427996738008519,0.8717007602318986,0.13427996738008519,0.8436560118056539,True
275,1,0.5053015946074915,275,B,0.11119998946760636,0.8436560118056539,0.13427996738008519,0.8717007602318986,0.13427996738008519,0.8436560118056539,True
276,0,0.8436560118056539,276,B,0.11119998946760636,0.8436560118056539,0.13427996738008519,0.8717007602318986,0.13427996738008519,0.8436560118056539,True
277,0,0.6180542158776025,277,B,0.11119998946760636,0.8436560118056539,0.13427996738008519,0.8717007602318986,0.13427996738008519,0.8436560118056539,True
278,0,0.21070833950408055,278,B,0.11119998946760636,0.8436560118056539,0.13427996738008519,0.8717007602318986,0.13427996738008519,0.8436560118056539,True
279,0,0.4442338181061275,279,B,0.11119998946760636,0.8436560118056539,0.13427996738008519,0.8717007602318986,0.13427996738008519,0.8436560118056539,True
280,1,0.4966442680626438,280,B,0.11119998946760636,0.8436560118056539,0.13427996738008519,0.8717007602318986,0.13427996738008519,0.8436560118056539,True
281,1,0.4228236168657907,281,B,0.11119998946760636,0.8436560118056539,0.13427996738008519,0.8717007602318986,0.13427996738008519,0.8436560118056539,True
282,1,0.3552789745933332,282,B,0.11119998946760636,0.8436560118056539,0.13427996738008519,0.8717007602318986,0.13427996738008519,0.8436560118056539,True
283,1,0.3802776721276035,283,B,0.11119998946760636,0.8436560118056539,0.13427996738008519,0.8717007602318986,0.13427996738008519,0.8436560118056539,True
284,1,0.5936429553858372,284,B,0.11119998946760636,0.8436560118056539,0.13427996738008519,0.8717007602318986,0.13427996738008519,0.8436560118056539,True
285,1,0.7770264234368851,285,B,0.11119998946760636,0.8436560118056539,0.13427996738008519,0.8717007602318986,0.13427996738008519,0.8436560118056539,True
286,0,0.328847725894787,286,B,0.11119998946760636,0.8436560118056539,0.13427996738008519,0.8717007602318986,0.13427996738008519,0.8436560118056539,True
287,0,0.5842110531852657,287,B,0.11119998946760636,0.8436560118056539,0.13427996738008519,0.8717007602318986,0.13427996738008519,0.8436560118056539,True
288,0,0.3856194713814289,288,B,0.11119998946760636,0.8436560118056539,0.13427996738008519,0.8717007602318986,0.13427996738008519,0.8436560118056539,True
289,1,0.41117350382469176,289,B,0.11119998946760636,0.8436560118056539,0.13427996738008519,0.8717007602318986,0.13427996738008519,0.8436560118056539,True
290,1,0.6859475867193902,290,B,0.11119998946760636,0.8436560118056539,0.13427996738008519,0.8717007602318986,0.13427996738008519,0.8436560118056539,True
291,0,0.48285471200928737,291,B,0.11119998946760636,0.8436560118056539,0.13427996738008519,0.8717007602318986,0.13427996738008519,0.8436560118056539,True
292,1,0.4288546523709634,292,B,0.11119998946760636,0.8436560118056539,0.13427996738008519,0.8717007602318986,0.13427996738008519,0.8436560118056539,True
293,1,0.1966614783740437,293,B,0.11119998946760636,0.8436560118056539,0.13427996738008519,0.8717007602318986,0.13427996738008519,0.8436560118056539,True
294,1,0.7278709806348106,294,B,0.11119998946760636,0.8436560118056539,0.13427996738008519,0.8717007602318986,0.13427996738008519,0.8436560118056539,True
295,1,0.5588450291216719,295,B,0.11119998946760636,0.8436560118056539,0.13427996738008519,0.8717007602318986,0.13427996738008519,0.8436560118056539,True
296,0,0.18443299465878643,296,B,0.11119998946760636,0.8436560118056539,0.13427996738008519,0.8717007602318986,0.13427996738008519,0.8436560118056539,True
297,1,0.7394137069957665,297,B,0.11119998946760636,0.8436560118056539,0.13427996738008519,0.8717007602318986,0.13427996738008519,0.8436560118056539,True
298,1,0.7181032605885986,298,B,0.11119998946760636,0.8436560118056539,0.13427996738008519,0.8717007602318986,0.13427996738008519,0.8436560118056539,True
299,1,0.4386457181042012,299,B,0.11119998946760636,0.8436560118056539,0.13427996738008519,0.8717007602318986,0.13427996738008519,0.8436560118056539,True
300,0,0.23489547251897364,300,B,0.11119998946760636,0.8436560118056539,0.13427996738008519,0.8717007602318986,0.13427996738008519,0.8436560118056539,True
301,0,0.5448098248232782,301,B,0.11119998946760636,0.8436560118056539,0.13427996738008519,0.8717007602318986,0.13427996738008519,0.8436560118056539,True
302,0,0.572621192494248,302,B,0.11119998946760636,0.8436560118056539,0.13427996738008519,0.8717007602318986,0.13427996738008519,0.8436560118056539,True
303,1,0.7482460100416518,303,B,0.11119998946760636,0.8436560118056539,0.13427996738008519,0.8717007602318986,0.13427996738008519,0.8436560118056539,True
304,1,0.42432984581756833,304,B,0.11119998946760636,0.8436560118056539,0.13427996738008519,0.8717007602318986,0.13427996738008519,0.8436560118056539,True
305,0,0.14771115079435948,305,B,0.11119998946760636,0.8436560118056539,0.13427996738008519,0.8717007602318986,0.13427996738008519,0.8436560118056539,True
306,1,0.45095630131840825,306,B,0.11119998946760636,0.8436560118056539,0.13427996738008519,0.8717007602318986,0.13427996738008519,0.8436560118056539,True
307,1,0.384591276809107,307,B,0.11119998946760636,0.8436560118056539,0.13427996738008519,0.8717007602318986,0.13427996738008519,0.8436560118056539,True
308,1,0.41860324630876605,308,B,0.11119998946760636,0.8436560118056539,0.13427996738008519,0.8717007602318986,0.13427996738008519,0.8436560118056539,True
309,1,0.6253741703405076,309,B,0.11119998946760636,0.8436560118056539,0.13427996738008519,0.8717007602318986,0.13427996738008519,0.8436560118056539,True
310,1,0.4642979944496471,310,B,0.11119998946760636,0.8436560118056539,0.13427996738008519,0.8717007602318986,0.13427996738008519,0.8436560118056539,True
311,1,0.6424084568653422,311,B,0.11119998946760636,0.8436560118056539,0.13427996738008519,0.8717007602318986,0.13427996738008519,0.8436560118056539,True
312,1,0.7247640790191662,312,B,0.11119998946760636,0.8436560118056539,0.13427996738008519,0.8717007602318986,0.13427996738008519,0.8436560118056539,True
313,1,0.6755258397419076,313,B,0.11119998946760636,0.8436560118056539,0.13427996738008519,0.8717007602318986,0.13427996738008519,0.8436560118056539,True
314,0,0.4354561243797438,314,B,0.11119998946760636,0.8436560118056539,0.13427996738008519,0.8717007602318986,0.13427996738008519,0.8436560118056539,True
315,0,0.39957064675595405,315,B,0.11119998946760636,0.8436560118056539,0.13427996738008519,0.8717007602318986,0.13427996738008519,0.8436560118056539,True
316,1,0.7599586698050784,316,B,0.11119998946760636,0.8436560118056539,0.13427996738008519,0.8717007602318986,0.13427996738008519,0.8436560118056539,True
317,0,0.6687110606678369,317,B,0.11119998946760636,0.8436560118056539,0.13427996738008519,0.8717007602318986,0.13427996738008519,0.8436560118056539,True
318,0,0.5975509836845481,318,B,0.11119998946760636,0.8436560118056539,0.13427996738008519,0.8717007602318986,0.13427996738008519,0.8436560118056539,True
319,1,0.29046748047651283,319,B,0.11119998946760636,0.8436560118056539,0.13427996738008519,0.8717007602318986,0.13427996738008519,0.8436560118056539,True
320,1,0.44749915490872894,320,B,0.11119998946760636,0.8436560118056539,0.13427996738008519,0.8717007602318986,0.13427996738008519,0.8436560118056539,True
321,0,0.247921446578268,321,B,0.11119998946760636,0.8436560118056539,0.13427996738008519,0.8717007602318986,0.13427996738008519,0.8436560118056539,True
322,1,0.4205047261144188,322,B,0.11119998946760636,0.8436560118056539,0.13427996738008519,0.8717007602318986,0.13427996738008519,0.8436560118056539,True
323,0,0.3515243747090564,323,B,0.11119998946760636,0.8436560118056539,0.13427996738008519,0.8717007602318986,0.13427996738008519,0.8436560118056539,True
324,1,0.6109820899235557,324,B,0.11119998946760636,0.8436560118056539,0.13427996738008519,0.8717007602318986,0.13427996738008519,0.8436560118056539,True
325,1,0.5487886147203581,325,B,0.11119998946760636,0.8436560118056539,0.13427996738008519,0.8717007602318986,0.13427996738008519,0.8436560118056539,True
326,0,0.24087890577886514,326,B,0.11119998946760636,0.8436560118056539,0.13427996738008519,0.8717007602318986,0.13427996738008519,0.8436560118056539,True
327,0,0.4258273675271224,327,B,0.11119998946760636,0.8436560118056539,0.13427996738008519,0.8717007602318986,0.13427996738008519,0.8436560118056539,True
328,0,0.5970277833463067,328,B,0.11119998946760636,0.8436560118056539,0.13427996738008519,0.8717007602318986,0.13427996738008519,0.8436560118056539,True
329,0,0.18050507153592635,329,B,0.11119998946760636,0.8436560118056539,0.13427996738008519,0.8717007602318986,0.13427996738008519,0.8436560118056539,True
330,1,0.4285073733359339,330,B,0.11119998946760636,0.8436560118056539,0.13427996738008519,0.8717007602318986,0.13427996738008519,0.8436560118056539,True
331,1,0.7164954573949919,331,B,0.11119998946760636,0.8436560118056539,0.13427996738008519,0.8717007602318986,0.13427996738008519,0.8436560118056539,True
332,0,0.6286362115410259,332,B,0.11119998946760636,0.8436560118056539,0.13427996738008519,0.8717007602318986,0.13427996738008519,0.8436560118056539,True
333,0,0.4088662478565379,333,B,0.11119998946760636,0.8436560118056539,0.13427996738008519,0.8717007602318986,0.13427996738008519,0.8436560118056539,True
334,0,0.32927178806214114,334,B,0.11119998946760636,0.8436560118056539,0.13427996738008519,0.8717007602318986,0.13427996738008519,0.8436560118056539,True
335,1,0.5210822962669708,335,B,0.11119998946760636,0.8436560118056539,0.13427996738008519,0.8717007602318986,0.13427996738008519,0.8436560118056539,True
336,1,0.5039806596342447,336,B,0.11119998946760636,0.8436560118056539,0.13427996738008519,0.8717007602318986,0.13427996738008519,0.8436560118056539,True
337,0,0.47109660393472186,337,B,0.11119998946760636,0.8436560118056539,0.13427996738008519,0.8717007602318986,0.13427996738008519,0.8436560118056539,True
338,1,0.13427996738008519,338,B,0.11119998946760636,0.8436560118056539,0.13427996738008519,0.8717007602318986,0.13427996738008519,0.8436560118056539,True
339,1,0.6317368634415395,339,B,0.11119998946760636,0.8436560118056539,0.13427996738008519,0.8717007602318986,0.13427996738008519,0.8436560118056539,True
340,0,0.33707174596878564,340,B,0.11119998946760636,0.8436560118056539,0.13427996738008519,0.8717007602318986,0.13427996738008519,0.8436560118056539,True
341,1,0.4336958555419167,341,B,0.11119998946760636,0.8436560118056539,0.13427996738008519,0.8717007602318986,0.13427996738008519,0.8436560118056539,True
342,0,0.24907381740345408,342,B,0.11119998946760636,0.8436560118056539,0.13427996738008519,0.8717007602318986,0.13427996738008519,0.8436560118056539,True
343,0,0.4804285579711537,343,B,0.11119998946760636,0.8436560118056539,0.13427996738008519,0.8717007602318986,0.13427996738008519,0.8436560118056539,True
344,1,0.5319843399488067,344,B,0.11119998946760636,0.8436560118056539,0.13427996738008519,0.8717007602318986,0.13427996738008519,0.8436560118056539,True
345,1,0.5974976354634092,345,B,0.11119998946760636,0.8436560118056539,0.13427996738008519,0.8717007602318986,0.13427996738008519,0.8436560118056539,True
346,0,0.21508485743563316,346,B,0.11119998946760636,0.8436560118056539,0.13427996738008519,0.8717007602318986,0.13427996738008519,0.8436560118056539,True
347,0,0.37159432421265126,347,B,0.11119998946760636,0.8436560118056539,0.13427996738008519,0.8717007602318986,0.13427996738008519,0.8436560118056539,True
348,0,0.7412787603516138,348,B,0.11119998946760636,0.8436560118056539,0.13427996738008519,0.8717007602318986,0.13427996738008519,0.8436560118056539,True
349,0,0.6572775825775516,349,B,0.11119998946760636,0.8436560118056539,0.13427996738008519,0.8717007602318986,0.13427996738008519,0.8436560118056539,True
350,0,0.3360665841317108,350,B,0.11119998946760636,0.8436560118056539,0.13427996738008519,0.8717007602318986,0.13427996738008519,0.8436560118056539,True
351,0,0.3716476133598086,351,B,0.11119998946760636,0.8436560118056539,0.13427996738008519,0.8717007602318986,0.13427996738008519,0.8436560118056539,True
352,0,0.27335966341899365,352,B,0.11119998946760636,0.8436560118056539,0.13427996738008519,0.8717007602318986,0.13427996738008519,0.8436560118056539,True
353,0,0.3165247988571466,353,B,0.11119998946760636,0.8436560118056539,0.13427996738008519,0.8717007602318986,0.13427996738008519,0.8436560118056539,True
354,1,0.5231405567189347,354,B,0.11119998946760636,0.8436560118056539,0.13427996738008519,0.8717007602318986,0.13427996738008519,0.8436560118056539,True
355,0,0.40875733352970095,355,B,0.11119998946760636,0.8436560118056539,0.13427996738008519,0.8717007602318986,0.13427996738008519,0.8436560118056539,True
356,0,0.5399728191228846,356,B,0.11119998946760636,0.8436560118056539,0.13427996738008519,0.8717007602318986,0.13427996738008519,0.8436560118056539,True
357,1,0.48680042967555026,357,B,0.11119998946760636,0.8436560118056539,0.13427996738008519,0.8717007602318986,0.13427996738008519,0.8436560118056539,True
358,0,0.41919746425761495,358,B,0.11119998946760636,0.8436560118056539,0.13427996738008519,0.8717007602318986,0.13427996738008519,0.8436560118056539,True
359,1,0.5590076102068252,359,B,0.11119998946760636,0.8436560118056539,0.13427996738008519,0.8717007602318986,0.13427996738008519,0.8436560118056539,True
360,0,0.8107415083665344,360,B,0.11119998946760636,0.8436560118056539,0.13427996738008519,0.8717007602318986,0.13427996738008519,0.8436560118056539,True
361,0,0.37340556796736163,361,B,0.11119998946760636,0.8436560118056539,0.13427996738008519,0.8717007602318986,0.13427996738008519,0.8436560118056539,True
362,1,0.559905942923617,362,B,0.11119998946760636,0.8436560118056539,0.13427996738008519,0.8717007602318986,0.13427996738008519,0.8436560118056539,True
363,0,0.5447693505546509,363,B,0.11119998946760636,0.8436560118056539,0.13427996738008519,0.8717007602318986,0.13427996738008519,0.8436560118056539,True
364,0,0.6146037406107884,364,B,0.11119998946760636,0.8436560118056539,0.13427996738008519,0.8717007602318986,0.13427996738008519,0.8436560118056539,True
365,0,0.37021326709891916,365,B,0.11119998946760636,0.8436560118056539,0.13427996738008519,0.8717007602318986,0.13427996738008519,0.8436560118056539,True
366,1,0.4119850389672364,366,B,0.11119998946760636,0.8436560118056539,0.13427996738008519,0.8717007602318986,0.13427996738008519,0.8436560118056539,True
367,1,0.6331610497096486,367,B,0.11119998946760636,0.8436560118056539,0.13427996738008519,0.8717007602318986,0.13427996738008519,0.8436560118056539,True
368,0,0.1992158810952138,368,B,0.11119998946760636,0.8436560118056539,0.13427996738008519,0.8717007602318986,0.13427996738008519,0.8436560118056539,True
369,0,0.2719699682497198,369,B,0.11119998946760636,0.8436560118056539,0.13427996738008519,0.8717007602318986,0.13427996738008519,0.8436560118056539,True
370,0,0.44733993030584746,370,B,0.11119998946760636,0.8436560118056539,0.13427996738008519,0.8717007602318986,0.13427996738008519,0.8436560118056539,True
371,0,0.3759797761300623,371,B,0.11119998946760636,0.8436560118056539,0.13427996738008519,0.8717007602318986,0.13427996738008519,0.8436560118056539,True
372,1,0.6797518456585216,372,B,0.11119998946760636,0.8436560118056539,0.13427996738008519,0.8717007602318986,0.13427996738008519,0.8436560118056539,True
373,1,0.455869059100187,373,B,0.11119998946760636,0.8436560118056539,0.13427996738008519,0.8717007602318986,0.13427996738008519,0.8436560118056539,True
374,1,0.5703596096944256,374,B,0.11119998946760636,0.8436560118056539,0.13427996738008519,0.8717007602318986,0.13427996738008519,0.8436560118056539,True
375,1,0.7187270068908452,375,B,0.11119998946760636,0.8436560118056539,0.13427996738008519,0.8717007602318986,0.13427996738008519,0.8436560118056539,True
376,1,0.5127994965942191,376,B,0.11119998946760636,0.8436560118056539,0.13427996738008519,0.8717007602318986,0.13427996738008519,0.8436560118056539,True
377,0,0.6636066023735353,377,B,0.11119998946760636,0.8436560118056539,0.13427996738008519,0.8717007602318986,0.13427996738008519,0.8436560118056539,True
378,1,0.5234618307038551,378,B,0.11119998946760636,0.8436560118056539,0.13427996738008519,0.8717007602318986,0.13427996738008519,0.8436560118056539,True
379,0,0.5054154938502614,379,B,0.11119998946760636,0.8436560118056539,0.13427996738008519,0.8717007602318986,0.13427996738008519,0.8436560118056539,True
380,1,0.7729563106980799,380,B,0.11119998946760636,0.8436560118056539,0.13427996738008519,0.8717007602318986,0.13427996738008519,0.8436560118056539,True
381,0,0.4173634276238103,381,B,0.11119998946760636,0.8436560118056539,0.13427996738008519,0.8717007602318986,0.13427996738008519,0.8436560118056539,True
382,1,0.8381647875508328,382,B,0.11119998946760636,0.8436560118056539,0.13427996738008519,0.8717007602318986,0.13427996738008519,0.8436560118056539,True
383,0,0.15431929788024484,383,B,0.11119998946760636,0.8436560118056539,0.13427996738008519,0.8717007602318986,0.13427996738008519,0.8436560118056539,True
384,0,0.49362613108810116,384,B,0.11119998946760636,0.8436560118056539,0.13427996738008519,0.8717007602318986,0.13427996738008519,0.8436560118056539,True
385,1,0.7597827087879923,385,B,0.11119998946760636,0.8436560118056539,0.13427996738008519,0.8717007602318986,0.13427996738008519,0.8436560118056539,True
386,0,0.6573032182723262,386,B,0.11119998946760636,0.8436560118056539,0.13427996738008519,0.8717007602318986,0.13427996738008519,0.8436560118056539,True
387,1,0.765540137207488,387,B,0.11119998946760636,0.8436560118056539,0.13427996738008519,0.8717007602318986,0.13427996738008519,0.8436560118056539,True
388,0,0.5413793888867611,388,B,0.11119998946760636,0.8436560118056539,0.13427996738008519,0.8717007602318986,0.13427996738008519,0.8436560118056539,True
389,0,0.4594084865423303,389,B,0.11119998946760636,0.8436560118056539,0.13427996738008519,0.8717007602318986,0.13427996738008519,0.8436560118056539,True
390,0,0.14485710227656198,390,B,0.11119998946760636,0.8436560118056539,0.13427996738008519,0.8717007602318986,0.13427996738008519,0.8436560118056539,True
391,0,0.3834615754112432,391,B,0.11119998946760636,0.8436560118056539,0.13427996738008519,0.8717007602318986,0.13427996738008519,0.8436560118056539,True
392,0,0.3301086598501209,392,B,0.11119998946760636,0.8436560118056539,0.13427996738008519,0.8717007602318986,0.13427996738008519,0.8436560118056539,True
393,0,0.1864434701031465,393,B,0.11119998946760636,0.8436560118056539,0.13427996738008519,0.8717007602318986,0.13427996738008519,0.8436560118056539,True
394,0,0.17410835511646125,394,B,0.11119998946760636,0.8436560118056539,0.13427996738008519,0.8717007602318986,0.13427996738008519,0.8436560118056539,True
395,1,0.36688272989084836,395,B,0.11119998946760636,0.8436560118056539,0.13427996738008519,0.8717007602318986,0.13427996738008519,0.8436560118056539,True
396,1,0.5093022411487201,396,B,0.11119998946760636,0.8436560118056539,0.13427996738008519,0.8717007602318986,0.13427996738008519,0.8436560118056539,True
397,1,0.5172742565037028,397,B,0.11119998946760636,0.8436560118056539,0.13427996738008519,0.8717007602318986,0.13427996738008519,0.8436560118056539,True
398,1,0.4476395160107425,398,B,0.11119998946760636,0.8436560118056539,0.13427996738008519,0.8717007602318986,0.13427996738008519,0.8436560118056539,True
399,0,0.3168023431319662,399,B,0.11119998946760636,0.8436560118056539,0.13427996738008519,0.8717007602318986,0.13427996738008519,0.8436560118056539,True
400,1,0.5055480299714651,400,B,0.11119998946760636,0.8436560118056539,0.13427996738008519,0.8717007602318986,0.13427996738008519,0.8436560118056539,True
401,0,0.5570879308148755,401,B,0.11119998946760636,0.8436560118056539,0.13427996738008519,0.8717007602318986,0.13427996738008519,0.8436560118056539,True
402,1,0.5169765957515682,402,B,0.11119998946760636,0.8436560118056539,0.13427996738008519,0.8717007602318986,0.13427996738008519,0.8436560118056539,True
403,1,0.7304412523304152,403,B,0.11119998946760636,0.8436560118056539,0.13427996738008519,0.8717007602318986,0.13427996738008519,0.8436560118056539,True
404,0,0.23863166167137745,404,B,0.11119998946760636,0.8436560118056539,0.13427996738008519,0.8717007602318986,0.13427996738008519,0.8436560118056539,True
405,0,0.5563052205437039,405,B,0.11119998946760636,0.8436560118056539,0.13427996738008519,0.8717007602318986,0.13427996738008519,0.8436560118056539,True
406,0,0.5363213423737231,406,B,0.11119998946760636,0.8436560118056539,0.13427996738008519,0.8717007602318986,0.13427996738008519,0.8436560118056539,True
407,1,0.3287106547353685,407,B,0.11119998946760636,0.8436560118056539,0.13427996738008519,0.8717007602318986,0.13427996738008519,0.8436560118056539,True
408,1,0.6603976686769271,408,B,0.11119998946760636,0.8436560118056539,0.13427996738008519,0.8717007602318986,0.13427996738008519,0.8436560118056539,True
409,1,0.5648019877353594,409,B,0.11119998946760636,0.8436560118056539,0.13427996738008519,0.8717007602318986,0.13427996738008519,0.8436560118056539,True
410,1,0.6658809673011501,410,B,0.11119998946760636,0.8436560118056539,0.13427996738008519,0.8717007602318986,0.13427996738008519,0.8436560118056539,True
411,0,0.6611242974519798,411,B,0.11119998946760636,0.8436560118056539,0.13427996738008519,0.8717007602318986,0.13427996738008519,0.8436560118056539,True
412,0,0.5736068149506155,412,B,0.11119998946760636,0.8436560118056539,0.13427996738008519,0.8717007602318986,0.13427996738008519,0.8436560118056539,True
413,1,0.6853493292316725,413,B,0.11119998946760636,0.8436560118056539,0.13427996738008519,0.8717007602318986,0.13427996738008519,0.8436560118056539,True
414,1,0.26284135820928123,414,B,0.11119998946760636,0.8436560118056539,0.13427996738008519,0.8717007602318986,0.13427996738008519,0.8436560118056539,True
415,0,0.567655394649061,415,B,0.11119998946760636,0.8436560118056539,0.13427996738008519,0.8717007602318986,0.13427996738008519,0.8436560118056539,True
416,0,0.22784403237470427,416,B,0.11119998946760636,0.8436560118056539,0.13427996738008519,0.8717007602318986,0.13427996738008519,0.8436560118056539,True
417,1,0.3098349026629754,417,B,0.11119998946760636,0.8436560118056539,0.13427996738008519,0.8717007602318986,0.13427996738008519,0.8436560118056539,True
418,1,0.5279249744654035,418,B,0.11119998946760636,0.8436560118056539,0.13427996738008519,0.8717007602318986,0.13427996738008519,0.8436560118056539,True
419,0,0.379233745399518,419,B,0.11119998946760636,0.8436560118056539,0.13427996738008519,0.8717007602318986,0.13427996738008519,0.8436560118056539,True
420,1,0.8126718606259926,420,B,0.11119998946760636,0.8436560118056539,0.13427996738008519,0.8717007602318986,0.13427996738008519,0.8436560118056539,True
421,0,0.42980840544253246,421,B,0.11119998946760636,0.8436560118056539,0.13427996738008519,0.8717007602318986,0.13427996738008519,0.8436560118056539,True
422,1,0.7488329646960337,422,B,0.11119998946760636,0.8436560118056539,0.13427996738008519,0.8717007602318986,0.13427996738008519,0.8436560118056539,True
423,0,0.5094279927286517,423,B,0.11119998946760636,0.8436560118056539,0.13427996738008519,0.8717007602318986,0.13427996738008519,0.8436560118056539,True
424,1,0.47941135967924925,424,B,0.11119998946760636,0.8436560118056539,0.13427996738008519,0.8717007602318986,0.13427996738008519,0.8436560118056539,True
425,0,0.17057033174826983,425,B,0.11119998946760636,0.8436560118056539,0.13427996738008519,0.8717007602318986,0.13427996738008519,0.8436560118056539,True
426,0,0.5105576029080013,426,B,0.11119998946760636,0.8436560118056539,0.13427996738008519,0.8717007602318986,0.13427996738008519,0.8436560118056539,True
427,0,0.25308254817516446,427,B,0.11119998946760636,0.8436560118056539,0.13427996738008519,0.8717007602318986,0.13427996738008519,0.8436560118056539,True
428,1,0.5235468936517977,428,B,0.11119998946760636,0.8436560118056539,0.13427996738008519,0.8717007602318986,0.13427996738008519,0.8436560118056539,True
429,0,0.27735049266626166,429,B,0.11119998946760636,0.8436560118056539,0.13427996738008519,0.8717007602318986,0.13427996738008519,0.8436560118056539,True
430,0,0.3281515225490465,430,B,0.11119998946760636,0.8436560118056539,0.13427996738008519,0.8717007602318986,0.13427996738008519,0.8436560118056539,True
431,1,0.7856646312202566,431,B,0.11119998946760636,0.8436560118056539,0.13427996738008519,0.8717007602318986,0.13427996738008519,0.8436560118056539,True
432,0,0.7160773412171471,432,B,0.11119998946760636,0.8436560118056539,0.13427996738008519,0.8717007602318986,0.13427996738008519,0.8436560118056539,True
433,1,0.746345194870045,433,B,0.11119998946760636,0.8436560118056539,0.13427996738008519,0.8717007602318986,0.13427996738008519,0.8436560118056539,True
434,0,0.25632636112826385,434,B,0.11119998946760636,0.8436560118056539,0.13427996738008519,0.8717007602318986,0.13427996738008519,0.8436560118056539,True
435,1,0.49876013830273197,435,B,0.11119998946760636,0.8436560118056539,0.13427996738008519,0.8717007602318986,0.13427996738008519,0.8436560118056539,True
436,0,0.5197560461919448,436,B,0.11119998946760636,0.8436560118056539,0.13427996738008519,0.8717007602318986,0.13427996738008519,0.8436560118056539,True
437,0,0.4876767696901248,437,B,0.11119998946760636,0.8436560118056539,0.13427996738008519,0.8717007602318986,0.13427996738008519,0.8436560118056539,True
438,0,0.81286896104924,438,B,0.11119998946760636,0.8436560118056539,0.13427996738008519,0.8717007602318986,0.13427996738008519,0.8436560118056539,True
439,1,0.699946013734001,439,B,0.11119998946760636,0.8436560118056539,0.13427996738008519,0.8717007602318986,0.13427996738008519,0.8436560118056539,True
440,1,0.666778941077744,440,B,0.11119998946760636,0.8436560118056539,0.13427996738008519,0.8717007602318986,0.13427996738008519,0.8436560118056539,True
441,1,0.7727948787321686,441,B,0.11119998946760636,0.8436560118056539,0.13427996738008519,0.8717007602318986,0.13427996738008519,0.8436560118056539,True
442,0,0.49250850931312695,442,B,0.11119998946760636,0.8436560118056539,0.13427996738008519,0.8717007602318986,0.13427996738008519,0.8436560118056539,True
443,1,0.5347786503808991,443,B,0.11119998946760636,0.8436560118056539,0.13427996738008519,0.8717007602318986,0.13427996738008519,0.8436560118056539,True
444,1,0.3888508637936047,444,B,0.11119998946760636,0.8436560118056539,0.13427996738008519,0.8717007602318986,0.13427996738008519,0.8436560118056539,True
445,0,0.5730839240836598,445,B,0.11119998946760636,0.8436560118056539,0.13427996738008519,0.8717007602318986,0.13427996738008519,0.8436560118056539,True
446,1,0.6151858880680106,446,B,0.11119998946760636,0.8436560118056539,0.13427996738008519,0.8717007602318986,0.13427996738008519,0.8436560118056539,True
447,0,0.34052741575732987,447,B,0.11119998946760636,0.8436560118056539,0.13427996738008519,0.8717007602318986,0.13427996738008519,0.8436560118056539,True
448,0,0.2735508866438221,448,B,0.11119998946760636,0.8436560118056539,0.13427996738008519,0.8717007602318986,0.13427996738008519,0.8436560118056539,True
449,1,0.4872405200701819,449,B,0.11119998946760636,0.8436560118056539,0.13427996738008519,0.8717007602318986,0.13427996738008519,0.8436560118056539,True
450,1,0.5704240267697339,450,B,0.11119998946760636,0.8436560118056539,0.13427996738008519,0.8717007602318986,0.13427996738008519,0.8436560118056539,True
451,0,0.39949326880464603,451,B,0.11119998946760636,0.8436560118056539,0.13427996738008519,0.8717007602318986,0.13427996738008519,0.8436560118056539,True
452,0,0.4862254120068747,452,B,0.11119998946760636,0.8436560118056539,0.13427996738008519,0.8717007602318986,0.13427996738008519,0.8436560118056539,True
453,1,0.5578535148894629,453,B,0.11119998946760636,0.8436560118056539,0.13427996738008519,0.8717007602318986,0.13427996738008519,0.8436560118056539,True
454,1,0.5233681911253442,454,B,0.11119998946760636,0.8436560118056539,0.13427996738008519,0.8717007602318986,0.13427996738008519,0.8436560118056539,True
455,1,0.5623901733428018,455,B,0.11119998946760636,0.8436560118056539,0.13427996738008519,0.8717007602318986,0.13427996738008519,0.8436560118056539,True
456,0,0.365763187379392,456,B,0.11119998946760636,0.8436560118056539,0.13427996738008519,0.8717007602318986,0.13427996738008519,0.8436560118056539,True
457,0,0.6667675366529443,457,B,0.11119998946760636,0.8436560118056539,0.13427996738008519,0.8717007602318986,0.13427996738008519,0.8436560118056539,True
458,1,0.6729974774697117,458,B,0.11119998946760636,0.8436560118056539,0.13427996738008519,0.8717007602318986,0.13427996738008519,0.8436560118056539,True
459,0,0.527572736261336,459,B,0.11119998946760636,0.8436560118056539,0.13427996738008519,0.8717007602318986,0.13427996738008519,0.8436560118056539,True
460,0,0.7420065764069387,460,B,0.11119998946760636,0.8436560118056539,0.13427996738008519,0.8717007602318986,0.13427996738008519,0.8436560118056539,True
461,1,0.3808020766563624,461,B,0.11119998946760636,0.8436560118056539,0.13427996738008519,0.8717007602318986,0.13427996738008519,0.8436560118056539,True
462,0,0.3628875918057193,462,B,0.11119998946760636,0.8436560118056539,0.13427996738008519,0.8717007602318986,0.13427996738008519,0.8436560118056539,True
463,1,0.4578125179209233,463,B,0.11119998946760636,0.8436560118056539,0.13427996738008519,0.8717007602318986,0.13427996738008519,0.8436560118056539,True
464,0,0.3629316006976431,464,B,0.11119998946760636,0.8436560118056539,0.13427996738008519,0.8717007602318986,0.13427996738008519,0.8436560118056539,True
465,0,0.4636918898358277,465,B,0.11119998946760636,0.8436560118056539,0.13427996738008519,0.8717007602318986,0.13427996738008519,0.8436560118056539,True
466,0,0.5362418385371646,466,B,0.11119998946760636,0.8436560118056539,0.13427996738008519,0.8717007602318986,0.13427996738008519,0.8436560118056539,True
467,1,0.6508569748105733,467,B,0.11119998946760636,0.8436560118056539,0.13427996738008519,0.8717007602318986,0.13427996738008519,0.8436560118056539,True
468,0,0.5243037373639828,468,B,0.11119998946760636,0.8436560118056539,0.13427996738008519,0.8717007602318986,0.13427996738008519,0.8436560118056539,True
469,1,0.4078686817652044,469,B,0.11119998946760636,0.8436560118056539,0.13427996738008519,0.8717007602318986,0.13427996738008519,0.8436560118056539,True
470,1,0.5917940452753807,470,B,0.11119998946760636,0.8436560118056539,0.13427996738008519,0.8717007602318986,0.13427996738008519,0.8436560118056539,True
471,1,0.5578908672385926,471,B,0.11119998946760636,0.8436560118056539,0.13427996738008519,0.8717007602318986,0.13427996738008519,0.8436560118056539,True
472,0,0.6933533110488629,472,B,0.11119998946760636,0.8436560118056539,0.13427996738008519,0.8717007602318986,0.13427996738008519,0.8436560118056539,True
473,1,0.6085291701349762,473,B,0.11119998946760636,0.8436560118056539,0.13427996738008519,0.8717007602318986,0.13427996738008519,0.8436560118056539,True
474,0,0.29912792968872187,474,B,0.11119998946760636,0.8436560118056539,0.13427996738008519,0.8717007602318986,0.13427996738008519,0.8436560118056539,True
475,0,0.4796155393224678,475,B,0.11119998946760636,0.8436560118056539,0.13427996738008519,0.8717007602318986,0.13427996738008519,0.8436560118056539,True
476,0,0.4472168863946132,476,B,0.11119998946760636,0.8436560118056539,0.13427996738008519,0.8717007602318986,0.13427996738008519,0.8436560118056539,True
477,1,0.49939654207232487,477,B,0.11119998946760636,0.8436560118056539,0.13427996738008519,0.8717007602318986,0.13427996738008519,0.8436560118056539,True
478,1,0.7012285687146198,478,B,0.11119998946760636,0.8436560118056539,0.13427996738008519,0.8717007602318986,0.13427996738008519,0.8436560118056539,True
479,0,0.5155598945205488,479,B,0.11119998946760636,0.8436560118056539,0.13427996738008519,0.8717007602318986,0.13427996738008519,0.8436560118056539,True
480,1,0.8250749033787459,480,B,0.11119998946760636,0.8436560118056539,0.13427996738008519,0.8717007602318986,0.13427996738008519,0.8436560118056539,True
481,1,0.6532531629027224,481,B,0.11119998946760636,0.8436560118056539,0.13427996738008519,0.8717007602318986,0.13427996738008519,0.8436560118056539,True
482,0,0.3915743825661643,482,B,0.11119998946760636,0.8436560118056539,0.13427996738008519,0.8717007602318986,0.13427996738008519,0.8436560118056539,True
483,1,0.4548277617557033,483,B,0.11119998946760636,0.8436560118056539,0.13427996738008519,0.8717007602318986,0.13427996738008519,0.8436560118056539,True
484,0,0.387753122580688,484,B,0.11119998946760636,0.8436560118056539,0.13427996738008519,0.8717007602318986,0.13427996738008519,0.8436560118056539,True
485,1,0.7084663222806422,485,B,0.11119998946760636,0.8436560118056539,0.13427996738008519,0.8717007602318986,0.13427996738008519,0.8436560118056539,True
486,0,0.5103047308707871,486,B,0.11119998946760636,0.8436560118056539,0.13427996738008519,0.8717007602318986,0.13427996738008519,0.8436560118056539,True
487,0,0.5147334822608814,487,B,0.11119998946760636,0.8436560118056539,0.13427996738008519,0.8717007602318986,0.13427996738008519,0.8436560118056539,True
488,1,0.4690439015163007,488,B,0.11119998946760636,0.8436560118056539,0.13427996738008519,0.8717007602318986,0.13427996738008519,0.8436560118056539,True
489,1,0.6411362839934202,489,B,0.11119998946760636,0.8436560118056539,0.13427996738008519,0.8717007602318986,0.13427996738008519,0.8436560118056539,True
490,1,0.5681853745784039,490,B,0.11119998946760636,0.8436560118056539,0.13427996738008519,0.8717007602318986,0.13427996738008519,0.8436560118056539,True
491,1,0.5175020971505099,491,B,0.11119998946760636,0.8436560118056539,0.13427996738008519,0.8717007602318986,0.13427996738008519,0.8436560118056539,True
492,1,0.660099733605032,492,B,0.11119998946760636,0.8436560118056539,0.13427996738008519,0.8717007602318986,0.13427996738008519,0.8436560118056539,True
493,0,0.12090434980538767,493,B,0.11119998946760636,0.8436560118056539,0.13427996738008519,0.8717007602318986,0.13427996738008519,0.8436560118056539,False
494,0,0.2677958145452813,494,B,0.11119998946760636,0.8436560118056539,0.13427996738008519,0.8717007602318986,0.13427996738008519,0.8436560118056539,True
495,1,0.4178513568435264,495,B,0.11119998946760636,0.8436560118056539,0.13427996738008519,0.8717007602318986,0.13427996738008519,0.8436560118056539,True
496,0,0.2917326838691596,496,B,0.11119998946760636,0.8436560118056539,0.13427996738008519,0.8717007602318986,0.13427996738008519,0.8436560118056539,True
497,1,0.522339566828278,497,B,0.11119998946760636,0.8436560118056539,0.13427996738008519,0.8717007602318986,0.13427996738008519,0.8436560118056539,True
498,0,0.24419481315915725,498,B,0.11119998946760636,0.8436560118056539,0.13427996738008519,0.8717007602318986,0.13427996738008519,0.8436560118056539,True
499,1,0.2800007257918291,499,B,0.11119998946760636,0.8436560118056539,0.13427996738008519,0.8717007602318986,0.13427996738008519,0.8436560118056539,True
0,1,0.3650845278225845,0,C,0.08535809842826257,0.9194655435486929,0.12378924984518322,0.9275722550472336,0.12378924984518322,0.9194655435486929,True
1,1,0.48340209679382157,1,C,0.08535809842826257,0.9194655435486929,0.12378924984518322,0.9275722550472336,0.12378924984518322,0.9194655435486929,True
2,0,0.23209452379034748,2,C,0.08535809842826257,0.9194655435486929,0.12378924984518322,0.9275722550472336,0.12378924984518322,0.9194655435486929,True
3,1,0.8331119674093399,3,C,0.08535809842826257,0.9194655435486929,0.12378924984518322,0.9275722550472336,0.12378924984518322,0.9194655435486929,True
4,1,0.6253721497668764,4,C,0.08535809842826257,0.9194655435486929,0.12378924984518322,0.9275722550472336,0.12378924984518322,0.9194655435486929,True
5,0,0.44575429037212416,5,C,0.08535809842826257,0.9194655435486929,0.12378924984518322,0.9275722550472336,0.12378924984518322,0.9194655435486929,True
6,1,0.5807904258284384,6,C,0.08535809842826257,0.9194655435486929,0.12378924984518322,0.9275722550472336,0.12378924984518322,0.9194655435486929,True
7,0,0.4110857378221295,7,C,0.08535809842826257,0.9194655435486929,0.12378924984518322,0.9275722550472336,0.12378924984518322,0.9194655435486929,True
8,0,0.37927558915073145,8,C,0.08535809842826257,0.9194655435486929,0.12378924984518322,0.9275722550472336,0.12378924984518322,0.9194655435486929,True
9,1,0.687594187866312,9,C,0.08535809842826257,0.9194655435486929,0.12378924984518322,0.9275722550472336,0.12378924984518322,0.9194655435486929,True
10,1,0.6090401957518777,10,C,0.08535809842826257,0.9194655435486929,0.12378924984518322,0.9275722550472336,0.12378924984518322,0.9194655435486929,True
11,1,0.7415198975485505,11,C,0.08535809842826257,0.9194655435486929,0.12378924984518322,0.9275722550472336,0.12378924984518322,0.9194655435486929,True
12,1,0.67234822393166,12,C,0.08535809842826257,0.9194655435486929,0.12378924984518322,0.9275722550472336,0.12378924984518322,0.9194655435486929,True
13,1,0.7705814159102017,13,C,0.08535809842826257,0.9194655435486929,0.12378924984518322,0.9275722550472336,0.12378924984518322,0.9194655435486929,True
14,0,0.3618690874506167,14,C,0.08535809842826257,0.9194655435486929,0.12378924984518322,0.9275722550472336,0.12378924984518322,0.9194655435486929,True
15,1,0.2392485444296738,15,C,0.08535809842826257,0.9194655435486929,0.12378924984518322,0.9275722550472336,0.12378924984518322,0.9194655435486929,True
16,1,0.5898077809673653,16,C,0.08535809842826257,0.9194655435486929,0.12378924984518322,0.9275722550472336,0.12378924984518322,0.9194655435486929,True
17,1,0.4396191705647049,17,C,0.08535809842826257,0.9194655435486929,0.12378924984518322,0.9275722550472336,0.12378924984518322,0.9194655435486929,True
18,0,0.23871569918204263,18,C,0.08535809842826257,0.9194655435486929,0.12378924984518322,0.9275722550472336,0.12378924984518322,0.9194655435486929,True
19,0,0.16807203674345206,19,C,0.08535809842826257,0.9194655435486929,0.12378924984518322,0.9275722550472336,0.12378924984518322,0.9194655435486929,True
20,1,0.4848408507532859,20,C,0.08535809842826257,0.9194655435486929,0.12378924984518322,0.9275722550472336,0.12378924984518322,0.9194655435486929,True
21,1,0.5959111375769611,21,C,0.08535809842826257,0.9194655435486929,0.12378924984518322,0.9275722550472336,0.12378924984518322,0.9194655435486929,True
22,0,0.40599454172085114,22,C,0.08535809842826257,0.9194655435486929,0.12378924984518322,0.9275722550472336,0.12378924984518322,0.9194655435486929,True
23,1,0.28206821240773916,23,C,0.08535809842826257,0.9194655435486929,0.12378924984518322,0.9275722550472336,0.12378924984518322,0.9194655435486929,True
24,1,0.6973490653850279,24,C,0.08535809842826257,0.9194655435486929,0.12378924984518322,0.9275722550472336,0.12378924984518322,0.9194655435486929,True
25,0,0.17789923259061927,25,C,0.08535809842826257,0.9194655435486929,0.12378924984518322,0.9275722550472336,0.12378924984518322,0.9194655435486929,True
26,1,0.44887677019286193,26,C,0.08535809842826257,0.9194655435486929,0.12378924984518322,0.9275722550472336,0.12378924984518322,0.9194655435486929,True
27,1,0.3396683901114392,27,C,0.08535809842826257,0.9194655435486929,0.12378924984518322,0.9275722550472336,0.12378924984518322,0.9194655435486929,True
28,0,0.4857460262381235,28,C,0.08535809842826257,0.9194655435486929,0.12378924984518322,0.9275722550472336,0.12378924984518322,0.9194655435486929,True
29,0,0.27341997642797156,29,C,0.08535809842826257,0.9194655435486929,0.12378924984518322,0.9275722550472336,0.12378924984518322,0.9194655435486929,True
30,1,0.636456915739546,30,C,0.08535809842826257,0.9194655435486929,0.12378924984518322,0.9275722550472336,0.12378924984518322,0.9194655435486929,True
31,0,0.4378960827665294,31,C,0.08535809842826257,0.9194655435486929,0.12378924984518322,0.9275722550472336,0.12378924984518322,0.9194655435486929,True
32,1,0.6088947307823989,32,C,0.08535809842826257,0.9194655435486929,0.12378924984518322,0.9275722550472336,0.12378924984518322,0.9194655435486929,True
33,0,0.6724807074830915,33,C,0.08535809842826257,0.9194655435486929,0.12378924984518322,0.9275722550472336,0.12378924984518322,0.9194655435486929,True
34,1,0.5231238789293073,34,C,0.08535809842826257,0.9194655435486929,0.12378924984518322,0.9275722550472336,0.12378924984518322,0.9194655435486929,True
35,0,0.21613488091038333,35,C,0.08535809842826257,0.9194655435486929,0.12378924984518322,0.9275722550472336,0.12378924984518322,0.9194655435486929,True
36,0,0.08535809842826257,36,C,0.08535809842826257,0.9194655435486929,0.12378924984518322,0.9275722550472336,0.12378924984518322,0.9194655435486929,False
37,1,0.27652488660360747,37,C,0.08535809842826257,0.9194655435486929,0.12378924984518322,0.9275722550472336,0.12378924984518322,0.9194655435486929,True
38,1,0.5946550831816799,38,C,0.08535809842826257,0.9194655435486929,0.12378924984518322,0.9275722550472336,0.12378924984518322,0.9194655435486929,True
39,1,0.6513132104868891,39,C,0.08535809842826257,0.9194655435486929,0.12378924984518322,0.9275722550472336,0.12378924984518322,0.9194655435486929,True
40,0,0.7029933607810125,40,C,0.08535809842826257,0.9194655435486929,0.12378924984518322,0.9275722550472336,0.12378924984518322,0.9194655435486929,True
41,1,0.7687587515647281,41,C,0.08535809842826257,0.9194655435486929,0.12378924984518322,0.9275722550472336,0.12378924984518322,0.9194655435486929,True
42,1,0.7357778153302841,42,C,0.08535809842826257,0.9194655435486929,0.12378924984518322,0.9275722550472336,0.12378924984518322,0.9194655435486929,True
43,0,0.5825658205192489,43,C,0.08535809842826257,0.9194655435486929,0.12378924984518322,0.9275722550472336,0.12378924984518322,0.9194655435486929,True
44,0,0.29856174402560226,44,C,0.08535809842826257,0.9194655435486929,0.12378924984518322,0.9275722550472336,0.12378924984518322,0.9194655435486929,True
45,1,0.5113643897753581,45,C,0.08535809842826257,0.9194655435486929,0.12378924984518322,0.9275722550472336,0.12378924984518322,0.9194655435486929,True
46,1,0.7033176276706877,46,C,0.08535809842826257,0.9194655435486929,0.12378924984518322,0.9275722550472336,0.12378924984518322,0.9194655435486929,True
47,0,0.635969793011369,47,C,0.08535809842826257,0.9194655435486929,0.12378924984518322,0.9275722550472336,0.12378924984518322,0.9194655435486929,True
48,1,0.658900317461389,48,C,0.08535809842826257,0.9194655435486929,0.12378924984518322,0.9275722550472336,0.12378924984518322,0.9194655435486929,True
49,0,0.3854498180618271,49,C,0.08535809842826257,0.9194655435486929,0.12378924984518322,0.9275722550472336,0.12378924984518322,0.9194655435486929,True
50,1,0.6011830826463712,50,C,0.08535809842826257,0.9194655435486929,0.12378924984518322,0.9275722550472336,0.12378924984518322,0.9194655435486929,True
51,0,0.4244272459524066,51,C,0.08535809842826257,0.9194655435486929,0.12378924984518322,0.9275722550472336,0.12378924984518322,0.9194655435486929,True
52,1,0.3137467979323137,52,C,0.08535809842826257,0.9194655435486929,0.12378924984518322,0.9275722550472336,0.12378924984518322,0.9194655435486929,True
53,1,0.3860815539800725,53,C,0.08535809842826257,0.9194655435486929,0.12378924984518322,0.9275722550472336,0.12378924984518322,0.9194655435486929,True
54,0,0.7204830449898867,54,C,0.08535809842826257,0.9194655435486929,0.12378924984518322,0.9275722550472336,0.12378924984518322,0.9194655435486929,True
55,1,0.5152522841774827,55,C,0.08535809842826257,0.9194655435486929,0.12378924984518322,0.9275722550472336,0.12378924984518322,0.9194655435486929,True
56,0,0.3899265247399248,56,C,0.08535809842826257,0.9194655435486929,0.12378924984518322,0.9275722550472336,0.12378924984518322,0.9194655435486929,True
57,1,0.4682453161012716,57,C,0.08535809842826257,0.9194655435486929,0.12378924984518322,0.9275722550472336,0.12378924984518322,0.9194655435486929,True
58,1,0.5829159399837803,58,C,0.08535809842826257,0.9194655435486929,0.12378924984518322,0.9275722550472336,0.12378924984518322,0.9194655435486929,True
59,1,0.6348171845921294,59,C,0.08535809842826257,0.9194655435486929,0.12378924984518322,0.9275722550472336,0.12378924984518322,0.9194655435486929,True
60,0,0.4737898805738566,60,C,0.08535809842826257,0.9194655435486929,0.12378924984518322,0.9275722550472336,0.12378924984518322,0.9194655435486929,True
61,0,0.41422135988557074,61,C,0.08535809842826257,0.9194655435486929,0.12378924984518322,0.9275722550472336,0.12378924984518322,0.9194655435486929,True
62,1,0.4387240274296748,62,C,0.08535809842826257,0.9194655435486929,0.12378924984518322,0.9275722550472336,0.12378924984518322,0.9194655435486929,True
63,1,0.31496931739891476,63,C,0.08535809842826257,0.9194655435486929,0.12378924984518322,0.9275722550472336,0.12378924984518322,0.9194655435486929,True
64,1,0.7119381160893086,64,C,0.08535809842826257,0.9194655435486929,0.12378924984518322,0.9275722550472336,0.12378924984518322,0.9194655435486929,True
65,1,0.6259261089075474,65,C,0.08535809842826257,0.9194655435486929,0.12378924984518322,0.9275722550472336,0.12378924984518322,0.9194655435486929,True
66,0,0.776566657428783,66,C,0.08535809842826257,0.9194655435486929,0.12378924984518322,0.9275722550472336,0.12378924984518322,0.9194655435486929,True
67,1,0.6123695757092718,67,C,0.08535809842826257,0.9194655435486929,0.12378924984518322,0.9275722550472336,0.12378924984518322,0.9194655435486929,True
68,0,0.5739990035417853,68,C,0.08535809842826257,0.9194655435486929,0.12378924984518322,0.9275722550472336,0.12378924984518322,0.9194655435486929,True
69,1,0.772347867285765,69,C,0.08535809842826257,0.9194655435486929,0.12378924984518322,0.9275722550472336,0.12378924984518322,0.9194655435486929,True
70,1,0.5690478212825346,70,C,0.08535809842826257,0.9194655435486929,0.12378924984518322,0.9275722550472336,0.12378924984518322,0.9194655435486929,True
71,1,0.7125582902240445,71,C,0.08535809842826257,0.9194655435486929,0.12378924984518322,0.9275722550472336,0.12378924984518322,0.9194655435486929,True
72,0,0.620795048736215,72,C,0.08535809842826257,0.9194655435486929,0.12378924984518322,0.9275722550472336,0.12378924984518322,0.9194655435486929,True
73,1,0.661238047962534,73,C,0.08535809842826257,0.9194655435486929,0.12378924984518322,0.9275722550472336,0.12378924984518322,0.9194655435486929,True
74,1,0.7419893038217431,74,C,0.08535809842826257,0.9194655435486929,0.12378924984518322,0.9275722550472336,0.12378924984518322,0.9194655435486929,True
75,0,0.4933911342228835,75,C,0.08535809842826257,0.9194655435486929,0.12378924984518322,0.9275722550472336,0.12378924984518322,0.9194655435486929,True
76,0,0.4090053037530196,76,C,0.08535809842826257,0.9194655435486929,0.12378924984518322,0.9275722550472336,0.12378924984518322,0.9194655435486929,True
77,0,0.5655846707573137,77,C,0.08535809842826257,0.9194655435486929,0.12378924984518322,0.9275722550472336,0.12378924984518322,0.9194655435486929,True
78,0,0.6365696654030978,78,C,0.08535809842826257,0.9194655435486929,0.12378924984518322,0.9275722550472336,0.12378924984518322,0.9194655435486929,True
79,0,0.270863151542052,79,C,0.08535809842826257,0.9194655435486929,0.12378924984518322,0.9275722550472336,0.12378924984518322,0.9194655435486929,True
80,0,0.3717923999969944,80,C,0.08535809842826257,0.9194655435486929,0.12378924984518322,0.9275722550472336,0.12378924984518322,0.9194655435486929,True
81,0,0.4635718492814061,81,C,0.08535809842826257,0.9194655435486929,0.12378924984518322,0.9275722550472336,0.12378924984518322,0.9194655435486929,True
82,1,0.5036215501582644,82,C,0.08535809842826257,0.9194655435486929,0.12378924984518322,0.9275722550472336,0.12378924984518322,0.9194655435486929,True
83,1,0.8077913672259104,83,C,0.08535809842826257,0.9194655435486929,0.12378924984518322,0.9275722550472336,0.12378924984518322,0.9194655435486929,True
84,1,0.6787533256158226,84,C,0.08535809842826257,0.9194655435486929,0.12378924984518322,0.9275722550472336,0.12378924984518322,0.9194655435486929,True
85,0,0.15545076988653078,85,C,0.08535809842826257,0.9194655435486929,0.12378924984518322,0.9275722550472336,0.12378924984518322,0.9194655435486929,True
86,0,0.7550782601183084,86,C,0.08535809842826257,0.9194655435486929,0.12378924984518322,0.9275722550472336,0.12378924984518322,0.9194655435486929,True
87,1,0.692921204720303,87,C,0.08535809842826257,0.9194655435486929,0.12378924984518322,0.9275722550472336,0.12378924984518322,0.9194655435486929,True
88,1,0.4094205327172899,88,C,0.08535809842826257,0.9194655435486929,0.12378924984518322,0.9275722550472336,0.12378924984518322,0.9194655435486929,True
89,0,0.3484237066026413,89,C,0.08535809842826257,0.9194655435486929,0.12378924984518322,0.9275722550472336,0.12378924984518322,0.9194655435486929,True
90,1,0.6450525677287703,90,C,0.08535809842826257,0.9194655435486929,0.12378924984518322,0.9275722550472336,0.12378924984518322,0.9194655435486929,True
91,1,0.5922482780687727,91,C,0.08535809842826257,0.9194655435486929,0.12378924984518322,0.9275722550472336,0.12378924984518322,0.9194655435486929,True
92,0,0.4185145900603603,92,C,0.08535809842826257,0.9194655435486929,0.12378924984518322,0.9275722550472336,0.12378924984518322,0.9194655435486929,True
93,1,0.8880594132240571,93,C,0.08535809842826257,0.9194655435486929,0.12378924984518322,0.9275722550472336,0.12378924984518322,0.9194655435486929,True
94,1,0.6476939866461932,94,C,0.08535809842826257,0.9194655435486929,0.12378924984518322,0.9275722550472336,0.12378924984518322,0.9194655435486929,True
95,1,0.5966964335065422,95,C,0.08535809842826257,0.9194655435486929,0.12378924984518322,0.9275722550472336,0.12378924984518322,0.9194655435486929,True
96,1,0.8060940435289627,96,C,0.08535809842826257,0.9194655435486929,0.12378924984518322,0.9275722550472336,0.12378924984518322,0.9194655435486929,True
97,0,0.32187632876888944,97,C,0.08535809842826257,0.9194655435486929,0.12378924984518322,0.9275722550472336,0.12378924984518322,0.9194655435486929,True
98,0,0.28563836269458837,98,C,0.08535809842826257,0.9194655435486929,0.12378924984518322,0.9275722550472336,0.12378924984518322,0.9194655435486929,True
99,1,0.9015564853593454,99,C,0.08535809842826257,0.9194655435486929,0.12378924984518322,0.9275722550472336,0.12378924984518322,0.9194655435486929,True
100,0,0.2237397932955284,100,C,0.08535809842826257,0.9194655435486929,0.12378924984518322,0.9275722550472336,0.12378924984518322,0.9194655435486929,True
101,0,0.4278438178873816,101,C,0.08535809842826257,0.9194655435486929,0.12378924984518322,0.9275722550472336,0.12378924984518322,0.9194655435486929,True
102,1,0.5611071191009571,102,C,0.08535809842826257,0.9194655435486929,0.12378924984518322,0.9275722550472336,0.12378924984518322,0.9194655435486929,True
103,0,0.47601140240087714,103,C,0.08535809842826257,0.9194655435486929,0.12378924984518322,0.9275722550472336,0.12378924984518322,0.9194655435486929,True
104,0,0.34247905018072355,104,C,0.08535809842826257,0.9194655435486929,0.12378924984518322,0.9275722550472336,0.12378924984518322,0.9194655435486929,True
105,0,0.17953382292905565,105,C,0.08535809842826257,0.9194655435486929,0.12378924984518322,0.9275722550472336,0.12378924984518322,0.9194655435486929,True
106,0,0.4368095678141817,106,C,0.08535809842826257,0.9194655435486929,0.12378924984518322,0.9275722550472336,0.12378924984518322,0.9194655435486929,True
107,0,0.7646716584910922,107,C,0.08535809842826257,0.9194655435486929,0.12378924984518322,0.9275722550472336,0.12378924984518322,0.9194655435486929,True
108,0,0.0872265486578907,108,C,0.08535809842826257,0.9194655435486929,0.12378924984518322,0.9275722550472336,0.12378924984518322,0.9194655435486929,False
109,1,0.3247761909456376,109,C,0.08535809842826257,0.9194655435486929,0.12378924984518322,0.9275722550472336,0.12378924984518322,0.9194655435486929,True
110,0,0.5358071856619332,110,C,0.08535809842826257,0.9194655435486929,0.12378924984518322,0.9275722550472336,0.12378924984518322,0.9194655435486929,True
111,1,0.41656244737966297,111,C,0.08535809842826257,0.9194655435486929,0.12378924984518322,0.9275722550472336,0.12378924984518322,0.9194655435486929,True
112,0,0.39354641223192544,112,C,0.08535809842826257,0.9194655435486929,0.12378924984518322,0.9275722550472336,0.12378924984518322,0.9194655435486929,True
113,0,0.6462739153324608,113,C,0.08535809842826257,0.9194655435486929,0.12378924984518322,0.9275722550472336,0.12378924984518322,0.9194655435486929,True
114,0,0.19538213792267267,114,C,0.08535809842826257,0.9194655435486929,0.12378924984518322,0.9275722550472336,0.12378924984518322,0.9194655435486929,True
115,1,0.6012839572692822,115,C,0.08535809842826257,0.9194655435486929,0.12378924984518322,0.9275722550472336,0.12378924984518322,0.9194655435486929,True
116,1,0.5567491713158599,116,C,0.08535809842826257,0.9194655435486929,0.12378924984518322,0.9275722550472336,0.12378924984518322,0.9194655435486929,True
117,1,0.6889352936337679,117,C,0.08535809842826257,0.9194655435486929,0.12378924984518322,0.9275722550472336,0.12378924984518322,0.9194655435486929,True
118,0,0.560458224590487,118,C,0.08535809842826257,0.9194655435486929,0.12378924984518322,0.9275722550472336,0.12378924984518322,0.9194655435486929,True
119,0,0.2162755862068618,119,C,0.08535809842826257,0.9194655435486929,0.12378924984518322,0.9275722550472336,0.12378924984518322,0.9194655435486929,True
120,1,0.829367922734672,120,C,0.08535809842826257,0.9194655435486929,0.12378924984518322,0.9275722550472336,0.12378924984518322,0.9194655435486929,True
121,0,0.542147850288441,121,C,0.08535809842826257,0.9194655435486929,0.12378924984518322,0.9275722550472336,0.12378924984518322,0.9194655435486929,True
122,1,0.5620745325344366,122,C,0.08535809842826257,0.9194655435486929,0.12378924984518322,0.9275722550472336,0.12378924984518322,0.9194655435486929,True
123,0,0.532830687179886,123,C,0.08535809842826257,0.9194655435486929,0.12378924984518322,0.9275722550472336,0.12378924984518322,0.9194655435486929,True
124,1,0.7366618592048384,124,C,0.08535809842826257,0.9194655435486929,0.12378924984518322,0.9275722550472336,0.12378924984518322,0.9194655435486929,True
125,1,0.6444520937529502,125,C,0.08535809842826257,0.9194655435486929,0.12378924984518322,0.9275722550472336,0.12378924984518322,0.9194655435486929,True
126,0,0.3705548153685729,126,C,0.08535809842826257,0.9194655435486929,0.12378924984518322,0.9275722550472336,0.12378924984518322,0.9194655435486929,True
127,1,0.8405128218838728,127,C,0.08535809842826257,0.9194655435486929,0.12378924984518322,0.9275722550472336,0.12378924984518322,0.9194655435486929,True
128,1,0.4358147691823122,128,C,0.08535809842826257,0.9194655435486929,0.12378924984518322,0.9275722550472336,0.12378924984518322,0.9194655435486929,True
129,0,0.3447865543859527,129,C,0.08535809842826257,0.9194655435486929,0.12378924984518322,0.9275722550472336,0.12378924984518322,0.9194655435486929,True
130,1,0.6804023008409646,130,C,0.08535809842826257,0.9194655435486929,0.12378924984518322,0.9275722550472336,0.12378924984518322,0.9194655435486929,True
131,0,0.5172237911175822,131,C,0.08535809842826257,0.9194655435486929,0.12378924984518322,0.9275722550472336,0.12378924984518322,0.9194655435486929,True
132,1,0.5339941217693769,132,C,0.08535809842826257,0.9194655435486929,0.12378924984518322,0.9275722550472336,0.12378924984518322,0.9194655435486929,True
133,0,0.46960528563906734,133,C,0.08535809842826257,0.9194655435486929,0.12378924984518322,0.9275722550472336,0.12378924984518322,0.9194655435486929,True
134,0,0.24407870896102316,134,C,0.08535809842826257,0.9194655435486929,0.12378924984518322,0.9275722550472336,0.12378924984518322,0.9194655435486929,True
135,1,0.3666844475176521,135,C,0.08535809842826257,0.9194655435486929,0.12378924984518322,0.9275722550472336,0.12378924984518322,0.9194655435486929,True
136,0,0.6286826550403672,136,C,0.08535809842826257,0.9194655435486929,0.12378924984518322,0.9275722550472336,0.12378924984518322,0.9194655435486929,True
137,0,0.4485410066868785,137,C,0.08535809842826257,0.9194655435486929,0.12378924984518322,0.9275722550472336,0.12378924984518322,0.9194655435486929,True
138,0,0.12051092516704481,138,C,0.08535809842826257,0.9194655435486929,0.12378924984518322,0.9275722550472336,0.12378924984518322,0.9194655435486929,False
139,0,0.5689167218237472,139,C,0.08535809842826257,0.9194655435486929,0.12378924984518322,0.9275722550472336,0.12378924984518322,0.9194655435486929,True
140,0,0.33724557338962147,140,C,0.08535809842826257,0.9194655435486929,0.12378924984518322,0.9275722550472336,0.12378924984518322,0.9194655435486929,True
141,0,0.48416597215732826,141,C,0.08535809842826257,0.9194655435486929,0.12378924984518322,0.9275722550472336,0.12378924984518322,0.9194655435486929,True
142,0,0.6972561566313511,142,C,0.08535809842826257,0.9194655435486929,0.12378924984518322,0.9275722550472336,0.12378924984518322,0.9194655435486929,True
143,0,0.5060915051329532,143,C,0.08535809842826257,0.9194655435486929,0.12378924984518322,0.9275722550472336,0.12378924984518322,0.9194655435486929,True
144,0,0.5251432004967553,144,C,0.08535809842826257,0.9194655435486929,0.12378924984518322,0.9275722550472336,0.12378924984518322,0.9194655435486929,True
145,0,0.4461688042902047,145,C,0.08535809842826257,0.9194655435486929,0.12378924984518322,0.9275722550472336,0.12378924984518322,0.9194655435486929,True
146,0,0.7873569392084758,146,C,0.08535809842826257,0.9194655435486929,0.12378924984518322,0.9275722550472336,0.12378924984518322,0.9194655435486929,True
147,0,0.3741852879706014,147,C,0.08535809842826257,0.9194655435486929,0.12378924984518322,0.9275722550472336,0.12378924984518322,0.9194655435486929,True
148,0,0.2930233287573961,148,C,0.08535809842826257,0.9194655435486929,0.12378924984518322,0.9275722550472336,0.12378924984518322,0.9194655435486929,True
149,0,0.43749306171314417,149,C,0.08535809842826257,0.9194655435486929,0.12378924984518322,0.9275722550472336,0.12378924984518322,0.9194655435486929,True
150,1,0.6254213894443327,150,C,0.08535809842826257,0.9194655435486929,0.12378924984518322,0.9275722550472336,0.12378924984518322,0.9194655435486929,True
151,1,0.44429183932268745,151,C,0.08535809842826257,0.9194655435486929,0.12378924984518322,0.9275722550472336,0.12378924984518322,0.9194655435486929,True
152,0,0.7326011419575846,152,C,0.08535809842826257,0.9194655435486929,0.12378924984518322,0.9275722550472336,0.12378924984518322,0.9194655435486929,True
153,1,0.5924784624355118,153,C,0.08535809842826257,0.9194655435486929,0.12378924984518322,0.9275722550472336,0.12378924984518322,0.9194655435486929,True
154,1,0.4329698094287425,154,C,0.08535809842826257,0.9194655435486929,0.12378924984518322,0.9275722550472336,0.12378924984518322,0.9194655435486929,True
155,0,0.46875921607735604,155,C,0.08535809842826257,0.9194655435486929,0.12378924984518322,0.9275722550472336,0.12378924984518322,0.9194655435486929,True
156,1,0.5170677452454028,156,C,0.08535809842826257,0.9194655435486929,0.12378924984518322,0.9275722550472336,0.12378924984518322,0.9194655435486929,True
157,1,0.47218930716249663,157,C,0.08535809842826257,0.9194655435486929,0.12378924984518322,0.9275722550472336,0.12378924984518322,0.9194655435486929,True
158,0,0.6597171564226079,158,C,0.08535809842826257,0.9194655435486929,0.12378924984518322,0.9275722550472336,0.12378924984518322,0.9194655435486929,True
159,0,0.5353490415852479,159,C,0.08535809842826257,0.9194655435486929,0.12378924984518322,0.9275722550472336,0.12378924984518322,0.9194655435486929,True
160,0,0.43760797692225933,160,C,0.08535809842826257,0.9194655435486929,0.12378924984518322,0.9275722550472336,0.12378924984518322,0.9194655435486929,True
161,0,0.8010643287249117,161,C,0.08535809842826257,0.9194655435486929,0.12378924984518322,0.9275722550472336,0.12378924984518322,0.9194655435486929,True
162,0,0.6599986866758187,162,C,0.08535809842826257,0.9194655435486929,0.12378924984518322,0.9275722550472336,0.12378924984518322,0.9194655435486929,True
163,1,0.44745633694036074,163,C,0.08535809842826257,0.9194655435486929,0.12378924984518322,0.9275722550472336,0.12378924984518322,0.9194655435486929,True
164,0,0.6059978747506187,164,C,0.08535809842826257,0.9194655435486929,0.12378924984518322,0.9275722550472336,0.12378924984518322,0.9194655435486929,True
165,0,0.37282045155938637,165,C,0.08535809842826257,0.9194655435486929,0.12378924984518322,0.9275722550472336,0.12378924984518322,0.9194655435486929,True
166,0,0.6762307988615166,166,C,0.08535809842826257,0.9194655435486929,0.12378924984518322,0.9275722550472336,0.12378924984518322,0.9194655435486929,True
167,1,0.4584989655818277,167,C,0.08535809842826257,0.9194655435486929,0.12378924984518322,0.9275722550472336,0.12378924984518322,0.9194655435486929,True
168,1,0.38179715055243696,168,C,0.08535809842826257,0.9194655435486929,0.12378924984518322,0.9275722550472336,0.12378924984518322,0.9194655435486929,True
169,1,0.44531548198488397,169,C,0.08535809842826257,0.9194655435486929,0.12378924984518322,0.9275722550472336,0.12378924984518322,0.9194655435486929,True
170,0,0.362809272007464,170,C,0.08535809842826257,0.9194655435486929,0.12378924984518322,0.9275722550472336,0.12378924984518322,0.9194655435486929,True
171,0,0.7252681383136385,171,C,0.08535809842826257,0.9194655435486929,0.12378924984518322,0.9275722550472336,0.12378924984518322,0.9194655435486929,True
172,1,0.7595256542826475,172,C,0.08535809842826257,0.9194655435486929,0.12378924984518322,0.9275722550472336,0.12378924984518322,0.9194655435486929,True
173,1,0.6255752883761253,173,C,0.08535809842826257,0.9194655435486929,0.12378924984518322,0.9275722550472336,0.12378924984518322,0.9194655435486929,True
174,0,0.4546371746056136,174,C,0.08535809842826257,0.9194655435486929,0.12378924984518322,0.9275722550472336,0.12378924984518322,0.9194655435486929,True
175,1,0.49380116822724135,175,C,0.08535809842826257,0.9194655435486929,0.12378924984518322,0.9275722550472336,0.12378924984518322,0.9194655435486929,True
176,1,0.824569740112328,176,C,0.08535809842826257,0.9194655435486929,0.12378924984518322,0.9275722550472336,0.12378924984518322,0.9194655435486929,True
177,0,0.26577403790668946,177,C,0.08535809842826257,0.9194655435486929,0.12378924984518322,0.9275722550472336,0.12378924984518322,0.9194655435486929,True
178,0,0.7004147941785344,178,C,0.08535809842826257,0.9194655435486929,0.12378924984518322,0.9275722550472336,0.12378924984518322,0.9194655435486929,True
179,0,0.4877815645414737,179,C,0.08535809842826257,0.9194655435486929,0.12378924984518322,0.9275722550472336,0.12378924984518322,0.9194655435486929,True
180,0,0.4493442469212121,180,C,0.08535809842826257,0.9194655435486929,0.12378924984518322,0.9275722550472336,0.12378924984518322,0.9194655435486929,True
181,0,0.672457300696772,181,C,0.08535809842826257,0.9194655435486929,0.12378924984518322,0.9275722550472336,0.12378924984518322,0.9194655435486929,True
182,0,0.41863670381305335,182,C,0.08535809842826257,0.9194655435486929,0.12378924984518322,0.9275722550472336,0.12378924984518322,0.9194655435486929,True
183,1,0.6886559161912295,183,C,0.08535809842826257,0.9194655435486929,0.12378924984518322,0.9275722550472336,0.12378924984518322,0.9194655435486929,True
184,1,0.5589169926850209,184,C,0.08535809842826257,0.9194655435486929,0.12378924984518322,0.9275722550472336,0.12378924984518322,0.9194655435486929,True
185,0,0.26061157777440375,185,C,0.08535809842826257,0.9194655435486929,0.12378924984518322,0.9275722550472336,0.12378924984518322,0.9194655435486929,True
186,1,0.41684868744313586,186,C,0.08535809842826257,0.9194655435486929,0.12378924984518322,0.9275722550472336,0.12378924984518322,0.9194655435486929,True
187,0,0.6365642262869313,187,C,0.08535809842826257,0.9194655435486929,0.12378924984518322,0.9275722550472336,0.12378924984518322,0.9194655435486929,True
188,0,0.1984808648004008,188,C,0.08535809842826257,0.9194655435486929,0.12378924984518322,0.9275722550472336,0.12378924984518322,0.9194655435486929,True
189,1,0.531460089732747,189,C,0.08535809842826257,0.9194655435486929,0.12378924984518322,0.9275722550472336,0.12378924984518322,0.9194655435486929,True
190,1,0.41872187010500217,190,C,0.08535809842826257,0.9194655435486929,0.12378924984518322,0.9275722550472336,0.12378924984518322,0.9194655435486929,True
191,0,0.6128259962579224,191,C,0.08535809842826257,0.9194655435486929,0.12378924984518322,0.9275722550472336,0.12378924984518322,0.9194655435486929,True
192,1,0.4327134071067899,192,C,0.08535809842826257,0.9194655435486929,0.12378924984518322,0.9275722550472336,0.12378924984518322,0.9194655435486929,True
193,1,0.21708557198785314,193,C,0.08535809842826257,0.9194655435486929,0.12378924984518322,0.9275722550472336,0.12378924984518322,0.9194655435486929,True
194,1,0.5623946318510863,194,C,0.08535809842826257,0.9194655435486929,0.12378924984518322,0.9275722550472336,0.12378924984518322,0.9194655435486929,True
195,0,0.5244700199063572,195,C,0.08535809842826257,0.9194655435486929,0.12378924984518322,0.9275722550472336,0.12378924984518322,0.9194655435486929,True
196,1,0.4891268952271637,196,C,0.08535809842826257,0.9194655435486929,0.12378924984518322,0.9275722550472336,0.12378924984518322,0.9194655435486929,True
197,1,0.6646677900802487,197,C,0.08535809842826257,0.9194655435486929,0.12378924984518322,0.9275722550472336,0.12378924984518322,0.9194655435486929,True
198,0,0.3758392340289529,198,C,0.08535809842826257,0.9194655435486929,0.12378924984518322,0.9275722550472336,0.12378924984518322,0.9194655435486929,True
199,0,0.3547802278134498,199,C,0.08535809842826257,0.9194655435486929,0.12378924984518322,0.9275722550472336,0.12378924984518322,0.9194655435486929,True
200,0,0.4007027546611103,200,C,0.08535809842826257,0.9194655435486929,0.12378924984518322,0.9275722550472336,0.12378924984518322,0.9194655435486929,True
201,0,0.2741647331215023,201,C,0.08535809842826257,0.9194655435486929,0.12378924984518322,0.9275722550472336,0.12378924984518322,0.9194655435486929,True
202,1,0.7921416271353401,202,C,0.08535809842826257,0.9194655435486929,0.12378924984518322,0.9275722550472336,0.12378924984518322,0.9194655435486929,True
203,1,0.5960092775188754,203,C,0.08535809842826257,0.9194655435486929,0.12378924984518322,0.9275722550472336,0.12378924984518322,0.9194655435486929,True
204,1,0.6638755447072053,204,C,0.08535809842826257,0.9194655435486929,0.12378924984518322,0.9275722550472336,0.12378924984518322,0.9194655435486929,True
205,1,0.23451532440728795,205,C,0.08535809842826257,0.9194655435486929,0.12378924984518322,0.9275722550472336,0.12378924984518322,0.9194655435486929,True
206,1,0.44718492471830606,206,C,0.08535809842826257,0.9194655435486929,0.12378924984518322,0.9275722550472336,0.12378924984518322,0.9194655435486929,True
207,0,0.3519568309094315,207,C,0.08535809842826257,0.9194655435486929,0.12378924984518322,0.9275722550472336,0.12378924984518322,0.9194655435486929,True
208,0,0.60029229515858,208,C,0.08535809842826257,0.9194655435486929,0.12378924984518322,0.9275722550472336,0.12378924984518322,0.9194655435486929,True
209,0,0.6011913562511471,209,C,0.08535809842826257,0.9194655435486929,0.12378924984518322,0.9275722550472336,0.12378924984518322,0.9194655435486929,True
210,1,0.7115143374784781,210,C,0.08535809842826257,0.9194655435486929,0.12378924984518322,0.9275722550472336,0.12378924984518322,0.9194655435486929,True
211,1,0.41264416529970827,211,C,0.08535809842826257,0.9194655435486929,0.12378924984518322,0.9275722550472336,0.12378924984518322,0.9194655435486929,True
212,1,0.6693788334616096,212,C,0.08535809842826257,0.9194655435486929,0.12378924984518322,0.9275722550472336,0.12378924984518322,0.9194655435486929,True
213,1,0.6734344169060216,213,C,0.08535809842826257,0.9194655435486929,0.12378924984518322,0.9275722550472336,0.12378924984518322,0.9194655435486929,True
214,1,0.5146520036934664,214,C,0.08535809842826257,0.9194655435486929,0.12378924984518322,0.9275722550472336,0.12378924984518322,0.9194655435486929,True
215,0,0.4564632349706006,215,C,0.08535809842826257,0.9194655435486929,0.12378924984518322,0.9275722550472336,0.12378924984518322,0.9194655435486929,True
216,1,0.603427418453782,216,C,0.08535809842826257,0.9194655435486929,0.12378924984518322,0.9275722550472336,0.12378924984518322,0.9194655435486929,True
217,0,0.5443918158323681,217,C,0.08535809842826257,0.9194655435486929,0.12378924984518322,0.9275722550472336,0.12378924984518322,0.9194655435486929,True
218,0,0.16229405762229468,218,C,0.08535809842826257,0.9194655435486929,0.12378924984518322,0.9275722550472336,0.12378924984518322,0.9194655435486929,True
219,1,0.7226930175539829,219,C,0.08535809842826257,0.9194655435486929,0.12378924984518322,0.9275722550472336,0.12378924984518322,0.9194655435486929,True
220,1,0.27452733321292344,220,C,0.08535809842826257,0.9194655435486929,0.12378924984518322,0.9275722550472336,0.12378924984518322,0.9194655435486929,True
221,0,0.46025920488264227,221,C,0.08535809842826257,0.9194655435486929,0.12378924984518322,0.9275722550472336,0.12378924984518322,0.9194655435486929,True
222,0,0.4790873367092009,222,C,0.08535809842826257,0.9194655435486929,0.12378924984518322,0.9275722550472336,0.12378924984518322,0.9194655435486929,True
223,0,0.35266445183274614,223,C,0.08535809842826257,0.9194655435486929,0.12378924984518322,0.9275722550472336,0.12378924984518322,0.9194655435486929,True
224,1,0.17782447170936952,224,C,0.08535809842826257,0.9194655435486929,0.12378924984518322,0.9275722550472336,0.12378924984518322,0.9194655435486929,True
225,1,0.12378924984518322,225,C,0.08535809842826257,0.9194655435486929,0.12378924984518322,0.9275722550472336,0.12378924984518322,0.9194655435486929,True
226,1,0.570325089368068,226,C,0.08535809842826257,0.9194655435486929,0.12378924984518322,0.9275722550472336,0.12378924984518322,0.9194655435486929,True
227,1,0.6640989627337069,227,C,0.08535809842826257,0.9194655435486929,0.12378924984518322,0.9275722550472336,0.12378924984518322,0.9194655435486929,True
228,0,0.3050893069836912,228,C,0.08535809842826257,0.9194655435486929,0.12378924984518322,0.9275722550472336,0.12378924984518322,0.9194655435486929,True
229,1,0.6041470855946188,229,C,0.08535809842826257,0.9194655435486929,0.12378924984518322,0.9275722550472336,0.12378924984518322,0.9194655435486929,True
230,1,0.555133731354314,230,C,0.08535809842826257,0.9194655435486929,0.12378924984518322,0.9275722550472336,0.12378924984518322,0.9194655435486929,True
231,1,0.5675558147910279,231,C,0.08535809842826257,0.9194655435486929,0.12378924984518322,0.9275722550472336,0.12378924984518322,0.9194655435486929,True
232,0,0.6462256250932247,232,C,0.08535809842826257,0.9194655435486929,0.12378924984518322,0.9275722550472336,0.12378924984518322,0.9194655435486929,True
233,1,0.3958898960930849,233,C,0.08535809842826257,0.9194655435486929,0.12378924984518322,0.9275722550472336,0.12378924984518322,0.9194655435486929,True
234,1,0.5845393162705943,234,C,0.08535809842826257,0.9194655435486929,0.12378924984518322,0.9275722550472336,0.12378924984518322,0.9194655435486929,True
235,0,0.8190198513672311,235,C,0.08535809842826257,0.9194655435486929,0.12378924984518322,0.9275722550472336,0.12378924984518322,0.9194655435486929,True
236,0,0.6514564311260218,236,C,0.08535809842826257,0.9194655435486929,0.12378924984518322,0.9275722550472336,0.12378924984518322,0.9194655435486929,True
237,1,0.4485923569607462,237,C,0.08535809842826257,0.9194655435486929,0.12378924984518322,0.9275722550472336,0.12378924984518322,0.9194655435486929,True
238,0,0.8009625536353211,238,C,0.08535809842826257,0.9194655435486929,0.12378924984518322,0.9275722550472336,0.12378924984518322,0.9194655435486929,True
239,1,0.5301120945077258,239,C,0.08535809842826257,0.9194655435486929,0.12378924984518322,0.9275722550472336,0.12378924984518322,0.9194655435486929,True
240,1,0.675800809812271,240,C,0.08535809842826257,0.9194655435486929,0.12378924984518322,0.9275722550472336,0.12378924984518322,0.9194655435486929,True
241,1,0.6751639943021515,241,C,0.08535809842826257,0.9194655435486929,0.12378924984518322,0.9275722550472336,0.12378924984518322,0.9194655435486929,True
242,1,0.7107381870067986,242,C,0.08535809842826257,0.9194655435486929,0.12378924984518322,0.9275722550472336,0.12378924984518322,0.9194655435486929,True
243,1,0.5961662302672974,243,C,0.08535809842826257,0.9194655435486929,0.12378924984518322,0.9275722550472336,0.12378924984518322,0.9194655435486929,True
244,1,0.7607921051180395,244,C,0.08535809842826257,0.9194655435486929,0.12378924984518322,0.9275722550472336,0.12378924984518322,0.9194655435486929,True
245,1,0.745872016991143,245,C,0.08535809842826257,0.9194655435486929,0.12378924984518322,0.9275722550472336,0.12378924984518322,0.9194655435486929,True
246,0,0.7091199029997823,246,C,0.08535809842826257,0.9194655435486929,0.12378924984518322,0.9275722550472336,0.12378924984518322,0.9194655435486929,True
247,1,0.47154774923463577,247,C,0.08535809842826257,0.9194655435486929,0.12378924984518322,0.9275722550472336,0.12378924984518322,0.9194655435486929,True
248,1,0.5945062922986363,248,C,0.08535809842826257,0.9194655435486929,0.12378924984518322,0.9275722550472336,0.12378924984518322,0.9194655435486929,True
249,0,0.24274300892833095,249,C,0.08535809842826257,0.9194655435486929,0.12378924984518322,0.9275722550472336,0.12378924984518322,0.9194655435486929,True
250,0,0.6114753092334597,250,C,0.08535809842826257,0.9194655435486929,0.12378924984518322,0.9275722550472336,0.12378924984518322,0.9194655435486929,True
251,1,0.6872553196809603,251,C,0.08535809842826257,0.9194655435486929,0.12378924984518322,0.9275722550472336,0.12378924984518322,0.9194655435486929,True
252,1,0.5153173876320164,252,C,0.08535809842826257,0.9194655435486929,0.12378924984518322,0.9275722550472336,0.12378924984518322,0.9194655435486929,True
253,1,0.41017450624559115,253,C,0.08535809842826257,0.9194655435486929,0.12378924984518322,0.9275722550472336,0.12378924984518322,0.9194655435486929,True
254,1,0.34827527023845145,254,C,0.08535809842826257,0.9194655435486929,0.12378924984518322,0.9275722550472336,0.12378924984518322,0.9194655435486929,True
255,1,0.3768299994328581,255,C,0.08535809842826257,0.9194655435486929,0.12378924984518322,0.9275722550472336,0.12378924984518322,0.9194655435486929,True
256,1,0.5398448922251409,256,C,0.08535809842826257,0.9194655435486929,0.12378924984518322,0.9275722550472336,0.12378924984518322,0.9194655435486929,True
257,0,0.5253165764003597,257,C,0.08535809842826257,0.9194655435486929,0.12378924984518322,0.9275722550472336,0.12378924984518322,0.9194655435486929,True
258,0,0.3741781683648595,258,C,0.08535809842826257,0.9194655435486929,0.12378924984518322,0.9275722550472336,0.12378924984518322,0.9194655435486929,True
259,1,0.6811775687227071,259,C,0.08535809842826257,0.9194655435486929,0.12378924984518322,0.9275722550472336,0.12378924984518322,0.9194655435486929,True
260,0,0.49245117426989166,260,C,0.08535809842826257,0.9194655435486929,0.12378924984518322,0.9275722550472336,0.12378924984518322,0.9194655435486929,True
261,1,0.46108426956221404,261,C,0.08535809842826257,0.9194655435486929,0.12378924984518322,0.9275722550472336,0.12378924984518322,0.9194655435486929,True
262,1,0.4963592433583909,262,C,0.08535809842826257,0.9194655435486929,0.12378924984518322,0.9275722550472336,0.12378924984518322,0.9194655435486929,True
263,0,0.4964717302806191,263,C,0.08535809842826257,0.9194655435486929,0.12378924984518322,0.9275722550472336,0.12378924984518322,0.9194655435486929,True
264,0,0.6619068966617174,264,C,0.08535809842826257,0.9194655435486929,0.12378924984518322,0.9275722550472336,0.12378924984518322,0.9194655435486929,True
265,0,0.47163731779451873,265,C,0.08535809842826257,0.9194655435486929,0.12378924984518322,0.9275722550472336,0.12378924984518322,0.9194655435486929,True
266,0,0.5891935204092524,266,C,0.08535809842826257,0.9194655435486929,0.12378924984518322,0.9275722550472336,0.12378924984518322,0.9194655435486929,True
267,0,0.256013285925142,267,C,0.08535809842826257,0.9194655435486929,0.12378924984518322,0.9275722550472336,0.12378924984518322,0.9194655435486929,True
268,0,0.5319090646766347,268,C,0.08535809842826257,0.9194655435486929,0.12378924984518322,0.9275722550472336,0.12378924984518322,0.9194655435486929,True
269,1,0.7486855378888227,269,C,0.08535809842826257,0.9194655435486929,0.12378924984518322,0.9275722550472336,0.12378924984518322,0.9194655435486929,True
270,1,0.7779306694588634,270,C,0.08535809842826257,0.9194655435486929,0.12378924984518322,0.9275722550472336,0.12378924984518322,0.9194655435486929,True
271,1,0.55136345344592,271,C,0.08535809842826257,0.9194655435486929,0.12378924984518322,0.9275722550472336,0.12378924984518322,0.9194655435486929,True
272,0,0.5508234095216412,272,C,0.08535809842826257,0.9194655435486929,0.12378924984518322,0.9275722550472336,0.12378924984518322,0.9194655435486929,True
273,1,0.32824071071447847,273,C,0.08535809842826257,0.9194655435486929,0.12378924984518322,0.9275722550472336,0.12378924984518322,0.9194655435486929,True
274,1,0.6394719288729327,274,C,0.08535809842826257,0.9194655435486929,0.12378924984518322,0.9275722550472336,0.12378924984518322,0.9194655435486929,True
275,0,0.3588680619696523,275,C,0.08535809842826257,0.9194655435486929,0.12378924984518322,0.9275722550472336,0.12378924984518322,0.9194655435486929,True
276,1,0.8746440599003018,276,C,0.08535809842826257,0.9194655435486929,0.12378924984518322,0.9275722550472336,0.12378924984518322,0.9194655435486929,True
277,1,0.5608912437160255,277,C,0.08535809842826257,0.9194655435486929,0.12378924984518322,0.9275722550472336,0.12378924984518322,0.9194655435486929,True
278,1,0.7466181255353435,278,C,0.08535809842826257,0.9194655435486929,0.12378924984518322,0.9275722550472336,0.12378924984518322,0.9194655435486929,True
279,0,0.4076708117030176,279,C,0.08535809842826257,0.9194655435486929,0.12378924984518322,0.9275722550472336,0.12378924984518322,0.9194655435486929,True
280,1,0.48570307385210326,280,C,0.08535809842826257,0.9194655435486929,0.12378924984518322,0.9275722550472336,0.12378924984518322,0.9194655435486929,True
281,0,0.2635140242677259,281,C,0.08535809842826257,0.9194655435486929,0.12378924984518322,0.9275722550472336,0.12378924984518322,0.9194655435486929,True
282,1,0.6215844939610381,282,C,0.08535809842826257,0.9194655435486929,0.12378924984518322,0.9275722550472336,0.12378924984518322,0.9194655435486929,True
283,1,0.387545709829042,283,C,0.08535809842826257,0.9194655435486929,0.12378924984518322,0.9275722550472336,0.12378924984518322,0.9194655435486929,True
284,0,0.22573020568507174,284,C,0.08535809842826257,0.9194655435486929,0.12378924984518322,0.9275722550472336,0.12378924984518322,0.9194655435486929,True
285,1,0.595518427587528,285,C,0.08535809842826257,0.9194655435486929,0.12378924984518322,0.9275722550472336,0.12378924984518322,0.9194655435486929,True
286,0,0.5095781440627086,286,C,0.08535809842826257,0.9194655435486929,0.12378924984518322,0.9275722550472336,0.12378924984518322,0.9194655435486929,True
287,1,0.381453442521562,287,C,0.08535809842826257,0.9194655435486929,0.12378924984518322,0.9275722550472336,0.12378924984518322,0.9194655435486929,True
288,0,0.34335275536479,288,C,0.08535809842826257,0.9194655435486929,0.12378924984518322,0.9275722550472336,0.12378924984518322,0.9194655435486929,True
289,0,0.1553650097767648,289,C,0.08535809842826257,0.9194655435486929,0.12378924984518322,0.9275722550472336,0.12378924984518322,0.9194655435486929,True
290,0,0.420946767381271,290,C,0.08535809842826257,0.9194655435486929,0.12378924984518322,0.9275722550472336,0.12378924984518322,0.9194655435486929,True
291,1,0.4815343373912657,291,C,0.08535809842826257,0.9194655435486929,0.12378924984518322,0.9275722550472336,0.12378924984518322,0.9194655435486929,True
292,0,0.6849050715073347,292,C,0.08535809842826257,0.9194655435486929,0.12378924984518322,0.9275722550472336,0.12378924984518322,0.9194655435486929,True
293,0,0.5608915256600088,293,C,0.08535809842826257,0.9194655435486929,0.12378924984518322,0.9275722550472336,0.12378924984518322,0.9194655435486929,True
294,1,0.6216835108262423,294,C,0.08535809842826257,0.9194655435486929,0.12378924984518322,0.9275722550472336,0.12378924984518322,0.9194655435486929,True
295,0,0.6204783783868142,295,C,0.08535809842826257,0.9194655435486929,0.12378924984518322,0.9275722550472336,0.12378924984518322,0.9194655435486929,True
296,0,0.3273930474692463,296,C,0.08535809842826257,0.9194655435486929,0.12378924984518322,0.9275722550472336,0.12378924984518322,0.9194655435486929,True
297,1,0.44894862549517095,297,C,0.08535809842826257,0.9194655435486929,0.12378924984518322,0.9275722550472336,0.12378924984518322,0.9194655435486929,True
298,1,0.16674804356460354,298,C,0.08535809842826257,0.9194655435486929,0.12378924984518322,0.9275722550472336,0.12378924984518322,0.9194655435486929,True
299,0,0.15746050906369008,299,C,0.08535809842826257,0.9194655435486929,0.12378924984518322,0.9275722550472336,0.12378924984518322,0.9194655435486929,True
300,0,0.4072470837938818,300,C,0.08535809842826257,0.9194655435486929,0.12378924984518322,0.9275722550472336,0.12378924984518322,0.9194655435486929,True
301,0,0.1281317739000693,301,C,0.08535809842826257,0.9194655435486929,0.12378924984518322,0.9275722550472336,0.12378924984518322,0.9194655435486929,True
302,1,0.19705506309663443,302,C,0.08535809842826257,0.9194655435486929,0.12378924984518322,0.9275722550472336,0.12378924984518322,0.9194655435486929,True
303,0,0.5466764162768744,303,C,0.08535809842826257,0.9194655435486929,0.12378924984518322,0.9275722550472336,0.12378924984518322,0.9194655435486929,True
304,1,0.7214017236962167,304,C,0.08535809842826257,0.9194655435486929,0.12378924984518322,0.9275722550472336,0.12378924984518322,0.9194655435486929,True
305,0,0.21067831275352725,305,C,0.08535809842826257,0.9194655435486929,0.12378924984518322,0.9275722550472336,0.12378924984518322,0.9194655435486929,True
306,0,0.37319210341080955,306,C,0.08535809842826257,0.9194655435486929,0.12378924984518322,0.9275722550472336,0.12378924984518322,0.9194655435486929,True
307,1,0.7811506630371915,307,C,0.08535809842826257,0.9194655435486929,0.12378924984518322,0.9275722550472336,0.12378924984518322,0.9194655435486929,True
308,1,0.699828665598108,308,C,0.08535809842826257,0.9194655435486929,0.12378924984518322,0.9275722550472336,0.12378924984518322,0.9194655435486929,True
309,1,0.4206939657671133,309,C,0.08535809842826257,0.9194655435486929,0.12378924984518322,0.9275722550472336,0.12378924984518322,0.9194655435486929,True
310,0,0.46022044046821003,310,C,0.08535809842826257,0.9194655435486929,0.12378924984518322,0.9275722550472336,0.12378924984518322,0.9194655435486929,True
311,0,0.48186258229768575,311,C,0.08535809842826257,0.9194655435486929,0.12378924984518322,0.9275722550472336,0.12378924984518322,0.9194655435486929,True
312,0,0.4245689972100995,312,C,0.08535809842826257,0.9194655435486929,0.12378924984518322,0.9275722550472336,0.12378924984518322,0.9194655435486929,True
313,1,0.4517635550180712,313,C,0.08535809842826257,0.9194655435486929,0.12378924984518322,0.9275722550472336,0.12378924984518322,0.9194655435486929,True
314,0,0.45267598358822625,314,C,0.08535809842826257,0.9194655435486929,0.12378924984518322,0.9275722550472336,0.12378924984518322,0.9194655435486929,True
315,0,0.4638168369349049,315,C,0.08535809842826257,0.9194655435486929,0.12378924984518322,0.9275722550472336,0.12378924984518322,0.9194655435486929,True
316,1,0.7447875397121226,316,C,0.08535809842826257,0.9194655435486929,0.12378924984518322,0.9275722550472336,0.12378924984518322,0.9194655435486929,True
317,1,0.7224455981603608,317,C,0.08535809842826257,0.9194655435486929,0.12378924984518322,0.9275722550472336,0.12378924984518322,0.9194655435486929,True
318,0,0.27591543572720517,318,C,0.08535809842826257,0.9194655435486929,0.12378924984518322,0.9275722550472336,0.12378924984518322,0.9194655435486929,True
319,1,0.9275722550472336,319,C,0.08535809842826257,0.9194655435486929,0.12378924984518322,0.9275722550472336,0.12378924984518322,0.9194655435486929,False
320,0,0.7522729463521763,320,C,0.08535809842826257,0.9194655435486929,0.12378924984518322,0.9275722550472336,0.12378924984518322,0.9194655435486929,True
321,0,0.4226995873646225,321,C,0.08535809842826257,0.9194655435486929,0.12378924984518322,0.9275722550472336,0.12378924984518322,0.9194655435486929,True
322,1,0.365069813629795,322,C,0.08535809842826257,0.9194655435486929,0.12378924984518322,0.9275722550472336,0.12378924984518322,0.9194655435486929,True
323,0,0.6649583277652286,323,C,0.08535809842826257,0.9194655435486929,0.12378924984518322,0.9275722550472336,0.12378924984518322,0.9194655435486929,True
324,1,0.5873340168690677,324,C,0.08535809842826257,0.9194655435486929,0.12378924984518322,0.9275722550472336,0.12378924984518322,0.9194655435486929,True
325,0,0.6558746299578878,325,C,0.08535809842826257,0.9194655435486929,0.12378924984518322,0.9275722550472336,0.12378924984518322,0.9194655435486929,True
326,0,0.36199386563087554,326,C,0.08535809842826257,0.9194655435486929,0.12378924984518322,0.9275722550472336,0.12378924984518322,0.9194655435486929,True
327,0,0.26639350862431865,327,C,0.08535809842826257,0.9194655435486929,0.12378924984518322,0.9275722550472336,0.12378924984518322,0.9194655435486929,True
328,1,0.38605514975642785,328,C,0.08535809842826257,0.9194655435486929,0.12378924984518322,0.9275722550472336,0.12378924984518322,0.9194655435486929,True
329,0,0.23943480830067645,329,C,0.08535809842826257,0.9194655435486929,0.12378924984518322,0.9275722550472336,0.12378924984518322,0.9194655435486929,True
330,1,0.8718267803783376,330,C,0.08535809842826257,0.9194655435486929,0.12378924984518322,0.9275722550472336,0.12378924984518322,0.9194655435486929,True
331,0,0.4788738138704996,331,C,0.08535809842826257,0.9194655435486929,0.12378924984518322,0.9275722550472336,0.12378924984518322,0.9194655435486929,True
332,0,0.37676670231300025,332,C,0.08535809842826257,0.9194655435486929,0.12378924984518322,0.9275722550472336,0.12378924984518322,0.9194655435486929,True
333,1,0.6151750576182115,333,C,0.08535809842826257,0.9194655435486929,0.12378924984518322,0.9275722550472336,0.12378924984518322,0.9194655435486929,True
334,1,0.38547058329156547,334,C,0.08535809842826257,0.9194655435486929,0.12378924984518322,0.9275722550472336,0.12378924984518322,0.9194655435486929,True
335,0,0.2889192089392517,335,C,0.08535809842826257,0.9194655435486929,0.12378924984518322,0.9275722550472336,0.12378924984518322,0.9194655435486929,True
336,0,0.3533773677433967,336,C,0.08535809842826257,0.9194655435486929,0.12378924984518322,0.9275722550472336,0.12378924984518322,0.9194655435486929,True
337,0,0.23676802292720386,337,C,0.08535809842826257,0.9194655435486929,0.12378924984518322,0.9275722550472336,0.12378924984518322,0.9194655435486929,True
338,1,0.7225416969621987,338,C,0.08535809842826257,0.9194655435486929,0.12378924984518322,0.9275722550472336,0.12378924984518322,0.9194655435486929,True
339,0,0.4052018681688257,339,C,0.08535809842826257,0.9194655435486929,0.12378924984518322,0.9275722550472336,0.12378924984518322,0.9194655435486929,True
340,1,0.40343691857689595,340,C,0.08535809842826257,0.9194655435486929,0.12378924984518322,0.9275722550472336,0.12378924984518322,0.9194655435486929,True
341,1,0.5353697429679266,341,C,0.08535809842826257,0.9194655435486929,0.12378924984518322,0.9275722550472336,0.12378924984518322,0.9194655435486929,True
342,0,0.24799224333271305,342,C,0.08535809842826257,0.9194655435486929,0.12378924984518322,0.9275722550472336,0.12378924984518322,0.9194655435486929,True
343,0,0.24142312577670516,343,C,0.08535809842826257,0.9194655435486929,0.12378924984518322,0.9275722550472336,0.12378924984518322,0.9194655435486929,True
344,0,0.27769884511103876,344,C,0.08535809842826257,0.9194655435486929,0.12378924984518322,0.9275722550472336,0.12378924984518322,0.9194655435486929,True
345,0,0.7848192794983265,345,C,0.08535809842826257,0.9194655435486929,0.12378924984518322,0.9275722550472336,0.12378924984518322,0.9194655435486929,True
346,1,0.3593302188644252,346,C,0.08535809842826257,0.9194655435486929,0.12378924984518322,0.9275722550472336,0.12378924984518322,0.9194655435486929,True
347,0,0.6651891281470462,347,C,0.08535809842826257,0.9194655435486929,0.12378924984518322,0.9275722550472336,0.12378924984518322,0.9194655435486929,True
348,1,0.20426353528826072,348,C,0.08535809842826257,0.9194655435486929,0.12378924984518322,0.9275722550472336,0.12378924984518322,0.9194655435486929,True
349,0,0.5774646774925729,349,C,0.08535809842826257,0.9194655435486929,0.12378924984518322,0.9275722550472336,0.12378924984518322,0.9194655435486929,True
350,1,0.7885073193006804,350,C,0.08535809842826257,0.9194655435486929,0.12378924984518322,0.9275722550472336,0.12378924984518322,0.9194655435486929,True
351,0,0.3632113168640372,351,C,0.08535809842826257,0.9194655435486929,0.12378924984518322,0.9275722550472336,0.12378924984518322,0.9194655435486929,True
352,1,0.5564513924096369,352,C,0.08535809842826257,0.9194655435486929,0.12378924984518322,0.9275722550472336,0.12378924984518322,0.9194655435486929,True
353,0,0.366390299427456,353,C,0.08535809842826257,0.9194655435486929,0.12378924984518322,0.9275722550472336,0.12378924984518322,0.9194655435486929,True
354,1,0.5966664373902375,354,C,0.08535809842826257,0.9194655435486929,0.12378924984518322,0.9275722550472336,0.12378924984518322,0.9194655435486929,True
355,1,0.7596908462021538,355,C,0.08535809842826257,0.9194655435486929,0.12378924984518322,0.9275722550472336,0.12378924984518322,0.9194655435486929,True
356,1,0.27236185043868016,356,C,0.08535809842826257,0.9194655435486929,0.12378924984518322,0.9275722550472336,0.12378924984518322,0.9194655435486929,True
357,1,0.41027369283436876,357,C,0.08535809842826257,0.9194655435486929,0.12378924984518322,0.9275722550472336,0.12378924984518322,0.9194655435486929,True
358,1,0.6297629659036448,358,C,0.08535809842826257,0.9194655435486929,0.12378924984518322,0.9275722550472336,0.12378924984518322,0.9194655435486929,True
359,0,0.4023941883323825,359,C,0.08535809842826257,0.9194655435486929,0.12378924984518322,0.9275722550472336,0.12378924984518322,0.9194655435486929,True
360,1,0.7603686191183702,360,C,0.08535809842826257,0.9194655435486929,0.12378924984518322,0.9275722550472336,0.12378924984518322,0.9194655435486929,True
361,1,0.5948646229075412,361,C,0.08535809842826257,0.9194655435486929,0.12378924984518322,0.9275722550472336,0.12378924984518322,0.9194655435486929,True
362,1,0.6476470181511185,362,C,0.08535809842826257,0.9194655435486929,0.12378924984518322,0.9275722550472336,0.12378924984518322,0.9194655435486929,True
363,0,0.5232273720891639,363,C,0.08535809842826257,0.9194655435486929,0.12378924984518322,0.9275722550472336,0.12378924984518322,0.9194655435486929,True
364,1,0.7321207268243829,364,C,0.08535809842826257,0.9194655435486929,0.12378924984518322,0.9275722550472336,0.12378924984518322,0.9194655435486929,True
365,1,0.8797802542049107,365,C,0.08535809842826257,0.9194655435486929,0.12378924984518322,0.9275722550472336,0.12378924984518322,0.9194655435486929,True
366,0,0.3404593808897142,366,C,0.08535809842826257,0.9194655435486929,0.12378924984518322,0.9275722550472336,0.12378924984518322,0.9194655435486929,True
367,0,0.38191086440017274,367,C,0.08535809842826257,0.9194655435486929,0.12378924984518322,0.9275722550472336,0.12378924984518322,0.9194655435486929,True
368,0,0.2963808235052443,368,C,0.08535809842826257,0.9194655435486929,0.12378924984518322,0.9275722550472336,0.12378924984518322,0.9194655435486929,True
369,1,0.265649369478642,369,C,0.08535809842826257,0.9194655435486929,0.12378924984518322,0.9275722550472336,0.12378924984518322,0.9194655435486929,True
370,1,0.4410192573398707,370,C,0.08535809842826257,0.9194655435486929,0.12378924984518322,0.9275722550472336,0.12378924984518322,0.9194655435486929,True
371,0,0.3804419271056767,371,C,0.08535809842826257,0.9194655435486929,0.12378924984518322,0.9275722550472336,0.12378924984518322,0.9194655435486929,True
372,0,0.2761482102675422,372,C,0.08535809842826257,0.9194655435486929,0.12378924984518322,0.9275722550472336,0.12378924984518322,0.9194655435486929,True
373,0,0.4627156746529792,373,C,0.08535809842826257,0.9194655435486929,0.12378924984518322,0.9275722550472336,0.12378924984518322,0.9194655435486929,True
374,1,0.7184365667226601,374,C,0.08535809842826257,0.9194655435486929,0.12378924984518322,0.9275722550472336,0.12378924984518322,0.9194655435486929,True
375,1,0.6102749668852093,375,C,0.08535809842826257,0.9194655435486929,0.12378924984518322,0.9275722550472336,0.12378924984518322,0.9194655435486929,True
376,0,0.09877130385537891,376,C,0.08535809842826257,0.9194655435486929,0.12378924984518322,0.9275722550472336,0.12378924984518322,0.9194655435486929,False
377,1,0.5032148216013882,377,C,0.08535809842826257,0.9194655435486929,0.12378924984518322,0.9275722550472336,0.12378924984518322,0.9194655435486929,True
378,0,0.39027085012691765,378,C,0.08535809842826257,0.9194655435486929,0.12378924984518322,0.9275722550472336,0.12378924984518322,0.9194655435486929,True
379,1,0.30359193344848545,379,C,0.08535809842826257,0.9194655435486929,0.12378924984518322,0.9275722550472336,0.12378924984518322,0.9194655435486929,True
380,1,0.5996970396104968,380,C,0.08535809842826257,0.9194655435486929,0.12378924984518322,0.9275722550472336,0.12378924984518322,0.9194655435486929,True
381,0,0.6158145505518824,381,C,0.08535809842826257,0.9194655435486929,0.12378924984518322,0.9275722550472336,0.12378924984518322,0.9194655435486929,True
382,0,0.6108431170342228,382,C,0.08535809842826257,0.9194655435486929,0.12378924984518322,0.9275722550472336,0.12378924984518322,0.9194655435486929,True
383,0,0.5005266525673447,383,C,0.08535809842826257,0.9194655435486929,0.12378924984518322,0.9275722550472336,0.12378924984518322,0.9194655435486929,True
384,0,0.38125955460082733,384,C,0.08535809842826257,0.9194655435486929,0.12378924984518322,0.9275722550472336,0.12378924984518322,0.9194655435486929,True
385,1,0.8589578501459244,385,C,0.08535809842826257,0.9194655435486929,0.12378924984518322,0.9275722550472336,0.12378924984518322,0.9194655435486929,True
386,1,0.3000837978417299,386,C,0.08535809842826257,0.9194655435486929,0.12378924984518322,0.9275722550472336,0.12378924984518322,0.9194655435486929,True
387,1,0.5157438346362202,387,C,0.08535809842826257,0.9194655435486929,0.12378924984518322,0.9275722550472336,0.12378924984518322,0.9194655435486929,True
388,1,0.8008817888090992,388,C,0.08535809842826257,0.9194655435486929,0.12378924984518322,0.9275722550472336,0.12378924984518322,0.9194655435486929,True
389,0,0.2228662653403524,389,C,0.08535809842826257,0.9194655435486929,0.12378924984518322,0.9275722550472336,0.12378924984518322,0.9194655435486929,True
390,1,0.6037303766874932,390,C,0.08535809842826257,0.9194655435486929,0.12378924984518322,0.9275722550472336,0.12378924984518322,0.9194655435486929,True
391,0,0.43884852737444485,391,C,0.08535809842826257,0.9194655435486929,0.12378924984518322,0.9275722550472336,0.12378924984518322,0.9194655435486929,True
392,0,0.4369276523196891,392,C,0.08535809842826257,0.9194655435486929,0.12378924984518322,0.9275722550472336,0.12378924984518322,0.9194655435486929,True
393,1,0.6716875120628196,393,C,0.08535809842826257,0.9194655435486929,0.12378924984518322,0.9275722550472336,0.12378924984518322,0.9194655435486929,True
394,1,0.8196724312960343,394,C,0.08535809842826257,0.9194655435486929,0.12378924984518322,0.9275722550472336,0.12378924984518322,0.9194655435486929,True
395,0,0.24611412164352556,395,C,0.08535809842826257,0.9194655435486929,0.12378924984518322,0.9275722550472336,0.12378924984518322,0.9194655435486929,True
396,0,0.356218734893232,396,C,0.08535809842826257,0.9194655435486929,0.12378924984518322,0.9275722550472336,0.12378924984518322,0.9194655435486929,True
397,0,0.2778420261339549,397,C,0.08535809842826257,0.9194655435486929,0.12378924984518322,0.9275722550472336,0.12378924984518322,0.9194655435486929,True
398,1,0.3337785064994664,398,C,0.08535809842826257,0.9194655435486929,0.12378924984518322,0.9275722550472336,0.12378924984518322,0.9194655435486929,True
399,1,0.5282099626182899,399,C,0.08535809842826257,0.9194655435486929,0.12378924984518322,0.9275722550472336,0.12378924984518322,0.9194655435486929,True
400,0,0.5109894565797046,400,C,0.08535809842826257,0.9194655435486929,0.12378924984518322,0.9275722550472336,0.12378924984518322,0.9194655435486929,True
401,0,0.11152670358551922,401,C,0.08535809842826257,0.9194655435486929,0.12378924984518322,0.9275722550472336,0.12378924984518322,0.9194655435486929,False
402,0,0.24300467993229105,402,C,0.08535809842826257,0.9194655435486929,0.12378924984518322,0.9275722550472336,0.12378924984518322,0.9194655435486929,True
403,1,0.4941930958461047,403,C,0.08535809842826257,0.9194655435486929,0.12378924984518322,0.9275722550472336,0.12378924984518322,0.9194655435486929,True
404,0,0.5077013990150347,404,C,0.08535809842826257,0.9194655435486929,0.12378924984518322,0.9275722550472336,0.12378924984518322,0.9194655435486929,True
405,0,0.4004970382987453,405,C,0.08535809842826257,0.9194655435486929,0.12378924984518322,0.9275722550472336,0.12378924984518322,0.9194655435486929,True
406,0,0.4365056657447634,406,C,0.08535809842826257,0.9194655435486929,0.12378924984518322,0.9275722550472336,0.12378924984518322,0.9194655435486929,True
407,1,0.7874464858139516,407,C,0.08535809842826257,0.9194655435486929,0.12378924984518322,0.9275722550472336,0.12378924984518322,0.9194655435486929,True
408,1,0.13207157227038685,408,C,0.08535809842826257,0.9194655435486929,0.12378924984518322,0.9275722550472336,0.12378924984518322,0.9194655435486929,True
409,1,0.7146389330074976,409,C,0.08535809842826257,0.9194655435486929,0.12378924984518322,0.9275722550472336,0.12378924984518322,0.9194655435486929,True
410,1,0.45977878770919345,410,C,0.08535809842826257,0.9194655435486929,0.12378924984518322,0.9275722550472336,0.12378924984518322,0.9194655435486929,True
411,0,0.6800027395669601,411,C,0.08535809842826257,0.9194655435486929,0.12378924984518322,0.9275722550472336,0.12378924984518322,0.9194655435486929,True
412,1,0.7403156748262045,412,C,0.08535809842826257,0.9194655435486929,0.12378924984518322,0.9275722550472336,0.12378924984518322,0.9194655435486929,True
413,1,0.286837618632051,413,C,0.08535809842826257,0.9194655435486929,0.12378924984518322,0.9275722550472336,0.12378924984518322,0.9194655435486929,True
414,0,0.3621362234178583,414,C,0.08535809842826257,0.9194655435486929,0.12378924984518322,0.9275722550472336,0.12378924984518322,0.9194655435486929,True
415,0,0.27853657760429895,415,C,0.08535809842826257,0.9194655435486929,0.12378924984518322,0.9275722550472336,0.12378924984518322,0.9194655435486929,True
416,1,0.4256090189522583,416,C,0.08535809842826257,0.9194655435486929,0.12378924984518322,0.9275722550472336,0.12378924984518322,0.9194655435486929,True
417,0,0.39203590197364524,417,C,0.08535809842826257,0.9194655435486929,0.12378924984518322,0.9275722550472336,0.12378924984518322,0.9194655435486929,True
418,1,0.44062600276972574,418,C,0.08535809842826257,0.9194655435486929,0.12378924984518322,0.9275722550472336,0.12378924984518322,0.9194655435486929,True
419,1,0.6404924998584673,419,C,0.08535809842826257,0.9194655435486929,0.12378924984518322,0.9275722550472336,0.12378924984518322,0.9194655435486929,True
420,1,0.6362638500103049,420,C,0.08535809842826257,0.9194655435486929,0.12378924984518322,0.9275722550472336,0.12378924984518322,0.9194655435486929,True
421,1,0.7161886529786888,421,C,0.08535809842826257,0.9194655435486929,0.12378924984518322,0.9275722550472336,0.12378924984518322,0.9194655435486929,True
422,1,0.7806475791361946,422,C,0.08535809842826257,0.9194655435486929,0.12378924984518322,0.9275722550472336,0.12378924984518322,0.9194655435486929,True
423,0,0.3055966967816847,423,C,0.08535809842826257,0.9194655435486929,0.12378924984518322,0.9275722550472336,0.12378924984518322,0.9194655435486929,True
424,1,0.7846576277620603,424,C,0.08535809842826257,0.9194655435486929,0.12378924984518322,0.9275722550472336,0.12378924984518322,0.9194655435486929,True
425,1,0.7711005026350418,425,C,0.08535809842826257,0.9194655435486929,0.12378924984518322,0.9275722550472336,0.12378924984518322,0.9194655435486929,True
426,0,0.3985012428544922,426,C,0.08535809842826257,0.9194655435486929,0.12378924984518322,0.9275722550472336,0.12378924984518322,0.9194655435486929,True
427,0,0.6056077546657888,427,C,0.08535809842826257,0.9194655435486929,0.12378924984518322,0.9275722550472336,0.12378924984518322,0.9194655435486929,True
428,0,0.3484729047595284,428,C,0.08535809842826257,0.9194655435486929,0.12378924984518322,0.9275722550472336,0.12378924984518322,0.9194655435486929,True
429,1,0.3169646584865452,429,C,0.08535809842826257,0.9194655435486929,0.12378924984518322,0.9275722550472336,0.12378924984518322,0.9194655435486929,True
430,1,0.7531560214042746,430,C,0.08535809842826257,0.9194655435486929,0.12378924984518322,0.9275722550472336,0.12378924984518322,0.9194655435486929,True
431,0,0.5079396230423464,431,C,0.08535809842826257,0.9194655435486929,0.12378924984518322,0.9275722550472336,0.12378924984518322,0.9194655435486929,True
432,1,0.5031657527721314,432,C,0.08535809842826257,0.9194655435486929,0.12378924984518322,0.9275722550472336,0.12378924984518322,0.9194655435486929,True
433,0,0.5271299420411848,433,C,0.08535809842826257,0.9194655435486929,0.12378924984518322,0.9275722550472336,0.12378924984518322,0.9194655435486929,True
434,0,0.3838566076807509,434,C,0.08535809842826257,0.9194655435486929,0.12378924984518322,0.9275722550472336,0.12378924984518322,0.9194655435486929,True
435,0,0.9194655435486929,435,C,0.08535809842826257,0.9194655435486929,0.12378924984518322,0.9275722550472336,0.12378924984518322,0.9194655435486929,True
436,1,0.3927081430053702,436,C,0.08535809842826257,0.9194655435486929,0.12378924984518322,0.9275722550472336,0.12378924984518322,0.9194655435486929,True
437,0,0.6164946853554826,437,C,0.08535809842826257,0.9194655435486929,0.12378924984518322,0.9275722550472336,0.12378924984518322,0.9194655435486929,True
438,1,0.668243180353486,438,C,0.08535809842826257,0.9194655435486929,0.12378924984518322,0.9275722550472336,0.12378924984518322,0.9194655435486929,True
439,1,0.34012417489486113,439,C,0.08535809842826257,0.9194655435486929,0.12378924984518322,0.9275722550472336,0.12378924984518322,0.9194655435486929,True
440,0,0.3282915828729443,440,C,0.08535809842826257,0.9194655435486929,0.12378924984518322,0.9275722550472336,0.12378924984518322,0.9194655435486929,True
441,1,0.6350937290686852,441,C,0.08535809842826257,0.9194655435486929,0.12378924984518322,0.9275722550472336,0.12378924984518322,0.9194655435486929,True
442,1,0.4364577308190175,442,C,0.08535809842826257,0.9194655435486929,0.12378924984518322,0.9275722550472336,0.12378924984518322,0.9194655435486929,True
443,1,0.685623027483467,443,C,0.08535809842826257,0.9194655435486929,0.12378924984518322,0.9275722550472336,0.12378924984518322,0.9194655435486929,True
444,0,0.6656314943505519,444,C,0.08535809842826257,0.9194655435486929,0.12378924984518322,0.9275722550472336,0.12378924984518322,0.9194655435486929,True
445,1,0.6074456667234481,445,C,0.08535809842826257,0.9194655435486929,0.12378924984518322,0.9275722550472336,0.12378924984518322,0.9194655435486929,True
446,0,0.1799123075566165,446,C,0.08535809842826257,0.9194655435486929,0.12378924984518322,0.9275722550472336,0.12378924984518322,0.9194655435486929,True
447,1,0.8679681118312432,447,C,0.08535809842826257,0.9194655435486929,0.12378924984518322,0.9275722550472336,0.12378924984518322,0.9194655435486929,True
448,1,0.7680260097700097,448,C,0.08535809842826257,0.9194655435486929,0.12378924984518322,0.9275722550472336,0.12378924984518322,0.9194655435486929,True
449,0,0.27638705030983063,449,C,0.08535809842826257,0.9194655435486929,0.12378924984518322,0.9275722550472336,0.12378924984518322,0.9194655435486929,True
450,0,0.32506079308985764,450,C,0.08535809842826257,0.9194655435486929,0.12378924984518322,0.9275722550472336,0.12378924984518322,0.9194655435486929,True
451,0,0.5745243665449385,451,C,0.08535809842826257,0.9194655435486929,0.12378924984518322,0.9275722550472336,0.12378924984518322,0.9194655435486929,True
452,0,0.2307568773612185,452,C,0.08535809842826257,0.9194655435486929,0.12378924984518322,0.9275722550472336,0.12378924984518322,0.9194655435486929,True
453,0,0.4304861475031621,453,C,0.08535809842826257,0.9194655435486929,0.12378924984518322,0.9275722550472336,0.12378924984518322,0.9194655435486929,True
454,1,0.4615087811765805,454,C,0.08535809842826257,0.9194655435486929,0.12378924984518322,0.9275722550472336,0.12378924984518322,0.9194655435486929,True
455,0,0.704167497192531,455,C,0.08535809842826257,0.9194655435486929,0.12378924984518322,0.9275722550472336,0.12378924984518322,0.9194655435486929,True
456,1,0.7672617922448473,456,C,0.08535809842826257,0.9194655435486929,0.12378924984518322,0.9275722550472336,0.12378924984518322,0.9194655435486929,True
457,1,0.7970970058063351,457,C,0.08535809842826257,0.9194655435486929,0.12378924984518322,0.9275722550472336,0.12378924984518322,0.9194655435486929,True
458,1,0.7089429247856271,458,C,0.08535809842826257,0.9194655435486929,0.12378924984518322,0.9275722550472336,0.12378924984518322,0.9194655435486929,True
459,0,0.38519134403915184,459,C,0.08535809842826257,0.9194655435486929,0.12378924984518322,0.9275722550472336,0.12378924984518322,0.9194655435486929,True
460,1,0.21456404249267363,460,C,0.08535809842826257,0.9194655435486929,0.12378924984518322,0.9275722550472336,0.12378924984518322,0.9194655435486929,True
461,1,0.7869421155111506,461,C,0.08535809842826257,0.9194655435486929,0.12378924984518322,0.9275722550472336,0.12378924984518322,0.9194655435486929,True
462,0,0.5210539440807729,462,C,0.08535809842826257,0.9194655435486929,0.12378924984518322,0.9275722550472336,0.12378924984518322,0.9194655435486929,True
463,0,0.15716848409498194,463,C,0.08535809842826257,0.9194655435486929,0.12378924984518322,0.9275722550472336,0.12378924984518322,0.9194655435486929,True
464,0,0.44752243998798064,464,C,0.08535809842826257,0.9194655435486929,0.12378924984518322,0.9275722550472336,0.12378924984518322,0.9194655435486929,True
465,0,0.5147518217603038,465,C,0.08535809842826257,0.9194655435486929,0.12378924984518322,0.9275722550472336,0.12378924984518322,0.9194655435486929,True
466,1,0.695743378658555,466,C,0.08535809842826257,0.9194655435486929,0.12378924984518322,0.9275722550472336,0.12378924984518322,0.9194655435486929,True
467,1,0.4493829993499785,467,C,0.08535809842826257,0.9194655435486929,0.12378924984518322,0.9275722550472336,0.12378924984518322,0.9194655435486929,True
468,1,0.7035392603676798,468,C,0.08535809842826257,0.9194655435486929,0.12378924984518322,0.9275722550472336,0.12378924984518322,0.9194655435486929,True
469,1,0.42501202593710086,469,C,0.08535809842826257,0.9194655435486929,0.12378924984518322,0.9275722550472336,0.12378924984518322,0.9194655435486929,True
470,1,0.7968481682929952,470,C,0.08535809842826257,0.9194655435486929,0.12378924984518322,0.9275722550472336,0.12378924984518322,0.9194655435486929,True
471,1,0.5297108254216399,471,C,0.08535809842826257,0.9194655435486929,0.12378924984518322,0.9275722550472336,0.12378924984518322,0.9194655435486929,True
472,0,0.6572158230153257,472,C,0.08535809842826257,0.9194655435486929,0.12378924984518322,0.9275722550472336,0.12378924984518322,0.9194655435486929,True
473,0,0.4246433614229558,473,C,0.08535809842826257,0.9194655435486929,0.12378924984518322,0.9275722550472336,0.12378924984518322,0.9194655435486929,True
474,0,0.1756293024089211,474,C,0.08535809842826257,0.9194655435486929,0.12378924984518322,0.9275722550472336,0.12378924984518322,0.9194655435486929,True
475,0,0.38481402635242357,475,C,0.08535809842826257,0.9194655435486929,0.12378924984518322,0.9275722550472336,0.12378924984518322,0.9194655435486929,True
476,0,0.531012467021567,476,C,0.08535809842826257,0.9194655435486929,0.12378924984518322,0.9275722550472336,0.12378924984518322,0.9194655435486929,True
477,0,0.2802225562842461,477,C,0.08535809842826257,0.9194655435486929,0.12378924984518322,0.9275722550472336,0.12378924984518322,0.9194655435486929,True
478,0,0.6852412074495766,478,C,0.08535809842826257,0.9194655435486929,0.12378924984518322,0.9275722550472336,0.12378924984518322,0.9194655435486929,True
479,1,0.862157481893533,479,C,0.08535809842826257,0.9194655435486929,0.12378924984518322,0.9275722550472336,0.12378924984518322,0.9194655435486929,True
480,0,0.425759255339431,480,C,0.08535809842826257,0.9194655435486929,0.12378924984518322,0.9275722550472336,0.12378924984518322,0.9194655435486929,True
481,1,0.7079104403060389,481,C,0.08535809842826257,0.9194655435486929,0.12378924984518322,0.9275722550472336,0.12378924984518322,0.9194655435486929,True
482,0,0.3395060034176956,482,C,0.08535809842826257,0.9194655435486929,0.12378924984518322,0.9275722550472336,0.12378924984518322,0.9194655435486929,True
483,0,0.20375507432203352,483,C,0.08535809842826257,0.9194655435486929,0.12378924984518322,0.9275722550472336,0.12378924984518322,0.9194655435486929,True
484,1,0.43717582293132795,484,C,0.08535809842826257,0.9194655435486929,0.12378924984518322,0.9275722550472336,0.12378924984518322,0.9194655435486929,True
485,0,0.2455608527175384,485,C,0.08535809842826257,0.9194655435486929,0.12378924984518322,0.9275722550472336,0.12378924984518322,0.9194655435486929,True
486,0,0.8116409318922931,486,C,0.08535809842826257,0.9194655435486929,0.12378924984518322,0.9275722550472336,0.12378924984518322,0.9194655435486929,True
487,0,0.6389074386663283,487,C,0.08535809842826257,0.9194655435486929,0.12378924984518322,0.9275722550472336,0.12378924984518322,0.9194655435486929,True
488,1,0.44643887713183944,488,C,0.08535809842826257,0.9194655435486929,0.12378924984518322,0.9275722550472336,0.12378924984518322,0.9194655435486929,True
489,1,0.6549239709526056,489,C,0.08535809842826257,0.9194655435486929,0.12378924984518322,0.9275722550472336,0.12378924984518322,0.9194655435486929,True
490,1,0.5138051043941917,490,C,0.08535809842826257,0.9194655435486929,0.12378924984518322,0.9275722550472336,0.12378924984518322,0.9194655435486929,True
491,0,0.12690063575783778,491,C,0.08535809842826257,0.9194655435486929,0.12378924984518322,0.9275722550472336,0.12378924984518322,0.9194655435486929,True
492,1,0.8787986861782845,492,C,0.08535809842826257,0.9194655435486929,0.12378924984518322,0.9275722550472336,0.12378924984518322,0.9194655435486929,True
493,1,0.7507586836284867,493,C,0.08535809842826257,0.9194655435486929,0.12378924984518322,0.9275722550472336,0.12378924984518322,0.9194655435486929,True
494,0,0.35732532852503635,494,C,0.08535809842826257,0.9194655435486929,0.12378924984518322,0.9275722550472336,0.12378924984518322,0.9194655435486929,True
495,0,0.3124315308441146,495,C,0.08535809842826257,0.9194655435486929,0.12378924984518322,0.9275722550472336,0.12378924984518322,0.9194655435486929,True
496,1,0.5618116453442668,496,C,0.08535809842826257,0.9194655435486929,0.12378924984518322,0.9275722550472336,0.12378924984518322,0.9194655435486929,True
497,0,0.2536468415862383,497,C,0.08535809842826257,0.9194655435486929,0.12378924984518322,0.9275722550472336,0.12378924984518322,0.9194655435486929,True
498,1,0.5513720991594999,498,C,0.08535809842826257,0.9194655435486929,0.12378924984518322,0.9275722550472336,0.12378924984518322,0.9194655435486929,True
499,0,0.35447527892576874,499,C,0.08535809842826257,0.9194655435486929,0.12378924984518322,0.9275722550472336,0.12378924984518322,0.9194655435486929,True
